TaskType_id,Delivery_Dt,Dept_Name,Route_seq,Car_licence,Store_id,Store_Name,Pl_M_Arrive_dt,Ac_Arrive_dt,Im_Arrive_dt,X,Y
12,2024-03-01,瑞芳DC,QCDC,KPD3801,S3001888888,瑞芳ＤＣ,2024-03-01 07:00:00,3/1/2024 7:12:54 AM,,375487.619,2777331.953
12,2024-03-01,瑞芳DC,QC01,KPD3801,1001022801,國立教育店,2024-03-01 07:00:00,3/1/2024 7:57:07 AM,3/1/2024 8:50:00 AM,352509.442,2768574.801
12,2024-03-01,瑞芳DC,QC02,KPD3801,1001021426,敦安店,2024-03-01 07:00:00,3/1/2024 8:08:42 AM,3/1/2024 9:00:00 AM,352915.317,2769742.703
12,2024-03-01,瑞芳DC,QC03,KPD3801,1001016909,和信店,2024-03-01 07:00:00,3/1/2024 8:12:36 AM,3/1/2024 9:05:00 AM,353106.189,2769754.085
12,2024-03-01,瑞芳DC,QC04,KPD3801,1001016838,光復南路店,2024-03-01 07:00:00,3/1/2024 8:20:58 AM,3/1/2024 9:10:00 AM,353691.926,2769865.632
12,2024-03-01,瑞芳DC,QC05,KPD3801,1001023044,忠孝光復店,2024-03-01 07:00:00,3/1/2024 8:30:35 AM,3/1/2024 9:20:00 AM,353530.085,2770524.594
12,2024-03-01,瑞芳DC,QC06,KPD3801,1001022463,國父紀念館店,2024-03-01 07:00:00,3/1/2024 8:41:34 AM,3/1/2024 9:25:00 AM,353625.778,2770310.738
12,2024-03-01,瑞芳DC,QC07,KPD3801,1001018373,光新店,2024-03-01 07:00:00,3/1/2024 8:45:11 AM,3/1/2024 9:30:00 AM,353618.408,2770012.249
12,2024-03-01,瑞芳DC,QC08,KPD3801,1001016473,國泰店,2024-03-01 07:00:00,3/1/2024 8:49:34 AM,3/1/2024 9:35:00 AM,353235.271,2770016.848
12,2024-03-01,瑞芳DC,QC09,KPD3801,1001018206,吉泰店,2024-03-01 07:00:00,3/1/2024 8:56:07 AM,3/1/2024 9:40:00 AM,353352.038,2770063.196
12,2024-03-01,瑞芳DC,QC10,KPD3801,1001021555,義和店,2024-03-01 07:00:00,3/1/2024 8:59:15 AM,3/1/2024 9:45:00 AM,353297.606,2769707.058
12,2024-03-01,瑞芳DC,QC11,KPD3801,1001020523,新貿店,2024-03-01 07:00:00,3/1/2024 9:10:01 AM,3/1/2024 9:50:00 AM,353773.176,2769652.851
12,2024-03-01,瑞芳DC,QC13,KPD3801,1001015953,大道店,2024-03-01 07:00:00,3/1/2024 9:27:03 AM,3/1/2024 10:25:00 AM,356178.662,2770453.011
12,2024-03-01,瑞芳DC,QC15,KPD3801,1001021889,協和店,2024-03-01 07:00:00,3/1/2024 9:33:30 AM,3/1/2024 10:45:00 AM,356254.178,2770680.117
12,2024-03-01,瑞芳DC,QC16,KPD3801,1001022958,新成鑫店,2024-03-01 07:00:00,3/1/2024 9:36:33 AM,3/1/2024 10:50:00 AM,356351.469,2770848.59
12,2024-03-01,瑞芳DC,QC17,KPD3801,1001023074,欣松春店,2024-03-01 07:00:00,3/1/2024 9:56:08 AM,3/1/2024 10:55:00 AM,355713.782,2770721.319
12,2024-03-01,瑞芳DC,QC18,KPD3801,1001022235,忠信店,2024-03-01 07:00:00,3/1/2024 10:00:26 AM,3/1/2024 11:00:00 AM,355453.529,2770499.437
12,2024-03-01,瑞芳DC,QC19,KPD3801,1001023114,厚雅店,2024-03-01 07:00:00,3/1/2024 10:06:26 AM,3/1/2024 11:05:00 AM,354771.066,2770729.386
12,2024-03-01,瑞芳DC,QC20,KPD3801,1001020276,永隆店,2024-03-01 07:00:00,3/1/2024 10:10:19 AM,3/1/2024 11:10:00 AM,354431.669,2770602.111
12,2024-03-01,瑞芳DC,QC21,KPD3801,1001020750,新忠隆店,2024-03-01 07:00:00,3/1/2024 10:10:19 AM,3/1/2024 11:15:00 AM,354622.236,2770581.384
12,2024-03-01,瑞芳DC,QC22,KPD3801,1001020400,聯合店,2024-03-01 07:00:00,3/1/2024 10:21:41 AM,3/1/2024 11:20:00 AM,354249.165,2770650.414
12,2024-03-01,瑞芳DC,QCDC,KPD3801,3001888888,瑞芳ＤＣ,2024-03-01 07:00:00,3/1/2024 11:01:57 AM,3/1/2024 11:54:00 AM,375487.619,2777331.953
12,2024-03-01,瑞芳DC,SCDC,KPD3801,S3001888888,瑞芳ＤＣ,2024-03-01 11:30:00,,,375487.619,2777331.953
12,2024-03-01,瑞芳DC,SC01,KPD3801,1001021611,建南店,2024-03-01 11:30:00,3/1/2024 12:47:12 PM,3/1/2024 2:20:00 PM,351556.26,2770550.268
12,2024-03-01,瑞芳DC,SC02,KPD3801,1001021455,濟南二店,2024-03-01 11:30:00,3/1/2024 1:22:50 PM,3/1/2024 2:25:00 PM,351234.804,2770454.567
12,2024-03-01,瑞芳DC,SC03,KPD3801,1001019674,新北科店,2024-03-01 11:30:00,3/1/2024 1:31:20 PM,3/1/2024 2:30:00 PM,351196.72,2770866.909
12,2024-03-01,瑞芳DC,SC04,KPD3801,1001016573,北科店,2024-03-01 11:30:00,3/1/2024 1:45:23 PM,3/1/2024 2:40:00 PM,351651.361,2770806.472
12,2024-03-01,瑞芳DC,SC05,KPD3801,1001018581,昌隆店,2024-03-01 11:30:00,3/1/2024 1:53:31 PM,3/1/2024 2:45:00 PM,351864.837,2770824.725
12,2024-03-01,瑞芳DC,SC06,KPD3801,1001022950,懷生店,2024-03-01 11:30:00,3/1/2024 2:01:04 PM,3/1/2024 2:50:00 PM,352283.176,2769749.399
12,2024-03-01,瑞芳DC,SC07,KPD3801,1001018902,興忠店,2024-03-01 11:30:00,3/1/2024 2:08:56 PM,3/1/2024 2:55:00 PM,352222.571,2770379.988
12,2024-03-01,瑞芳DC,SC08,KPD3801,1001020914,興仁店,2024-03-01 11:30:00,3/1/2024 2:08:56 PM,3/1/2024 3:00:00 PM,352273.658,2770310.254
12,2024-03-01,瑞芳DC,SC09,KPD3801,1001019760,正興店,2024-03-01 11:30:00,3/1/2024 2:22:32 PM,3/1/2024 3:10:00 PM,351991.937,2770553.905
12,2024-03-01,瑞芳DC,SC10,KPD3801,1001022634,金信店,2024-03-01 11:30:00,3/1/2024 2:33:05 PM,3/1/2024 3:20:00 PM,350610.448,2769744.952
12,2024-03-01,瑞芳DC,SC11,KPD3801,1001022941,新生南路店,2024-03-01 11:30:00,3/1/2024 2:41:08 PM,3/1/2024 3:30:00 PM,351160.973,2769794.003
12,2024-03-01,瑞芳DC,SC12,KPD3801,1001016790,大森店,2024-03-01 11:30:00,3/1/2024 2:46:41 PM,3/1/2024 3:35:00 PM,351469.953,2769777.842
12,2024-03-01,瑞芳DC,SC13,KPD3801,1001014695,信美店,2024-03-01 11:30:00,3/1/2024 2:53:51 PM,3/1/2024 3:40:00 PM,351794.203,2769640.301
12,2024-03-01,瑞芳DC,SC14,KPD3801,1001022593,義興店,2024-03-01 11:30:00,3/1/2024 3:00:53 PM,3/1/2024 3:45:00 PM,352286.322,2769692.886
12,2024-03-01,瑞芳DC,SC15,KPD3801,1001019160,復豐店,2024-03-01 11:30:00,3/1/2024 3:06:07 PM,3/1/2024 3:50:00 PM,352283.176,2769749.399
12,2024-03-01,瑞芳DC,SC16,KPD3801,1001021762,復豪店,2024-03-01 11:30:00,3/1/2024 3:16:35 PM,3/1/2024 3:55:00 PM,352203.26,2769881.517
12,2024-03-01,瑞芳DC,SC17,KPD3801,1001018052,興南店,2024-03-01 11:30:00,3/1/2024 3:00:53 PM,3/1/2024 4:00:00 PM,352204.549,2769621.491
12,2024-03-01,瑞芳DC,SC18,KPD3801,1001022101,建國店,2024-03-01 11:30:00,3/1/2024 3:26:29 PM,3/1/2024 4:05:00 PM,351784.629,2769158.849
12,2024-03-01,瑞芳DC,SC19,KPD3801,1001023184,瑞和店,2024-03-01 11:30:00,3/1/2024 3:33:58 PM,3/1/2024 4:10:00 PM,352028.091,2768917.38
12,2024-03-01,瑞芳DC,SC20,KPD3801,1001015818,興和店,2024-03-01 11:30:00,3/1/2024 3:38:54 PM,3/1/2024 4:20:00 PM,352243.073,2769110.59
12,2024-03-01,瑞芳DC,SC21,KPD3801,1001020399,義安店,2024-03-01 11:30:00,3/1/2024 3:47:18 PM,3/1/2024 4:25:00 PM,352631.846,2769633.57
12,2024-03-01,瑞芳DC,SC22,KPD3801,1001017768,安賢店,2024-03-01 11:30:00,3/1/2024 3:58:07 PM,3/1/2024 4:30:00 PM,352649.68,2769088.091
12,2024-03-01,瑞芳DC,SC23,KPD3801,1001017877,新遠企店,2024-03-01 11:30:00,3/1/2024 4:05:35 PM,3/1/2024 4:35:00 PM,352783.829,2768810.802
12,2024-03-01,瑞芳DC,SC24,KPD3801,1001023043,樂和店,2024-03-01 11:30:00,3/1/2024 4:13:26 PM,3/1/2024 4:40:00 PM,352888.386,2769095.612
12,2024-03-01,瑞芳DC,SC25,KPD3801,1001019051,敦鼎店,2024-03-01 11:30:00,3/1/2024 4:18:07 PM,3/1/2024 4:45:00 PM,352788.546,2769309.396
12,2024-03-01,瑞芳DC,SC26,KPD3801,1001018055,東方店,2024-03-01 11:30:00,3/1/2024 4:24:20 PM,3/1/2024 4:50:00 PM,353046.593,2769570.631
12,2024-03-01,瑞芳DC,SC27,KPD3801,1001020211,通昌店,2024-03-01 11:30:00,3/1/2024 4:31:05 PM,3/1/2024 5:00:00 PM,353203.619,2769567.822
12,2024-03-01,瑞芳DC,SCDC,KPD3801,3001888888,瑞芳ＤＣ,2024-03-01 11:30:00,3/1/2024 5:46:08 PM,3/1/2024 5:40:00 PM,375487.619,2777331.953
12,2024-03-02,瑞芳DC,QKDC,KPD3801,S3001888888,瑞芳ＤＣ,2024-03-02 06:30:00,,,375487.619,2777331.953
12,2024-03-02,瑞芳DC,QK01,KPD3801,1001020010,汐止新遠雄店,2024-03-02 06:30:00,3/2/2024 7:58:32 AM,3/2/2024 8:45:00 AM,362796.904,2772712.391
12,2024-03-02,瑞芳DC,QK02,KPD3801,1001020011,新遠雄二店,2024-03-02 06:30:00,3/2/2024 7:58:32 AM,3/2/2024 8:45:00 AM,363005.79,2772692.937
12,2024-03-02,瑞芳DC,QK03,KPD3801,1001023131,汐止東科店,2024-03-02 06:30:00,3/2/2024 8:18:59 AM,3/2/2024 9:15:00 AM,362828.16,2772568.134
12,2024-03-02,瑞芳DC,QK04,KPD3801,1001022615,汐止宏碁店,2024-03-02 06:30:00,,3/2/2024 9:15:00 AM,362720.773,2772595.358
12,2024-03-02,瑞芳DC,QK05,KPD3801,1001018092,汐止連新店,2024-03-02 06:30:00,3/2/2024 8:33:54 AM,3/2/2024 9:30:00 AM,363355.409,2772772.09
12,2024-03-02,瑞芳DC,QK06,KPD3801,1001020638,汐止桂冠店,2024-03-02 06:30:00,3/2/2024 8:41:20 AM,3/2/2024 9:40:00 AM,363482.484,2772193.684
12,2024-03-02,瑞芳DC,QK07,KPD3801,1001021894,汐止莊敬店,2024-03-02 06:30:00,3/2/2024 8:50:23 AM,3/2/2024 9:45:00 AM,363447.602,2772592.781
12,2024-03-02,瑞芳DC,QK08,KPD3801,1001021210,汐止興莊店,2024-03-02 06:30:00,3/2/2024 8:53:42 AM,3/2/2024 9:50:00 AM,363698.259,2772676.085
12,2024-03-02,瑞芳DC,QK09,KPD3801,1001018583,汐止青山店,2024-03-02 06:30:00,3/2/2024 8:57:13 AM,3/2/2024 9:55:00 AM,363595.241,2772835.23
12,2024-03-02,瑞芳DC,QK10,KPD3801,1001014806,汐止福全店,2024-03-02 06:30:00,3/2/2024 9:07:08 AM,3/2/2024 10:00:00 AM,364382.933,2773027.092
12,2024-03-02,瑞芳DC,QK11,KPD3801,1001022583,汐止秀峰店,2024-03-02 06:30:00,3/2/2024 9:10:52 AM,3/2/2024 10:10:00 AM,364252.154,2773250.227
12,2024-03-02,瑞芳DC,QK12,KPD3801,1001016496,汐止新忠孝店,2024-03-02 06:30:00,3/2/2024 9:15:04 AM,3/2/2024 10:15:00 AM,364330.567,2773335.612
12,2024-03-02,瑞芳DC,QK13,KPD3801,1001016049,汐止橋東店,2024-03-02 06:30:00,3/2/2024 9:20:18 AM,3/2/2024 10:20:00 AM,364619.3,2773710.454
12,2024-03-02,瑞芳DC,QK14,KPD3801,1001020318,汐止站前店,2024-03-02 06:30:00,3/2/2024 9:15:04 AM,3/2/2024 10:25:00 AM,364316.586,2773426.563
12,2024-03-02,瑞芳DC,QK15,KPD3801,1001019910,汐止新興店,2024-03-02 06:30:00,3/2/2024 9:31:13 AM,3/2/2024 10:30:00 AM,363675.229,2773018.531
12,2024-03-02,瑞芳DC,QK16,KPD3801,1001019648,汐止興龍店,2024-03-02 06:30:00,3/2/2024 9:36:21 AM,3/2/2024 10:35:00 AM,363464.312,2772918.662
12,2024-03-02,瑞芳DC,QK17,KPD3801,1001022029,汐止龍安店,2024-03-02 06:30:00,3/2/2024 9:39:05 AM,3/2/2024 10:40:00 AM,363391.37,2772906.296
12,2024-03-02,瑞芳DC,QK19,KPD3801,1001022417,汐止興萬店,2024-03-02 06:30:00,3/2/2024 9:49:39 AM,3/2/2024 10:50:00 AM,362997.855,2774484.337
12,2024-03-02,瑞芳DC,QK20,KPD3801,1001019501,汐止祥雲店,2024-03-02 06:30:00,3/2/2024 9:57:46 AM,3/2/2024 10:55:00 AM,362604.246,2775807.436
12,2024-03-02,瑞芳DC,QK21,KPD3801,1001020718,汐止伯爵店,2024-03-02 06:30:00,3/2/2024 10:06:45 AM,3/2/2024 11:00:00 AM,361839.735,2774798.547
12,2024-03-02,瑞芳DC,QK22,KPD3801,1001018859,汐止日月光店,2024-03-02 06:30:00,3/2/2024 10:13:14 AM,3/2/2024 11:05:00 AM,361829.121,2774003.438
12,2024-03-02,瑞芳DC,QK23,KPD3801,1001021794,汐止東城店,2024-03-02 06:30:00,3/2/2024 10:21:27 AM,3/2/2024 11:10:00 AM,361138.617,2773526.57
12,2024-03-02,瑞芳DC,QK24,KPD3801,1001021490,汐止湖前店,2024-03-02 06:30:00,3/2/2024 10:18:24 AM,3/2/2024 11:15:00 AM,361174.558,2773645.829
12,2024-03-02,瑞芳DC,QK25,KPD3801,1001016217,汐止新水蓮店,2024-03-02 06:30:00,3/2/2024 10:27:49 AM,3/2/2024 11:20:00 AM,361255.457,2774325.112
12,2024-03-02,瑞芳DC,QK26,KPD3801,1001022795,汐止鑫峰店,2024-03-02 06:30:00,3/2/2024 10:38:26 AM,3/2/2024 11:25:00 AM,360906.741,2773698.995
12,2024-03-02,瑞芳DC,QK27,KPD3801,1001021630,汐止金龍店,2024-03-02 06:30:00,3/2/2024 10:41:15 AM,3/2/2024 11:30:00 AM,360795.091,2773618.052
12,2024-03-02,瑞芳DC,QKDC,KPD3801,3001888888,瑞芳ＤＣ,2024-03-02 06:30:00,3/2/2024 11:13:05 AM,3/2/2024 11:54:00 AM,375487.619,2777331.953
12,2024-03-02,瑞芳DC,SKDC,KPD3801,S3001888888,瑞芳ＤＣ,2024-03-02 11:30:00,,,375487.619,2777331.953
12,2024-03-02,瑞芳DC,SK01,KPD3801,1001021128,二繽店,2024-03-02 11:30:00,3/2/2024 1:24:47 PM,3/2/2024 2:20:00 PM,353157.814,2767470.286
12,2024-03-02,瑞芳DC,SK02,KPD3801,1001022905,安居店,2024-03-02 11:30:00,3/2/2024 1:35:10 PM,3/2/2024 2:30:00 PM,353196.183,2768147.371
12,2024-03-02,瑞芳DC,SK03,KPD3801,1001022130,六張黎店,2024-03-02 11:30:00,3/2/2024 1:42:03 PM,3/2/2024 2:35:00 PM,353625.173,2768163.597
12,2024-03-02,瑞芳DC,SK04,KPD3801,1001015668,崇德店,2024-03-02 11:30:00,3/2/2024 1:46:53 PM,3/2/2024 2:40:00 PM,353256.755,2768675.273
12,2024-03-02,瑞芳DC,SK05,KPD3801,1001021166,財盛店,2024-03-02 11:30:00,3/2/2024 1:54:15 PM,3/2/2024 2:50:00 PM,353591.146,2769141.638
12,2024-03-02,瑞芳DC,SK06,KPD3801,1001020063,臨江店,2024-03-02 11:30:00,3/2/2024 1:56:53 PM,3/2/2024 2:55:00 PM,353567.02,2769220.549
12,2024-03-02,瑞芳DC,SK07,KPD3801,1001019961,通和店,2024-03-02 11:30:00,3/2/2024 2:07:39 PM,3/2/2024 3:00:00 PM,353207.017,2769329.574
12,2024-03-02,瑞芳DC,SK08,KPD3801,1001022483,成功店,2024-03-02 11:30:00,3/2/2024 2:15:20 PM,3/2/2024 3:10:00 PM,352368.328,2768818.86
12,2024-03-02,瑞芳DC,SK09,KPD3801,1001014395,和復店,2024-03-02 11:30:00,3/2/2024 2:20:39 PM,3/2/2024 3:15:00 PM,352255.015,2768743.074
12,2024-03-02,瑞芳DC,SK10,KPD3801,1001019500,泰順店,2024-03-02 11:30:00,3/2/2024 2:26:53 PM,3/2/2024 3:20:00 PM,350991.257,2768793.386
12,2024-03-02,瑞芳DC,SK11,KPD3801,1001018080,和新店,2024-03-02 11:30:00,3/2/2024 2:33:25 PM,3/2/2024 3:25:00 PM,351481.812,2768825.945
12,2024-03-02,瑞芳DC,SK12,KPD3801,1001021296,辛亥店,2024-03-02 11:30:00,3/2/2024 2:42:01 PM,3/2/2024 3:30:00 PM,351975.979,2768412.816
12,2024-03-02,瑞芳DC,SK13,KPD3801,1001018665,和東店,2024-03-02 11:30:00,3/2/2024 2:45:35 PM,3/2/2024 3:35:00 PM,352034.904,2768742.286
12,2024-03-02,瑞芳DC,SK14,KPD3801,1001021968,和茂店,2024-03-02 11:30:00,3/2/2024 2:49:07 PM,3/2/2024 3:40:00 PM,352680.748,2768673.472
12,2024-03-02,瑞芳DC,SK15,KPD3801,1001021961,台興店,2024-03-02 11:30:00,3/2/2024 2:59:05 PM,3/2/2024 3:50:00 PM,352388.954,2767729.537
12,2024-03-02,瑞芳DC,SK16,KPD3801,1001018658,台科店,2024-03-02 11:30:00,3/2/2024 3:08:39 PM,3/2/2024 3:55:00 PM,351950.791,2767305.575
12,2024-03-02,瑞芳DC,SK21,KPD3801,1001022122,羅騰店,2024-03-02 11:30:00,3/2/2024 3:32:49 PM,3/2/2024 4:35:00 PM,350909.017,2768097.824
12,2024-03-02,瑞芳DC,SK22,KPD3801,1001022338,台新店,2024-03-02 11:30:00,3/2/2024 3:40:35 PM,3/2/2024 4:40:00 PM,351191.46,2768084.417
12,2024-03-02,瑞芳DC,SK23,KPD3801,1001022413,師大店,2024-03-02 11:30:00,3/2/2024 3:47:56 PM,3/2/2024 4:45:00 PM,350704.452,2768588.015
12,2024-03-02,瑞芳DC,SK24,KPD3801,1001022012,台師店,2024-03-02 11:30:00,3/2/2024 3:52:25 PM,3/2/2024 4:50:00 PM,350546.342,2768838.36
12,2024-03-02,瑞芳DC,SK25,KPD3801,1001020660,古亭店,2024-03-02 11:30:00,3/2/2024 3:57:16 PM,3/2/2024 4:55:00 PM,350297.202,2768734.515
12,2024-03-02,瑞芳DC,SK26,KPD3801,1001022951,羅中店,2024-03-02 11:30:00,3/2/2024 4:01:57 PM,3/2/2024 5:00:00 PM,350039.07,2769117.415
12,2024-03-02,瑞芳DC,SK27,KPD3801,1001022990,潮州店,2024-03-02 11:30:00,3/2/2024 4:05:03 PM,3/2/2024 5:00:00 PM,350284.789,2769228.205
12,2024-03-02,瑞芳DC,SKDC,KPD3801,3001888888,瑞芳ＤＣ,2024-03-02 11:30:00,3/2/2024 4:52:02 PM,3/2/2024 5:35:00 PM,375487.619,2777331.953
12,2024-03-04,瑞芳DC,QCDC,KPD3801,S3001888888,瑞芳ＤＣ,2024-03-04 07:00:00,,,375487.619,2777331.953
12,2024-03-04,瑞芳DC,QC01,KPD3801,1001022801,國立教育店,2024-03-04 07:00:00,3/4/2024 7:45:11 AM,3/4/2024 8:50:00 AM,352509.442,2768574.801
12,2024-03-04,瑞芳DC,QC02,KPD3801,1001021426,敦安店,2024-03-04 07:00:00,3/4/2024 8:05:30 AM,3/4/2024 9:00:00 AM,352915.317,2769742.703
12,2024-03-04,瑞芳DC,QC03,KPD3801,1001016909,和信店,2024-03-04 07:00:00,3/4/2024 8:11:07 AM,3/4/2024 9:05:00 AM,353106.189,2769754.085
12,2024-03-04,瑞芳DC,QC04,KPD3801,1001016838,光復南路店,2024-03-04 07:00:00,3/4/2024 8:24:24 AM,3/4/2024 9:10:00 AM,353691.926,2769865.632
12,2024-03-04,瑞芳DC,QC05,KPD3801,1001023044,忠孝光復店,2024-03-04 07:00:00,3/4/2024 8:34:59 AM,3/4/2024 9:20:00 AM,353530.085,2770524.594
12,2024-03-04,瑞芳DC,QC06,KPD3801,1001022463,國父紀念館店,2024-03-04 07:00:00,3/4/2024 8:44:56 AM,3/4/2024 9:25:00 AM,353625.778,2770310.738
12,2024-03-04,瑞芳DC,QC07,KPD3801,1001018373,光新店,2024-03-04 07:00:00,3/4/2024 8:49:01 AM,3/4/2024 9:30:00 AM,353618.408,2770012.249
12,2024-03-04,瑞芳DC,QC08,KPD3801,1001016473,國泰店,2024-03-04 07:00:00,3/4/2024 8:53:42 AM,3/4/2024 9:35:00 AM,353235.271,2770016.848
12,2024-03-04,瑞芳DC,QC09,KPD3801,1001018206,吉泰店,2024-03-04 07:00:00,,3/4/2024 9:40:00 AM,353352.038,2770063.196
12,2024-03-04,瑞芳DC,QC10,KPD3801,1001021555,義和店,2024-03-04 07:00:00,3/4/2024 9:05:54 AM,3/4/2024 9:45:00 AM,353297.606,2769707.058
12,2024-03-04,瑞芳DC,QC11,KPD3801,1001020523,新貿店,2024-03-04 07:00:00,3/4/2024 9:13:35 AM,3/4/2024 9:50:00 AM,353773.176,2769652.851
12,2024-03-04,瑞芳DC,QC12,KPD3801,1001018449,南山廣場店,2024-03-04 07:00:00,3/4/2024 9:28:12 AM,3/4/2024 10:00:00 AM,354609.693,2769765.502
12,2024-03-04,瑞芳DC,QC13,KPD3801,1001015953,大道店,2024-03-04 07:00:00,3/4/2024 9:56:29 AM,3/4/2024 10:25:00 AM,356178.662,2770453.011
12,2024-03-04,瑞芳DC,QC15,KPD3801,1001021889,協和店,2024-03-04 07:00:00,3/4/2024 10:02:09 AM,3/4/2024 10:45:00 AM,356254.178,2770680.117
12,2024-03-04,瑞芳DC,QC16,KPD3801,1001022958,新成鑫店,2024-03-04 07:00:00,3/4/2024 10:05:59 AM,3/4/2024 10:50:00 AM,356351.469,2770848.59
12,2024-03-04,瑞芳DC,QC17,KPD3801,1001023074,欣松春店,2024-03-04 07:00:00,3/4/2024 10:14:48 AM,3/4/2024 10:55:00 AM,355713.782,2770721.319
12,2024-03-04,瑞芳DC,QC18,KPD3801,1001022235,忠信店,2024-03-04 07:00:00,3/4/2024 10:21:25 AM,3/4/2024 11:00:00 AM,355453.529,2770499.437
12,2024-03-04,瑞芳DC,QC19,KPD3801,1001023114,厚雅店,2024-03-04 07:00:00,3/4/2024 10:28:05 AM,3/4/2024 11:05:00 AM,354771.066,2770729.386
12,2024-03-04,瑞芳DC,QC20,KPD3801,1001020276,永隆店,2024-03-04 07:00:00,3/4/2024 10:32:08 AM,3/4/2024 11:10:00 AM,354431.669,2770602.111
12,2024-03-04,瑞芳DC,QC21,KPD3801,1001020750,新忠隆店,2024-03-04 07:00:00,3/4/2024 10:32:08 AM,3/4/2024 11:15:00 AM,354622.236,2770581.384
12,2024-03-04,瑞芳DC,QC22,KPD3801,1001020400,聯合店,2024-03-04 07:00:00,3/4/2024 10:41:25 AM,3/4/2024 11:20:00 AM,354249.165,2770650.414
12,2024-03-04,瑞芳DC,QCDC,KPD3801,3001888888,瑞芳ＤＣ,2024-03-04 07:00:00,3/4/2024 11:23:38 AM,3/4/2024 11:54:00 AM,375487.619,2777331.953
12,2024-03-04,瑞芳DC,SCDC,KPD3801,S3001888888,瑞芳ＤＣ,2024-03-04 11:30:00,,,375487.619,2777331.953
12,2024-03-04,瑞芳DC,SC01,KPD3801,1001021611,建南店,2024-03-04 11:30:00,3/4/2024 1:01:41 PM,3/4/2024 2:00:00 PM,351556.26,2770550.268
12,2024-03-04,瑞芳DC,SC02,KPD3801,1001021455,濟南二店,2024-03-04 11:30:00,3/4/2024 1:07:58 PM,3/4/2024 2:05:00 PM,351234.804,2770454.567
12,2024-03-04,瑞芳DC,SC03,KPD3801,1001019674,新北科店,2024-03-04 11:30:00,3/4/2024 1:16:27 PM,3/4/2024 2:10:00 PM,351196.72,2770866.909
12,2024-03-04,瑞芳DC,SC04,KPD3801,1001016573,北科店,2024-03-04 11:30:00,3/4/2024 1:28:28 PM,3/4/2024 2:20:00 PM,351651.361,2770806.472
12,2024-03-04,瑞芳DC,SC05,KPD3801,1001018581,昌隆店,2024-03-04 11:30:00,3/4/2024 1:37:05 PM,3/4/2024 2:25:00 PM,351864.837,2770824.725
12,2024-03-04,瑞芳DC,SC06,KPD3801,1001022950,懷生店,2024-03-04 11:30:00,3/4/2024 1:40:41 PM,3/4/2024 2:30:00 PM,352283.176,2769749.399
12,2024-03-04,瑞芳DC,SC07,KPD3801,1001018902,興忠店,2024-03-04 11:30:00,3/4/2024 1:47:24 PM,3/4/2024 2:35:00 PM,352222.571,2770379.988
12,2024-03-04,瑞芳DC,SC08,KPD3801,1001020914,興仁店,2024-03-04 11:30:00,3/4/2024 1:53:53 PM,3/4/2024 2:40:00 PM,352273.658,2770310.254
12,2024-03-04,瑞芳DC,SC09,KPD3801,1001019760,正興店,2024-03-04 11:30:00,3/4/2024 2:01:01 PM,3/4/2024 2:50:00 PM,351991.937,2770553.905
12,2024-03-04,瑞芳DC,SC10,KPD3801,1001022634,金信店,2024-03-04 11:30:00,3/4/2024 2:13:03 PM,3/4/2024 3:00:00 PM,350610.448,2769744.952
12,2024-03-04,瑞芳DC,SC11,KPD3801,1001022941,新生南路店,2024-03-04 11:30:00,3/4/2024 2:21:06 PM,3/4/2024 3:10:00 PM,351160.973,2769794.003
12,2024-03-04,瑞芳DC,SC12,KPD3801,1001016790,大森店,2024-03-04 11:30:00,3/4/2024 2:26:44 PM,3/4/2024 3:15:00 PM,351469.953,2769777.842
12,2024-03-04,瑞芳DC,SC13,KPD3801,1001014695,信美店,2024-03-04 11:30:00,3/4/2024 2:34:04 PM,3/4/2024 3:20:00 PM,351794.203,2769640.301
12,2024-03-04,瑞芳DC,SC14,KPD3801,1001022593,義興店,2024-03-04 11:30:00,3/4/2024 2:40:34 PM,3/4/2024 3:25:00 PM,352286.322,2769692.886
12,2024-03-04,瑞芳DC,SC15,KPD3801,1001019160,復豐店,2024-03-04 11:30:00,3/4/2024 2:45:16 PM,3/4/2024 3:30:00 PM,352283.176,2769749.399
12,2024-03-04,瑞芳DC,SC16,KPD3801,1001021762,復豪店,2024-03-04 11:30:00,3/4/2024 2:53:29 PM,3/4/2024 3:35:00 PM,352203.26,2769881.517
12,2024-03-04,瑞芳DC,SC17,KPD3801,1001018052,興南店,2024-03-04 11:30:00,3/4/2024 2:40:34 PM,3/4/2024 3:40:00 PM,352204.549,2769621.491
12,2024-03-04,瑞芳DC,SC18,KPD3801,1001022101,建國店,2024-03-04 11:30:00,3/4/2024 3:03:43 PM,3/4/2024 3:45:00 PM,351784.629,2769158.849
12,2024-03-04,瑞芳DC,SC19,KPD3801,1001023184,瑞和店,2024-03-04 11:30:00,3/4/2024 3:10:09 PM,3/4/2024 3:50:00 PM,352028.091,2768917.38
12,2024-03-04,瑞芳DC,SCDC,KPD3801,3001888888,瑞芳ＤＣ,2024-03-04 11:30:00,3/4/2024 3:51:30 PM,3/4/2024 5:16:00 PM,375487.619,2777331.953
03,2024-03-05,瑞芳DC,106DC,KPD3801,S3001888888,瑞芳ＤＣ,2024-03-05 11:00:00,,,375487.619,2777331.953
03,2024-03-05,瑞芳DC,GL03,KPD3801,1001015818,興和店,2024-03-05 11:00:00,3/5/2024 12:59:42 PM,3/5/2024 1:50:00 PM,352243.073,2769110.59
03,2024-03-05,瑞芳DC,GL04,KPD3801,1001020399,義安店,2024-03-05 11:00:00,3/5/2024 1:31:14 PM,3/5/2024 1:50:00 PM,352631.846,2769633.57
03,2024-03-05,瑞芳DC,GP05,KPD3801,1001020914,興仁店,2024-03-05 11:00:00,3/5/2024 1:09:53 PM,3/5/2024 2:00:00 PM,352273.658,2770310.254
03,2024-03-05,瑞芳DC,GP06,KPD3801,1001018902,興忠店,2024-03-05 11:00:00,3/5/2024 1:09:53 PM,3/5/2024 2:05:00 PM,352222.571,2770379.988
03,2024-03-05,瑞芳DC,GI09,KPD3801,1001019527,木興店,2024-03-05 11:00:00,3/5/2024 2:00:24 PM,3/5/2024 2:30:00 PM,353719.022,2764701.335
03,2024-03-05,瑞芳DC,GI10,KPD3801,1001015729,順輝店,2024-03-05 11:00:00,3/5/2024 2:07:59 PM,3/5/2024 2:40:00 PM,353335.657,2764465.421
03,2024-03-05,瑞芳DC,GI11,KPD3801,1001021400,試院店,2024-03-05 11:00:00,3/5/2024 2:15:48 PM,3/5/2024 2:50:00 PM,352557.853,2764552.651
03,2024-03-05,瑞芳DC,GI12,KPD3801,1001017245,大順店,2024-03-05 11:00:00,3/5/2024 2:27:33 PM,3/5/2024 3:00:00 PM,353880.252,2764239.064
03,2024-03-05,瑞芳DC,GH12,KPD3801,1001020149,新店忠誠店,2024-03-05 11:00:00,3/5/2024 2:40:16 PM,3/5/2024 3:10:00 PM,352074.194,2763209.896
03,2024-03-05,瑞芳DC,GH13,KPD3801,1001023364,新店七張站店,2024-03-05 11:00:00,3/5/2024 2:40:16 PM,3/5/2024 3:20:00 PM,352115.472,2763233.821
03,2024-03-05,瑞芳DC,106DC,KPD3801,3001888888,瑞芳ＤＣ,2024-03-05 11:00:00,3/5/2024 4:21:42 PM,3/5/2024 4:41:00 PM,375487.619,2777331.953
04,2024-03-06,瑞芳DC,902DC,KPD3801,S3001888888,瑞芳ＤＣ,2024-03-06 13:10:00,,,375487.619,2777331.953
04,2024-03-06,瑞芳DC,,KPD3801,3001110002,專車,2024-03-06 13:10:00,,3/6/2024 11:00:00 AM,,
04,2024-03-06,瑞芳DC,902DC,KPD3801,3001888888,瑞芳ＤＣ,2024-03-06 13:10:00,,3/6/2024 11:09:00 AM,375487.619,2777331.953
12,2024-03-06,瑞芳DC,101DC,KPD3801,S3001888888,瑞芳ＤＣ,2024-03-06 07:58:00,,,375487.619,2777331.953
12,2024-03-06,瑞芳DC,QC02,KPD3801,1001021426,敦安店,2024-03-06 07:58:00,,3/6/2024 9:00:00 AM,352915.317,2769742.703
12,2024-03-06,瑞芳DC,101DC,KPD3801,3001888888,瑞芳ＤＣ,2024-03-06 07:58:00,,3/6/2024 9:37:00 AM,375487.619,2777331.953
12,2024-03-06,瑞芳DC,QIDC,KPD3801,S3001888888,瑞芳ＤＣ,2024-03-06 06:00:00,,,375487.619,2777331.953
12,2024-03-06,瑞芳DC,QI01,KPD3801,1001019598,護校店,2024-03-06 06:00:00,3/6/2024 7:51:58 AM,3/6/2024 9:00:00 AM,358933.83,2774270.102
12,2024-03-06,瑞芳DC,QI02,KPD3801,1001020316,大聯大店,2024-03-06 06:00:00,3/6/2024 8:18:23 AM,3/6/2024 9:15:00 AM,359577.769,2772643.287
12,2024-03-06,瑞芳DC,QI03,KPD3801,1001020998,港忠店,2024-03-06 06:00:00,3/6/2024 8:30:59 AM,3/6/2024 9:25:00 AM,359553.863,2771808.725
12,2024-03-06,瑞芳DC,QI04,KPD3801,1001022962,南港生技店,2024-03-06 06:00:00,3/6/2024 8:36:57 AM,3/6/2024 9:30:00 AM,358943.324,2771694.453
12,2024-03-06,瑞芳DC,QI05,KPD3801,1001019031,中研店,2024-03-06 06:00:00,3/6/2024 8:47:14 AM,3/6/2024 9:35:00 AM,359343.914,2771189.961
12,2024-03-06,瑞芳DC,QI06,KPD3801,1001019502,研究院店,2024-03-06 06:00:00,3/6/2024 8:51:13 AM,3/6/2024 9:40:00 AM,359449.734,2770984.432
12,2024-03-06,瑞芳DC,QI07,KPD3801,1001020368,新莊研店,2024-03-06 06:00:00,3/6/2024 9:08:34 AM,3/6/2024 9:50:00 AM,360073.962,2770265.899
12,2024-03-06,瑞芳DC,QI08,KPD3801,1001022898,汐止鑫宜興店,2024-03-06 06:00:00,3/6/2024 9:12:30 AM,3/6/2024 9:55:00 AM,360091.053,2770502.424
12,2024-03-06,瑞芳DC,QI09,KPD3801,1001015973,國興店,2024-03-06 06:00:00,3/6/2024 9:15:23 AM,3/6/2024 10:00:00 AM,359837.984,2770670.794
12,2024-03-06,瑞芳DC,QI10,KPD3801,1001021880,胡適店,2024-03-06 06:00:00,3/6/2024 9:18:46 AM,3/6/2024 10:05:00 AM,359766.303,2770586.98
12,2024-03-06,瑞芳DC,QI11,KPD3801,1001020924,汐止橫科店,2024-03-06 06:00:00,3/6/2024 9:22:07 AM,3/6/2024 10:15:00 AM,359867.032,2771266.72
12,2024-03-06,瑞芳DC,QI12,KPD3801,1001023694,汐止力行店,2024-03-06 06:00:00,3/6/2024 9:28:47 AM,3/6/2024 10:20:00 AM,359694.885,2771578.569
12,2024-03-06,瑞芳DC,QI13,KPD3801,1001022562,富康店,2024-03-06 06:00:00,3/6/2024 9:36:40 AM,3/6/2024 10:25:00 AM,359648.525,2771656.842
12,2024-03-06,瑞芳DC,QI14,KPD3801,1001022616,汐止南陽店,2024-03-06 06:00:00,3/6/2024 9:45:25 AM,3/6/2024 10:35:00 AM,360534.606,2772384.79
12,2024-03-06,瑞芳DC,QI15,KPD3801,1001018898,汐止導航店,2024-03-06 06:00:00,3/6/2024 9:54:33 AM,3/6/2024 10:45:00 AM,362004.602,2772742.92
12,2024-03-06,瑞芳DC,QI16,KPD3801,1001022751,汐止樟興店,2024-03-06 06:00:00,3/6/2024 10:02:03 AM,3/6/2024 10:50:00 AM,362184.599,2772777.308
12,2024-03-06,瑞芳DC,QI17,KPD3801,1001018981,汐止樟中店,2024-03-06 06:00:00,3/6/2024 10:06:04 AM,3/6/2024 10:55:00 AM,362194.011,2773057.462
12,2024-03-06,瑞芳DC,QI18,KPD3801,1001021070,汐止忠樹店,2024-03-06 06:00:00,3/6/2024 10:06:04 AM,3/6/2024 11:00:00 AM,362040.911,2772995.745
12,2024-03-06,瑞芳DC,QI19,KPD3801,1001021010,汐止樟福店,2024-03-06 06:00:00,3/6/2024 10:13:59 AM,3/6/2024 11:05:00 AM,362239.808,2773214.738
12,2024-03-06,瑞芳DC,QI20,KPD3801,1001021797,汐止新樹店,2024-03-06 06:00:00,3/6/2024 10:18:02 AM,3/6/2024 11:15:00 AM,362100.018,2773540.519
12,2024-03-06,瑞芳DC,QI21,KPD3801,1001021512,汐止福德店,2024-03-06 06:00:00,3/6/2024 10:26:34 AM,3/6/2024 11:20:00 AM,361739.111,2773587.571
12,2024-03-06,瑞芳DC,QI22,KPD3801,1001017788,汐止福旺店,2024-03-06 06:00:00,3/6/2024 10:29:28 AM,3/6/2024 11:25:00 AM,361779.714,2773416.123
12,2024-03-06,瑞芳DC,QI23,KPD3801,1001019397,汐止長虹店,2024-03-06 06:00:00,3/6/2024 10:34:01 AM,3/6/2024 11:30:00 AM,361330.145,2773227.27
12,2024-03-06,瑞芳DC,QI24,KPD3801,1001020039,汐止興中店,2024-03-06 06:00:00,3/6/2024 10:41:01 AM,3/6/2024 11:35:00 AM,361219.223,2773081.775
12,2024-03-06,瑞芳DC,QI25,KPD3801,1001023210,汐止興福店,2024-03-06 06:00:00,3/6/2024 10:41:01 AM,3/6/2024 11:40:00 AM,361075.746,2773121.042
12,2024-03-06,瑞芳DC,QI26,KPD3801,1001017139,汐止茂盛店,2024-03-06 06:00:00,3/6/2024 10:49:47 AM,3/6/2024 11:45:00 AM,361402.432,2772271.727
12,2024-03-06,瑞芳DC,QIDC,KPD3801,3001888888,瑞芳ＤＣ,2024-03-06 06:00:00,3/6/2024 11:40:21 AM,3/6/2024 12:10:00 PM,375487.619,2777331.953
12,2024-03-06,瑞芳DC,SIDC,KPD3801,S3001888888,瑞芳ＤＣ,2024-03-06 11:30:00,,,375487.619,2777331.953
12,2024-03-06,瑞芳DC,SI01,KPD3801,1001019266,新店金采店,2024-03-06 11:30:00,3/6/2024 1:16:00 PM,3/6/2024 2:20:00 PM,351804.91,2764409.244
12,2024-03-06,瑞芳DC,SI02,KPD3801,1001023574,新店民佳店,2024-03-06 11:30:00,3/6/2024 1:23:09 PM,3/6/2024 2:25:00 PM,351629.265,2764115.747
12,2024-03-06,瑞芳DC,SI03,KPD3801,1001022995,新店慈濟店,2024-03-06 11:30:00,3/6/2024 1:29:43 PM,3/6/2024 2:30:00 PM,351388.155,2764442.647
12,2024-03-06,瑞芳DC,SI04,KPD3801,1001018336,新店復興店,2024-03-06 11:30:00,3/6/2024 1:45:56 PM,3/6/2024 2:40:00 PM,351283.16,2764098.636
12,2024-03-06,瑞芳DC,SI05,KPD3801,1001020494,新店大鵬店,2024-03-06 11:30:00,3/6/2024 1:52:10 PM,3/6/2024 2:45:00 PM,351232.121,2764941.549
12,2024-03-06,瑞芳DC,SI06,KPD3801,1001014690,新店莊敬店,2024-03-06 11:30:00,3/6/2024 1:56:35 PM,3/6/2024 2:50:00 PM,351139.244,2764350.577
12,2024-03-06,瑞芳DC,SI07,KPD3801,1001017303,新店中盛店,2024-03-06 11:30:00,3/6/2024 1:59:26 PM,3/6/2024 2:55:00 PM,351151.41,2764099.484
12,2024-03-06,瑞芳DC,SI08,KPD3801,1001021233,新店公宅店,2024-03-06 11:30:00,3/6/2024 2:05:27 PM,3/6/2024 3:00:00 PM,350432.0,2764001.501
12,2024-03-06,瑞芳DC,SI09,KPD3801,1001015042,新店民權店,2024-03-06 11:30:00,3/6/2024 2:15:02 PM,3/6/2024 3:10:00 PM,351485.162,2764075.831
12,2024-03-06,瑞芳DC,SI10,KPD3801,1001023974,新店江陵店,2024-03-06 11:30:00,3/6/2024 2:18:27 PM,3/6/2024 3:15:00 PM,351554.681,2763886.636
12,2024-03-06,瑞芳DC,SI11,KPD3801,1001015483,新店慶民店,2024-03-06 11:30:00,3/6/2024 2:23:58 PM,3/6/2024 3:20:00 PM,351811.842,2764040.288
12,2024-03-06,瑞芳DC,SI12,KPD3801,1001021057,新店順安店,2024-03-06 11:30:00,3/6/2024 2:31:01 PM,3/6/2024 3:30:00 PM,351869.14,2764462.85
12,2024-03-06,瑞芳DC,SI13,KPD3801,1001020986,新店新豐店,2024-03-06 11:30:00,3/6/2024 2:35:35 PM,3/6/2024 3:35:00 PM,351926.989,2763815.492
12,2024-03-06,瑞芳DC,SI14,KPD3801,1001019309,新店寶元店,2024-03-06 11:30:00,3/6/2024 2:41:13 PM,3/6/2024 3:40:00 PM,352010.206,2764066.853
12,2024-03-06,瑞芳DC,SI15,KPD3801,1001018051,新店新寶安店,2024-03-06 11:30:00,3/6/2024 2:45:17 PM,3/6/2024 3:45:00 PM,352167.558,2763961.498
12,2024-03-06,瑞芳DC,SI16,KPD3801,1001016113,新店新文強店,2024-03-06 11:30:00,3/6/2024 2:51:04 PM,3/6/2024 3:50:00 PM,352112.978,2763718.888
12,2024-03-06,瑞芳DC,SI17,KPD3801,1001022916,新店新寶橋店,2024-03-06 11:30:00,3/6/2024 2:55:50 PM,3/6/2024 4:00:00 PM,352287.474,2763191.535
12,2024-03-06,瑞芳DC,SI18,KPD3801,1001020441,新店德正店,2024-03-06 11:30:00,3/6/2024 3:02:15 PM,3/6/2024 4:05:00 PM,352250.015,2762831.896
12,2024-03-06,瑞芳DC,SI19,KPD3801,1001020253,新店華盛店,2024-03-06 11:30:00,3/6/2024 3:08:18 PM,3/6/2024 4:10:00 PM,351951.519,2762826.395
12,2024-03-06,瑞芳DC,SI20,KPD3801,1001020252,新店新華店,2024-03-06 11:30:00,3/6/2024 3:12:51 PM,3/6/2024 4:15:00 PM,351889.581,2762341.312
12,2024-03-06,瑞芳DC,SI21,KPD3801,1001017925,新店光盛店,2024-03-06 11:30:00,3/6/2024 3:17:32 PM,3/6/2024 4:20:00 PM,351766.364,2761894.382
12,2024-03-06,瑞芳DC,SI22,KPD3801,1001021028,新店光明店,2024-03-06 11:30:00,3/6/2024 3:20:17 PM,3/6/2024 4:20:00 PM,351707.803,2761694.849
12,2024-03-06,瑞芳DC,SI23,KPD3801,1001020221,新店行政店,2024-03-06 11:30:00,3/6/2024 3:23:44 PM,3/6/2024 4:25:00 PM,352037.981,2762346.418
12,2024-03-06,瑞芳DC,SIDC,KPD3801,3001888888,瑞芳ＤＣ,2024-03-06 11:30:00,3/6/2024 6:03:28 PM,3/6/2024 5:08:00 PM,375487.619,2777331.953
03,2024-03-07,瑞芳DC,107DC,KPD3801,S3001888888,瑞芳ＤＣ,2024-03-07 11:20:00,,,375487.619,2777331.953
03,2024-03-07,瑞芳DC,GT08,KPD3801,1001021794,汐止東城店,2024-03-07 11:20:00,3/7/2024 1:02:11 PM,3/7/2024 2:00:00 PM,361138.617,2773526.57
03,2024-03-07,瑞芳DC,GG08,KPD3801,1001021985,星湖店,2024-03-07 11:20:00,3/7/2024 1:36:14 PM,3/7/2024 2:35:00 PM,357598.832,2774885.095
03,2024-03-07,瑞芳DC,GG09,KPD3801,1001018517,紫新店,2024-03-07 11:20:00,3/7/2024 1:46:33 PM,3/7/2024 2:50:00 PM,353842.233,2775404.309
03,2024-03-07,瑞芳DC,GG10,KPD3801,1001022750,內科店,2024-03-07 11:20:00,3/7/2024 1:58:06 PM,3/7/2024 3:00:00 PM,355248.246,2774784.774
03,2024-03-07,瑞芳DC,GG11,KPD3801,1001018709,瑞智店,2024-03-07 11:20:00,3/7/2024 2:24:40 PM,3/7/2024 3:10:00 PM,354986.038,2774662.779
03,2024-03-07,瑞芳DC,GG12,KPD3801,1001019030,瑞亞店,2024-03-07 11:20:00,3/7/2024 2:38:25 PM,3/7/2024 3:20:00 PM,355374.39,2774417.364
03,2024-03-07,瑞芳DC,GG13,KPD3801,1001017978,瑞豐店,2024-03-07 11:20:00,3/7/2024 2:45:36 PM,3/7/2024 3:30:00 PM,355542.416,2774302.601
03,2024-03-07,瑞芳DC,GG14,KPD3801,1001018160,堤頂店,2024-03-07 11:20:00,3/7/2024 2:57:41 PM,3/7/2024 3:40:00 PM,355346.651,2774058.102
03,2024-03-07,瑞芳DC,GG15,KPD3801,1001018636,陽鑫店,2024-03-07 11:20:00,3/7/2024 3:03:41 PM,3/7/2024 3:50:00 PM,355542.439,2773981.217
03,2024-03-07,瑞芳DC,GG16,KPD3801,1001020464,陽盛店,2024-03-07 11:20:00,3/7/2024 3:08:44 PM,3/7/2024 4:00:00 PM,355669.853,2774010.834
03,2024-03-07,瑞芳DC,107DC,KPD3801,3001888888,瑞芳ＤＣ,2024-03-07 11:20:00,3/7/2024 3:48:00 PM,3/7/2024 4:39:00 PM,375487.619,2777331.953
12,2024-03-08,瑞芳DC,QKDC,KPD3801,S3001888888,瑞芳ＤＣ,2024-03-08 06:30:00,,,375487.619,2777331.953
12,2024-03-08,瑞芳DC,QK01,KPD3801,1001020010,汐止新遠雄店,2024-03-08 06:30:00,3/8/2024 8:02:03 AM,3/8/2024 8:45:00 AM,362796.904,2772712.391
12,2024-03-08,瑞芳DC,QK02,KPD3801,1001020011,新遠雄二店,2024-03-08 06:30:00,3/8/2024 8:02:03 AM,3/8/2024 8:45:00 AM,363005.79,2772692.937
12,2024-03-08,瑞芳DC,QK03,KPD3801,1001023131,汐止東科店,2024-03-08 06:30:00,3/8/2024 8:33:03 AM,3/8/2024 9:15:00 AM,362828.16,2772568.134
12,2024-03-08,瑞芳DC,QK04,KPD3801,1001022615,汐止宏碁店,2024-03-08 06:30:00,3/8/2024 8:33:03 AM,3/8/2024 9:15:00 AM,362720.773,2772595.358
12,2024-03-08,瑞芳DC,QK05,KPD3801,1001018092,汐止連新店,2024-03-08 06:30:00,3/8/2024 8:50:41 AM,3/8/2024 9:30:00 AM,363355.409,2772772.09
12,2024-03-08,瑞芳DC,QK06,KPD3801,1001020638,汐止桂冠店,2024-03-08 06:30:00,3/8/2024 8:54:54 AM,3/8/2024 9:40:00 AM,363482.484,2772193.684
12,2024-03-08,瑞芳DC,QK07,KPD3801,1001021894,汐止莊敬店,2024-03-08 06:30:00,3/8/2024 8:58:21 AM,3/8/2024 9:45:00 AM,363447.602,2772592.781
12,2024-03-08,瑞芳DC,QK08,KPD3801,1001021210,汐止興莊店,2024-03-08 06:30:00,3/8/2024 9:01:30 AM,3/8/2024 9:50:00 AM,363698.259,2772676.085
12,2024-03-08,瑞芳DC,QK09,KPD3801,1001018583,汐止青山店,2024-03-08 06:30:00,3/8/2024 9:05:16 AM,3/8/2024 9:55:00 AM,363595.241,2772835.23
12,2024-03-08,瑞芳DC,QK10,KPD3801,1001014806,汐止福全店,2024-03-08 06:30:00,3/8/2024 9:13:58 AM,3/8/2024 10:00:00 AM,364382.933,2773027.092
12,2024-03-08,瑞芳DC,QK11,KPD3801,1001022583,汐止秀峰店,2024-03-08 06:30:00,3/8/2024 9:17:32 AM,3/8/2024 10:10:00 AM,364252.154,2773250.227
12,2024-03-08,瑞芳DC,QK12,KPD3801,1001016496,汐止新忠孝店,2024-03-08 06:30:00,3/8/2024 9:20:10 AM,3/8/2024 10:15:00 AM,364330.567,2773335.612
12,2024-03-08,瑞芳DC,QK13,KPD3801,1001016049,汐止橋東店,2024-03-08 06:30:00,3/8/2024 9:24:29 AM,3/8/2024 10:20:00 AM,364619.3,2773710.454
12,2024-03-08,瑞芳DC,QK14,KPD3801,1001020318,汐止站前店,2024-03-08 06:30:00,3/8/2024 9:29:53 AM,3/8/2024 10:25:00 AM,364316.586,2773426.563
12,2024-03-08,瑞芳DC,QK15,KPD3801,1001019910,汐止新興店,2024-03-08 06:30:00,3/8/2024 9:35:32 AM,3/8/2024 10:30:00 AM,363675.229,2773018.531
12,2024-03-08,瑞芳DC,QK16,KPD3801,1001019648,汐止興龍店,2024-03-08 06:30:00,3/8/2024 9:38:50 AM,3/8/2024 10:35:00 AM,363464.312,2772918.662
12,2024-03-08,瑞芳DC,QK17,KPD3801,1001022029,汐止龍安店,2024-03-08 06:30:00,3/8/2024 9:41:09 AM,3/8/2024 10:40:00 AM,363391.37,2772906.296
12,2024-03-08,瑞芳DC,QK19,KPD3801,1001022417,汐止興萬店,2024-03-08 06:30:00,3/8/2024 9:48:51 AM,3/8/2024 10:50:00 AM,362997.855,2774484.337
12,2024-03-08,瑞芳DC,QK20,KPD3801,1001019501,汐止祥雲店,2024-03-08 06:30:00,3/8/2024 9:56:01 AM,3/8/2024 10:55:00 AM,362604.246,2775807.436
12,2024-03-08,瑞芳DC,QK21,KPD3801,1001020718,汐止伯爵店,2024-03-08 06:30:00,3/8/2024 10:05:20 AM,3/8/2024 11:00:00 AM,361839.735,2774798.547
12,2024-03-08,瑞芳DC,QK22,KPD3801,1001018859,汐止日月光店,2024-03-08 06:30:00,3/8/2024 10:10:16 AM,3/8/2024 11:05:00 AM,361829.121,2774003.438
12,2024-03-08,瑞芳DC,QK23,KPD3801,1001021794,汐止東城店,2024-03-08 06:30:00,3/8/2024 10:15:15 AM,3/8/2024 11:10:00 AM,361138.617,2773526.57
12,2024-03-08,瑞芳DC,QK24,KPD3801,1001021490,汐止湖前店,2024-03-08 06:30:00,3/8/2024 10:17:56 AM,3/8/2024 11:15:00 AM,361174.558,2773645.829
12,2024-03-08,瑞芳DC,QK25,KPD3801,1001016217,汐止新水蓮店,2024-03-08 06:30:00,3/8/2024 10:34:21 AM,3/8/2024 11:20:00 AM,361255.457,2774325.112
12,2024-03-08,瑞芳DC,QK26,KPD3801,1001022795,汐止鑫峰店,2024-03-08 06:30:00,3/8/2024 10:42:36 AM,3/8/2024 11:25:00 AM,360906.741,2773698.995
12,2024-03-08,瑞芳DC,QK27,KPD3801,1001021630,汐止金龍店,2024-03-08 06:30:00,3/8/2024 10:45:17 AM,3/8/2024 11:30:00 AM,360795.091,2773618.052
12,2024-03-08,瑞芳DC,QKDC,KPD3801,3001888888,瑞芳ＤＣ,2024-03-08 06:30:00,3/8/2024 11:15:55 AM,3/8/2024 11:54:00 AM,375487.619,2777331.953
12,2024-03-08,瑞芳DC,SKDC,KPD3801,S3001888888,瑞芳ＤＣ,2024-03-08 11:30:00,,,375487.619,2777331.953
12,2024-03-08,瑞芳DC,SK01,KPD3801,1001021128,二繽店,2024-03-08 11:30:00,3/8/2024 1:18:12 PM,3/8/2024 2:20:00 PM,353157.814,2767470.286
12,2024-03-08,瑞芳DC,SK02,KPD3801,1001022905,安居店,2024-03-08 11:30:00,3/8/2024 1:29:48 PM,3/8/2024 2:30:00 PM,353196.183,2768147.371
12,2024-03-08,瑞芳DC,SK03,KPD3801,1001022130,六張黎店,2024-03-08 11:30:00,3/8/2024 1:35:46 PM,3/8/2024 2:35:00 PM,353625.173,2768163.597
12,2024-03-08,瑞芳DC,SK04,KPD3801,1001015668,崇德店,2024-03-08 11:30:00,3/8/2024 1:44:33 PM,3/8/2024 2:40:00 PM,353256.755,2768675.273
12,2024-03-08,瑞芳DC,SK05,KPD3801,1001021166,財盛店,2024-03-08 11:30:00,3/8/2024 1:50:15 PM,3/8/2024 2:50:00 PM,353591.146,2769141.638
12,2024-03-08,瑞芳DC,SK06,KPD3801,1001020063,臨江店,2024-03-08 11:30:00,3/8/2024 1:56:17 PM,3/8/2024 2:55:00 PM,353567.02,2769220.549
12,2024-03-08,瑞芳DC,SK07,KPD3801,1001019961,通和店,2024-03-08 11:30:00,3/8/2024 2:05:13 PM,3/8/2024 3:00:00 PM,353207.017,2769329.574
12,2024-03-08,瑞芳DC,SK08,KPD3801,1001022483,成功店,2024-03-08 11:30:00,3/8/2024 2:14:37 PM,3/8/2024 3:10:00 PM,352368.328,2768818.86
12,2024-03-08,瑞芳DC,SK09,KPD3801,1001014395,和復店,2024-03-08 11:30:00,3/8/2024 2:18:03 PM,3/8/2024 3:15:00 PM,352255.015,2768743.074
12,2024-03-08,瑞芳DC,SK10,KPD3801,1001019500,泰順店,2024-03-08 11:30:00,3/8/2024 2:24:34 PM,3/8/2024 3:20:00 PM,350991.257,2768793.386
12,2024-03-08,瑞芳DC,SK11,KPD3801,1001018080,和新店,2024-03-08 11:30:00,3/8/2024 2:30:51 PM,3/8/2024 3:25:00 PM,351481.812,2768825.945
12,2024-03-08,瑞芳DC,SK12,KPD3801,1001021296,辛亥店,2024-03-08 11:30:00,3/8/2024 2:37:30 PM,3/8/2024 3:30:00 PM,351975.979,2768412.816
12,2024-03-08,瑞芳DC,SK13,KPD3801,1001018665,和東店,2024-03-08 11:30:00,3/8/2024 2:41:24 PM,3/8/2024 3:35:00 PM,352034.904,2768742.286
12,2024-03-08,瑞芳DC,SK14,KPD3801,1001021968,和茂店,2024-03-08 11:30:00,3/8/2024 2:48:12 PM,3/8/2024 3:40:00 PM,352680.748,2768673.472
12,2024-03-08,瑞芳DC,SK15,KPD3801,1001021961,台興店,2024-03-08 11:30:00,3/8/2024 3:02:07 PM,3/8/2024 3:50:00 PM,352388.954,2767729.537
12,2024-03-08,瑞芳DC,SK16,KPD3801,1001018658,台科店,2024-03-08 11:30:00,3/8/2024 3:09:31 PM,3/8/2024 3:55:00 PM,351950.791,2767305.575
12,2024-03-08,瑞芳DC,SK17,KPD3801,1001022661,台大二活店,2024-03-08 11:30:00,3/8/2024 3:21:20 PM,3/8/2024 4:05:00 PM,351503.67,2767421.019
12,2024-03-08,瑞芳DC,SK18,KPD3801,1001020038,台一宿舍店,2024-03-08 11:30:00,3/8/2024 3:30:51 PM,3/8/2024 4:15:00 PM,351301.523,2767690.815
12,2024-03-08,瑞芳DC,SK20,KPD3801,1001022350,台福店,2024-03-08 11:30:00,3/8/2024 3:43:43 PM,3/8/2024 4:30:00 PM,351591.076,2767968.599
12,2024-03-08,瑞芳DC,SK21,KPD3801,1001022122,羅騰店,2024-03-08 11:30:00,3/8/2024 3:54:37 PM,3/8/2024 4:35:00 PM,350909.017,2768097.824
12,2024-03-08,瑞芳DC,SK22,KPD3801,1001022338,台新店,2024-03-08 11:30:00,3/8/2024 3:59:07 PM,3/8/2024 4:40:00 PM,351191.46,2768084.417
12,2024-03-08,瑞芳DC,SK23,KPD3801,1001022413,師大店,2024-03-08 11:30:00,3/8/2024 4:05:44 PM,3/8/2024 4:45:00 PM,350704.452,2768588.015
12,2024-03-08,瑞芳DC,SK24,KPD3801,1001022012,台師店,2024-03-08 11:30:00,3/8/2024 4:10:19 PM,3/8/2024 4:50:00 PM,350546.342,2768838.36
12,2024-03-08,瑞芳DC,SK25,KPD3801,1001020660,古亭店,2024-03-08 11:30:00,3/8/2024 4:16:40 PM,3/8/2024 4:55:00 PM,350297.202,2768734.515
12,2024-03-08,瑞芳DC,SK26,KPD3801,1001022951,羅中店,2024-03-08 11:30:00,3/8/2024 4:24:04 PM,3/8/2024 5:00:00 PM,350039.07,2769117.415
12,2024-03-08,瑞芳DC,SK27,KPD3801,1001022990,潮州店,2024-03-08 11:30:00,3/8/2024 4:27:47 PM,3/8/2024 5:00:00 PM,350284.789,2769228.205
12,2024-03-08,瑞芳DC,SKDC,KPD3801,3001888888,瑞芳ＤＣ,2024-03-08 11:30:00,3/8/2024 5:13:22 PM,3/8/2024 5:35:00 PM,375487.619,2777331.953
05,2024-03-09,瑞芳DC,901DC,KPD3801,S3001888888,瑞芳ＤＣ,2024-03-08 18:13:00,,,375487.619,2777331.953
05,2024-03-09,瑞芳DC,LJ01,KPD3801,1001019050,九份觀景店,2024-03-08 18:13:00,,3/8/2024 7:00:00 PM,382748.146,2777893.529
05,2024-03-09,瑞芳DC,LJ02,KPD3801,1001019156,金瓜石黃金店,2024-03-08 18:13:00,,3/8/2024 7:10:00 PM,383950.718,2777705.083
05,2024-03-09,瑞芳DC,LJ03,KPD3801,1001020633,瑞芳前站店,2024-03-08 18:13:00,3/8/2024 6:59:35 PM,3/8/2024 7:30:00 PM,378736.238,2777721.049
05,2024-03-09,瑞芳DC,LJ04,KPD3801,1001020099,瑞芳龍川店,2024-03-08 18:13:00,3/8/2024 7:04:41 PM,3/8/2024 7:35:00 PM,378597.574,2777735.335
05,2024-03-09,瑞芳DC,LJ05,KPD3801,1001021895,瑞芳明燈店,2024-03-08 18:13:00,3/8/2024 6:59:35 PM,3/8/2024 7:45:00 PM,378754.886,2777618.69
05,2024-03-09,瑞芳DC,LJ06,KPD3801,1001017772,瑞芳傑魚坑店,2024-03-08 18:13:00,3/8/2024 7:13:54 PM,3/8/2024 7:50:00 PM,377514.996,2777999.672
05,2024-03-09,瑞芳DC,LE04,KPD3801,1001020038,台一宿舍店,2024-03-08 18:13:00,3/8/2024 7:53:02 PM,3/8/2024 8:25:00 PM,351301.523,2767690.815
05,2024-03-09,瑞芳DC,LE05,KPD3801,1001022110,台大楓林店,2024-03-08 18:13:00,3/8/2024 8:00:59 PM,3/8/2024 8:35:00 PM,351324.063,2767620.977
05,2024-03-09,瑞芳DC,LE06,KPD3801,1001022350,台福店,2024-03-08 18:13:00,3/8/2024 8:05:37 PM,3/8/2024 8:40:00 PM,351591.076,2767968.599
05,2024-03-09,瑞芳DC,901DC,KPD3801,3001888888,瑞芳ＤＣ,2024-03-08 18:13:00,3/8/2024 8:44:50 PM,3/8/2024 9:26:00 PM,375487.619,2777331.953
05,2024-03-10,瑞芳DC,LMDC,KPD3801,S3001888888,瑞芳ＤＣ,2024-03-09 17:00:00,,,375487.619,2777331.953
05,2024-03-10,瑞芳DC,LM01,KPD3801,1001022899,基隆瑞發店,2024-03-09 17:00:00,3/9/2024 5:56:01 PM,3/9/2024 7:00:00 PM,373690.349,2776735.669
05,2024-03-10,瑞芳DC,LM02,KPD3801,1001023744,基隆暖錠店,2024-03-09 17:00:00,3/9/2024 6:17:32 PM,3/9/2024 7:05:00 PM,373259.22,2776672.275
05,2024-03-10,瑞芳DC,LM03,KPD3801,1001021672,基隆暖港店,2024-03-09 17:00:00,3/9/2024 6:26:31 PM,3/9/2024 7:10:00 PM,371509.865,2777994.555
05,2024-03-10,瑞芳DC,LM04,KPD3801,1001018557,八堵車站店,2024-03-09 17:00:00,3/9/2024 6:30:45 PM,3/9/2024 7:15:00 PM,371023.007,2777790.096
05,2024-03-10,瑞芳DC,LM05,KPD3801,1001020011,新遠雄二店,2024-03-09 17:00:00,3/9/2024 7:14:02 PM,3/9/2024 7:25:00 PM,363005.79,2772692.937
05,2024-03-10,瑞芳DC,LM06,KPD3801,1001020010,汐止新遠雄店,2024-03-09 17:00:00,3/9/2024 7:14:02 PM,3/9/2024 7:25:00 PM,362796.904,2772712.391
05,2024-03-10,瑞芳DC,LM09,KPD3801,1001021907,七堵東新店,2024-03-09 17:00:00,3/9/2024 6:56:33 PM,3/9/2024 8:30:00 PM,370056.528,2776304.109
05,2024-03-10,瑞芳DC,LM10,KPD3801,1001019672,七堵自治店,2024-03-09 17:00:00,3/9/2024 6:50:43 PM,3/9/2024 8:35:00 PM,369370.776,2776472.745
05,2024-03-10,瑞芳DC,LM11,KPD3801,1001022013,七堵永富店,2024-03-09 17:00:00,3/9/2024 6:35:42 PM,3/9/2024 8:40:00 PM,369481.208,2776798.199
05,2024-03-10,瑞芳DC,LM12,KPD3801,1001015563,七堵大興店,2024-03-09 17:00:00,3/9/2024 6:44:01 PM,3/9/2024 8:45:00 PM,369527.363,2776592.092
05,2024-03-10,瑞芳DC,LM13,KPD3801,1001021983,基隆暖東店,2024-03-09 17:00:00,3/9/2024 7:42:42 PM,3/9/2024 9:00:00 PM,371742.253,2776824.534
05,2024-03-10,瑞芳DC,LM14,KPD3801,1001021336,基隆暖盛店,2024-03-09 17:00:00,3/9/2024 8:04:29 PM,3/9/2024 9:05:00 PM,371587.811,2776673.3
05,2024-03-10,瑞芳DC,LM15,KPD3801,1001021132,基隆暖鑫店,2024-03-09 17:00:00,3/9/2024 8:08:32 PM,3/9/2024 9:10:00 PM,371808.319,2776074.75
05,2024-03-10,瑞芳DC,LM16,KPD3801,1001020190,基隆吉市店,2024-03-09 17:00:00,3/9/2024 8:16:24 PM,3/9/2024 9:15:00 PM,373560.137,2775973.443
05,2024-03-10,瑞芳DC,LM17,KPD3801,1001021078,基隆深美店,2024-03-09 17:00:00,3/9/2024 8:33:45 PM,3/9/2024 9:35:00 PM,376048.761,2780843.073
05,2024-03-10,瑞芳DC,LM18,KPD3801,1001017150,基隆新深溪店,2024-03-09 17:00:00,3/9/2024 8:41:19 PM,3/9/2024 9:35:00 PM,376396.709,2780440.261
05,2024-03-10,瑞芳DC,LM19,KPD3801,1001020465,基隆欣豐店,2024-03-09 17:00:00,3/9/2024 8:44:38 PM,3/9/2024 9:45:00 PM,376762.405,2780729.815
05,2024-03-10,瑞芳DC,LM20,KPD3801,1001022907,基隆富港店,2024-03-09 17:00:00,3/9/2024 8:54:07 PM,3/9/2024 9:55:00 PM,376552.52,2781903.954
05,2024-03-10,瑞芳DC,LM21,KPD3801,1001014688,基隆海大店,2024-03-09 17:00:00,3/9/2024 8:59:36 PM,3/9/2024 10:00:00 PM,,
05,2024-03-10,瑞芳DC,LM22,KPD3801,1001021953,基隆海洋店,2024-03-09 17:00:00,3/9/2024 9:03:44 PM,3/9/2024 10:00:00 PM,375754.473,2782409.585
05,2024-03-10,瑞芳DC,LM23,KPD3801,1001014328,基隆新祥豐店,2024-03-09 17:00:00,3/9/2024 9:13:24 PM,3/9/2024 10:10:00 PM,375397.425,2782518.296
05,2024-03-10,瑞芳DC,LM24,KPD3801,1001019434,基隆新和一店,2024-03-09 17:00:00,3/9/2024 9:18:11 PM,3/9/2024 10:15:00 PM,374792.705,2782927.674
05,2024-03-10,瑞芳DC,LM25,KPD3801,1001018271,基隆正港店,2024-03-09 17:00:00,3/9/2024 9:22:33 PM,3/9/2024 10:20:00 PM,374898.15,2782479.227
05,2024-03-10,瑞芳DC,LM26,KPD3801,1001015670,基隆新正信店,2024-03-09 17:00:00,3/9/2024 9:30:19 PM,3/9/2024 10:25:00 PM,374195.99,2780402.02
05,2024-03-10,瑞芳DC,LM27,KPD3801,1001022465,基隆信一店,2024-03-09 17:00:00,3/9/2024 9:36:00 PM,3/9/2024 10:30:00 PM,372845.628,2780127.846
05,2024-03-10,瑞芳DC,LM28,KPD3801,1001020282,基隆新義二店,2024-03-09 17:00:00,3/9/2024 9:38:05 PM,3/9/2024 10:35:00 PM,372717.218,2780284.488
05,2024-03-10,瑞芳DC,LM29,KPD3801,1001022682,基隆新中船店,2024-03-09 17:00:00,3/9/2024 9:41:48 PM,3/9/2024 10:40:00 PM,373270.868,2780985.343
05,2024-03-10,瑞芳DC,LMDC,KPD3801,3001888888,瑞芳ＤＣ,2024-03-09 17:00:00,3/9/2024 9:53:37 PM,3/9/2024 10:54:00 PM,375487.619,2777331.953
05,2024-03-10,瑞芳DC,OMDC,KPD3801,S3001888888,瑞芳ＤＣ,2024-03-09 21:00:00,,,375487.619,2777331.953
05,2024-03-10,瑞芳DC,OM01,KPD3801,1001021400,試院店,2024-03-09 21:00:00,3/9/2024 11:23:08 PM,3/10/2024 12:30:00 AM,352557.853,2764552.651
05,2024-03-10,瑞芳DC,OM02,KPD3801,1001018298,世景店,2024-03-09 21:00:00,3/9/2024 11:29:22 PM,3/10/2024 12:30:00 AM,352049.724,2764836.346
05,2024-03-10,瑞芳DC,OM03,KPD3801,1001022863,景文店,2024-03-09 21:00:00,3/9/2024 11:34:11 PM,3/10/2024 12:35:00 AM,351968.268,2765004.5
05,2024-03-10,瑞芳DC,OM04,KPD3801,1001019599,景和店,2024-03-09 21:00:00,3/9/2024 11:36:58 PM,3/10/2024 12:35:00 AM,351807.927,2765036.299
05,2024-03-10,瑞芳DC,OM05,KPD3801,1001016952,景後店,2024-03-09 21:00:00,3/9/2024 11:40:40 PM,3/10/2024 12:40:00 AM,352113.174,2765088.253
05,2024-03-10,瑞芳DC,OM06,KPD3801,1001018245,華德店,2024-03-09 21:00:00,3/9/2024 11:43:41 PM,3/10/2024 12:40:00 AM,352372.51,2765461.405
05,2024-03-10,瑞芳DC,OM07,KPD3801,1001017661,景中店,2024-03-09 21:00:00,,3/10/2024 12:45:00 AM,352000.445,2765215.151
05,2024-03-10,瑞芳DC,OM08,KPD3801,1001020805,萬慶店,2024-03-09 21:00:00,3/9/2024 11:51:14 PM,3/10/2024 12:45:00 AM,351738.071,2765278.154
05,2024-03-10,瑞芳DC,OM09,KPD3801,1001020275,新文華店,2024-03-09 21:00:00,3/9/2024 11:53:24 PM,3/10/2024 12:50:00 AM,351990.118,2765450.682
05,2024-03-10,瑞芳DC,OM10,KPD3801,1001021231,羅和店,2024-03-09 21:00:00,3/9/2024 11:53:24 PM,3/10/2024 12:50:00 AM,351932.231,2765505.658
05,2024-03-10,瑞芳DC,OM13,KPD3801,1001022306,萬和店,2024-03-09 21:00:00,3/10/2024 12:01:45 AM,3/10/2024 1:00:00 AM,351518.672,2766227.61
05,2024-03-10,瑞芳DC,OM14,KPD3801,1001014208,師美店,2024-03-09 21:00:00,3/10/2024 12:04:50 AM,3/10/2024 1:05:00 AM,351590.685,2766881.569
05,2024-03-10,瑞芳DC,OM15,KPD3801,1001015531,深坑北福店,2024-03-09 21:00:00,3/10/2024 12:20:29 AM,3/10/2024 1:20:00 AM,357849.976,2766385.739
05,2024-03-10,瑞芳DC,OM16,KPD3801,1001014888,深坑北深店,2024-03-09 21:00:00,3/10/2024 12:22:24 AM,3/10/2024 1:20:00 AM,358041.653,2766316.981
05,2024-03-10,瑞芳DC,OM18,KPD3801,1001016992,深坑埔新店,2024-03-09 21:00:00,3/10/2024 12:29:28 AM,3/10/2024 1:30:00 AM,359857.714,2766146.385
05,2024-03-10,瑞芳DC,OM19,KPD3801,1001019681,深坑昇高店,2024-03-09 21:00:00,3/10/2024 12:31:18 AM,3/10/2024 1:30:00 AM,359944.878,2766168.646
05,2024-03-10,瑞芳DC,OM20,KPD3801,1001021826,深坑紅葉店,2024-03-09 21:00:00,3/10/2024 12:36:29 AM,3/10/2024 1:35:00 AM,359095.135,2766030.984
05,2024-03-10,瑞芳DC,OM21,KPD3801,1001023203,石碇國道店,2024-03-09 21:00:00,3/10/2024 12:41:44 AM,3/10/2024 1:40:00 AM,362482.294,2766872.953
05,2024-03-10,瑞芳DC,OM22,KPD3801,1001023006,坪林順益店,2024-03-09 21:00:00,3/10/2024 12:56:36 AM,3/10/2024 1:55:00 AM,368878.176,2758647.116
05,2024-03-10,瑞芳DC,OMDC,KPD3801,3001888888,瑞芳ＤＣ,2024-03-09 21:00:00,3/10/2024 1:30:53 AM,3/10/2024 2:40:00 AM,375487.619,2777331.953
12,2024-03-11,瑞芳DC,QIDC,KPD3801,S3001888888,瑞芳ＤＣ,2024-03-11 06:00:00,,,375487.619,2777331.953
12,2024-03-11,瑞芳DC,QI01,KPD3801,1001019598,護校店,2024-03-11 06:00:00,3/11/2024 7:48:20 AM,3/11/2024 9:00:00 AM,358933.83,2774270.102
12,2024-03-11,瑞芳DC,QI02,KPD3801,1001020316,大聯大店,2024-03-11 06:00:00,3/11/2024 8:21:09 AM,3/11/2024 9:15:00 AM,359577.769,2772643.287
12,2024-03-11,瑞芳DC,QI03,KPD3801,1001020998,港忠店,2024-03-11 06:00:00,3/11/2024 8:35:40 AM,3/11/2024 9:25:00 AM,359553.863,2771808.725
12,2024-03-11,瑞芳DC,QI04,KPD3801,1001022962,南港生技店,2024-03-11 06:00:00,3/11/2024 8:40:42 AM,3/11/2024 9:30:00 AM,358943.324,2771694.453
12,2024-03-11,瑞芳DC,QI05,KPD3801,1001019031,中研店,2024-03-11 06:00:00,3/11/2024 8:52:54 AM,3/11/2024 9:35:00 AM,359343.914,2771189.961
12,2024-03-11,瑞芳DC,QI06,KPD3801,1001019502,研究院店,2024-03-11 06:00:00,3/11/2024 8:55:46 AM,3/11/2024 9:40:00 AM,359449.734,2770984.432
12,2024-03-11,瑞芳DC,QI07,KPD3801,1001020368,新莊研店,2024-03-11 06:00:00,3/11/2024 9:05:17 AM,3/11/2024 9:50:00 AM,360073.962,2770265.899
12,2024-03-11,瑞芳DC,QI08,KPD3801,1001022898,汐止鑫宜興店,2024-03-11 06:00:00,3/11/2024 9:11:48 AM,3/11/2024 9:55:00 AM,360091.053,2770502.424
12,2024-03-11,瑞芳DC,QI09,KPD3801,1001015973,國興店,2024-03-11 06:00:00,3/11/2024 9:18:28 AM,3/11/2024 10:00:00 AM,359837.984,2770670.794
12,2024-03-11,瑞芳DC,QI10,KPD3801,1001021880,胡適店,2024-03-11 06:00:00,3/11/2024 9:22:35 AM,3/11/2024 10:05:00 AM,359766.303,2770586.98
12,2024-03-11,瑞芳DC,QI11,KPD3801,1001020924,汐止橫科店,2024-03-11 06:00:00,3/11/2024 9:27:14 AM,3/11/2024 10:15:00 AM,359867.032,2771266.72
12,2024-03-11,瑞芳DC,QI12,KPD3801,1001023694,汐止力行店,2024-03-11 06:00:00,3/11/2024 9:33:53 AM,3/11/2024 10:20:00 AM,359694.885,2771578.569
12,2024-03-11,瑞芳DC,QI13,KPD3801,1001022562,富康店,2024-03-11 06:00:00,3/11/2024 9:39:19 AM,3/11/2024 10:25:00 AM,359648.525,2771656.842
12,2024-03-11,瑞芳DC,QI14,KPD3801,1001022616,汐止南陽店,2024-03-11 06:00:00,3/11/2024 9:52:29 AM,3/11/2024 10:35:00 AM,360534.606,2772384.79
12,2024-03-11,瑞芳DC,QI15,KPD3801,1001018898,汐止導航店,2024-03-11 06:00:00,3/11/2024 10:00:46 AM,3/11/2024 10:45:00 AM,362004.602,2772742.92
12,2024-03-11,瑞芳DC,QI16,KPD3801,1001022751,汐止樟興店,2024-03-11 06:00:00,3/11/2024 10:16:56 AM,3/11/2024 10:50:00 AM,362184.599,2772777.308
12,2024-03-11,瑞芳DC,QI17,KPD3801,1001018981,汐止樟中店,2024-03-11 06:00:00,3/11/2024 10:21:04 AM,3/11/2024 10:55:00 AM,362194.011,2773057.462
12,2024-03-11,瑞芳DC,QI18,KPD3801,1001021070,汐止忠樹店,2024-03-11 06:00:00,3/11/2024 10:24:56 AM,3/11/2024 11:00:00 AM,362040.911,2772995.745
12,2024-03-11,瑞芳DC,QI19,KPD3801,1001021010,汐止樟福店,2024-03-11 06:00:00,3/11/2024 10:28:59 AM,3/11/2024 11:05:00 AM,362239.808,2773214.738
12,2024-03-11,瑞芳DC,QI20,KPD3801,1001021797,汐止新樹店,2024-03-11 06:00:00,3/11/2024 10:32:37 AM,3/11/2024 11:15:00 AM,362100.018,2773540.519
12,2024-03-11,瑞芳DC,QI21,KPD3801,1001021512,汐止福德店,2024-03-11 06:00:00,3/11/2024 10:45:38 AM,3/11/2024 11:20:00 AM,361739.111,2773587.571
12,2024-03-11,瑞芳DC,QI22,KPD3801,1001017788,汐止福旺店,2024-03-11 06:00:00,3/11/2024 10:41:17 AM,3/11/2024 11:25:00 AM,361779.714,2773416.123
12,2024-03-11,瑞芳DC,QI23,KPD3801,1001019397,汐止長虹店,2024-03-11 06:00:00,3/11/2024 10:48:58 AM,3/11/2024 11:30:00 AM,361330.145,2773227.27
12,2024-03-11,瑞芳DC,QI24,KPD3801,1001020039,汐止興中店,2024-03-11 06:00:00,3/11/2024 10:58:39 AM,3/11/2024 11:35:00 AM,361219.223,2773081.775
12,2024-03-11,瑞芳DC,QI25,KPD3801,1001023210,汐止興福店,2024-03-11 06:00:00,3/11/2024 10:58:39 AM,3/11/2024 11:40:00 AM,361075.746,2773121.042
12,2024-03-11,瑞芳DC,QI26,KPD3801,1001017139,汐止茂盛店,2024-03-11 06:00:00,3/11/2024 11:04:24 AM,3/11/2024 11:45:00 AM,361402.432,2772271.727
12,2024-03-11,瑞芳DC,QIDC,KPD3801,3001888888,瑞芳ＤＣ,2024-03-11 06:00:00,3/11/2024 11:32:35 AM,3/11/2024 12:10:00 PM,375487.619,2777331.953
12,2024-03-11,瑞芳DC,SIDC,KPD3801,S3001888888,瑞芳ＤＣ,2024-03-11 11:30:00,,,375487.619,2777331.953
12,2024-03-11,瑞芳DC,SI01,KPD3801,1001019266,新店金采店,2024-03-11 11:30:00,3/11/2024 1:10:30 PM,3/11/2024 2:20:00 PM,351804.91,2764409.244
12,2024-03-11,瑞芳DC,SI02,KPD3801,1001023574,新店民佳店,2024-03-11 11:30:00,3/11/2024 1:21:30 PM,3/11/2024 2:25:00 PM,351629.265,2764115.747
12,2024-03-11,瑞芳DC,SI03,KPD3801,1001022995,新店慈濟店,2024-03-11 11:30:00,3/11/2024 1:30:06 PM,3/11/2024 2:30:00 PM,351388.155,2764442.647
12,2024-03-11,瑞芳DC,SI04,KPD3801,1001018336,新店復興店,2024-03-11 11:30:00,3/11/2024 1:47:04 PM,3/11/2024 2:40:00 PM,351283.16,2764098.636
12,2024-03-11,瑞芳DC,SI05,KPD3801,1001020494,新店大鵬店,2024-03-11 11:30:00,3/11/2024 1:55:08 PM,3/11/2024 2:45:00 PM,351232.121,2764941.549
12,2024-03-11,瑞芳DC,SI06,KPD3801,1001014690,新店莊敬店,2024-03-11 11:30:00,3/11/2024 2:02:36 PM,3/11/2024 2:50:00 PM,351139.244,2764350.577
12,2024-03-11,瑞芳DC,SI07,KPD3801,1001017303,新店中盛店,2024-03-11 11:30:00,3/11/2024 2:06:10 PM,3/11/2024 2:55:00 PM,351151.41,2764099.484
12,2024-03-11,瑞芳DC,SI08,KPD3801,1001021233,新店公宅店,2024-03-11 11:30:00,3/11/2024 2:13:39 PM,3/11/2024 3:00:00 PM,350432.0,2764001.501
12,2024-03-11,瑞芳DC,SI09,KPD3801,1001015042,新店民權店,2024-03-11 11:30:00,3/11/2024 2:23:05 PM,3/11/2024 3:10:00 PM,351485.162,2764075.831
12,2024-03-11,瑞芳DC,SI10,KPD3801,1001023974,新店江陵店,2024-03-11 11:30:00,3/11/2024 2:28:14 PM,3/11/2024 3:15:00 PM,351554.681,2763886.636
12,2024-03-11,瑞芳DC,SI11,KPD3801,1001015483,新店慶民店,2024-03-11 11:30:00,3/11/2024 2:35:17 PM,3/11/2024 3:20:00 PM,351811.842,2764040.288
12,2024-03-11,瑞芳DC,SI12,KPD3801,1001021057,新店順安店,2024-03-11 11:30:00,3/11/2024 2:47:01 PM,3/11/2024 3:30:00 PM,351869.14,2764462.85
12,2024-03-11,瑞芳DC,SI13,KPD3801,1001020986,新店新豐店,2024-03-11 11:30:00,3/11/2024 2:52:36 PM,3/11/2024 3:35:00 PM,351926.989,2763815.492
12,2024-03-11,瑞芳DC,SI14,KPD3801,1001019309,新店寶元店,2024-03-11 11:30:00,3/11/2024 2:58:57 PM,3/11/2024 3:40:00 PM,352010.206,2764066.853
12,2024-03-11,瑞芳DC,SI15,KPD3801,1001018051,新店新寶安店,2024-03-11 11:30:00,3/11/2024 3:05:17 PM,3/11/2024 3:45:00 PM,352167.558,2763961.498
12,2024-03-11,瑞芳DC,SI16,KPD3801,1001016113,新店新文強店,2024-03-11 11:30:00,3/11/2024 3:08:56 PM,3/11/2024 3:50:00 PM,352112.978,2763718.888
12,2024-03-11,瑞芳DC,SI17,KPD3801,1001022916,新店新寶橋店,2024-03-11 11:30:00,3/11/2024 3:13:47 PM,3/11/2024 4:00:00 PM,352287.474,2763191.535
12,2024-03-11,瑞芳DC,SI18,KPD3801,1001020441,新店德正店,2024-03-11 11:30:00,3/11/2024 3:22:14 PM,3/11/2024 4:05:00 PM,352250.015,2762831.896
12,2024-03-11,瑞芳DC,SI19,KPD3801,1001020253,新店華盛店,2024-03-11 11:30:00,3/11/2024 3:25:52 PM,3/11/2024 4:10:00 PM,351951.519,2762826.395
12,2024-03-11,瑞芳DC,SI20,KPD3801,1001020252,新店新華店,2024-03-11 11:30:00,3/11/2024 3:32:16 PM,3/11/2024 4:15:00 PM,351889.581,2762341.312
12,2024-03-11,瑞芳DC,SI21,KPD3801,1001017925,新店光盛店,2024-03-11 11:30:00,3/11/2024 3:40:02 PM,3/11/2024 4:20:00 PM,351766.364,2761894.382
12,2024-03-11,瑞芳DC,SI22,KPD3801,1001021028,新店光明店,2024-03-11 11:30:00,3/11/2024 3:40:32 PM,3/11/2024 4:20:00 PM,351707.803,2761694.849
12,2024-03-11,瑞芳DC,SI23,KPD3801,1001020221,新店行政店,2024-03-11 11:30:00,3/11/2024 3:47:33 PM,3/11/2024 4:25:00 PM,352037.981,2762346.418
12,2024-03-11,瑞芳DC,SIDC,KPD3801,3001888888,瑞芳ＤＣ,2024-03-11 11:30:00,3/11/2024 4:46:07 PM,3/11/2024 5:08:00 PM,375487.619,2777331.953
12,2024-03-12,瑞芳DC,QIDC,KPD3801,S3001888888,瑞芳ＤＣ,2024-03-12 06:00:00,3/12/2024 7:07:34 AM,,375487.619,2777331.953
12,2024-03-12,瑞芳DC,QI01,KPD3801,1001019598,護校店,2024-03-12 06:00:00,3/12/2024 7:52:15 AM,3/12/2024 9:00:00 AM,358933.83,2774270.102
12,2024-03-12,瑞芳DC,QI02,KPD3801,1001020316,大聯大店,2024-03-12 06:00:00,3/12/2024 8:23:30 AM,3/12/2024 9:15:00 AM,359577.769,2772643.287
12,2024-03-12,瑞芳DC,QI03,KPD3801,1001020998,港忠店,2024-03-12 06:00:00,3/12/2024 8:38:17 AM,3/12/2024 9:25:00 AM,359553.863,2771808.725
12,2024-03-12,瑞芳DC,QI04,KPD3801,1001022962,南港生技店,2024-03-12 06:00:00,3/12/2024 8:46:04 AM,3/12/2024 9:30:00 AM,358943.324,2771694.453
12,2024-03-12,瑞芳DC,QI05,KPD3801,1001019031,中研店,2024-03-12 06:00:00,3/12/2024 8:55:33 AM,3/12/2024 9:35:00 AM,359343.914,2771189.961
12,2024-03-12,瑞芳DC,QI06,KPD3801,1001019502,研究院店,2024-03-12 06:00:00,3/12/2024 9:00:43 AM,3/12/2024 9:40:00 AM,359449.734,2770984.432
12,2024-03-12,瑞芳DC,QI07,KPD3801,1001020368,新莊研店,2024-03-12 06:00:00,3/12/2024 9:10:15 AM,3/12/2024 9:50:00 AM,360073.962,2770265.899
12,2024-03-12,瑞芳DC,QI08,KPD3801,1001022898,汐止鑫宜興店,2024-03-12 06:00:00,3/12/2024 9:15:51 AM,3/12/2024 9:55:00 AM,360091.053,2770502.424
12,2024-03-12,瑞芳DC,QI09,KPD3801,1001015973,國興店,2024-03-12 06:00:00,3/12/2024 9:22:57 AM,3/12/2024 10:00:00 AM,359837.984,2770670.794
12,2024-03-12,瑞芳DC,QI10,KPD3801,1001021880,胡適店,2024-03-12 06:00:00,3/12/2024 9:27:27 AM,3/12/2024 10:05:00 AM,359766.303,2770586.98
12,2024-03-12,瑞芳DC,QI11,KPD3801,1001020924,汐止橫科店,2024-03-12 06:00:00,3/12/2024 9:31:08 AM,3/12/2024 10:15:00 AM,359867.032,2771266.72
12,2024-03-12,瑞芳DC,QI12,KPD3801,1001023694,汐止力行店,2024-03-12 06:00:00,3/12/2024 9:35:51 AM,3/12/2024 10:20:00 AM,359694.885,2771578.569
12,2024-03-12,瑞芳DC,QI13,KPD3801,1001022562,富康店,2024-03-12 06:00:00,3/12/2024 9:42:59 AM,3/12/2024 10:25:00 AM,359648.525,2771656.842
12,2024-03-12,瑞芳DC,QI14,KPD3801,1001022616,汐止南陽店,2024-03-12 06:00:00,3/12/2024 9:55:43 AM,3/12/2024 10:35:00 AM,360534.606,2772384.79
12,2024-03-12,瑞芳DC,QI15,KPD3801,1001018898,汐止導航店,2024-03-12 06:00:00,3/12/2024 10:05:03 AM,3/12/2024 10:45:00 AM,362004.602,2772742.92
12,2024-03-12,瑞芳DC,QI16,KPD3801,1001022751,汐止樟興店,2024-03-12 06:00:00,3/12/2024 10:16:00 AM,3/12/2024 10:50:00 AM,362184.599,2772777.308
12,2024-03-12,瑞芳DC,QI21,KPD3801,1001021512,汐止福德店,2024-03-12 06:00:00,3/12/2024 10:28:11 AM,3/12/2024 11:20:00 AM,361739.111,2773587.571
12,2024-03-12,瑞芳DC,QI22,KPD3801,1001017788,汐止福旺店,2024-03-12 06:00:00,3/12/2024 10:24:19 AM,3/12/2024 11:25:00 AM,361779.714,2773416.123
12,2024-03-12,瑞芳DC,QI23,KPD3801,1001019397,汐止長虹店,2024-03-12 06:00:00,3/12/2024 10:31:05 AM,3/12/2024 11:30:00 AM,361330.145,2773227.27
12,2024-03-12,瑞芳DC,QI24,KPD3801,1001020039,汐止興中店,2024-03-12 06:00:00,,3/12/2024 11:35:00 AM,361219.223,2773081.775
12,2024-03-12,瑞芳DC,QI25,KPD3801,1001023210,汐止興福店,2024-03-12 06:00:00,3/12/2024 10:38:22 AM,3/12/2024 11:40:00 AM,361075.746,2773121.042
12,2024-03-12,瑞芳DC,QI26,KPD3801,1001017139,汐止茂盛店,2024-03-12 06:00:00,3/12/2024 10:46:55 AM,3/12/2024 11:45:00 AM,361402.432,2772271.727
12,2024-03-12,瑞芳DC,QIDC,KPD3801,3001888888,瑞芳ＤＣ,2024-03-12 06:00:00,3/12/2024 11:18:42 AM,3/12/2024 12:10:00 PM,375487.619,2777331.953
12,2024-03-12,瑞芳DC,SIDC,KPD3801,S3001888888,瑞芳ＤＣ,2024-03-12 11:30:00,3/12/2024 12:29:34 PM,,375487.619,2777331.953
12,2024-03-12,瑞芳DC,SI01,KPD3801,1001019266,新店金采店,2024-03-12 11:30:00,3/12/2024 1:06:04 PM,3/12/2024 2:20:00 PM,351804.91,2764409.244
12,2024-03-12,瑞芳DC,SI02,KPD3801,1001023574,新店民佳店,2024-03-12 11:30:00,3/12/2024 1:15:09 PM,3/12/2024 2:25:00 PM,351629.265,2764115.747
12,2024-03-12,瑞芳DC,SI03,KPD3801,1001022995,新店慈濟店,2024-03-12 11:30:00,3/12/2024 1:20:33 PM,3/12/2024 2:30:00 PM,351388.155,2764442.647
12,2024-03-12,瑞芳DC,SI04,KPD3801,1001018336,新店復興店,2024-03-12 11:30:00,3/12/2024 1:37:06 PM,3/12/2024 2:40:00 PM,351283.16,2764098.636
12,2024-03-12,瑞芳DC,SI05,KPD3801,1001020494,新店大鵬店,2024-03-12 11:30:00,3/12/2024 1:43:53 PM,3/12/2024 2:45:00 PM,351232.121,2764941.549
12,2024-03-12,瑞芳DC,SI06,KPD3801,1001014690,新店莊敬店,2024-03-12 11:30:00,3/12/2024 1:49:28 PM,3/12/2024 2:50:00 PM,351139.244,2764350.577
12,2024-03-12,瑞芳DC,SI07,KPD3801,1001017303,新店中盛店,2024-03-12 11:30:00,3/12/2024 1:54:20 PM,3/12/2024 2:55:00 PM,351151.41,2764099.484
12,2024-03-12,瑞芳DC,SI08,KPD3801,1001021233,新店公宅店,2024-03-12 11:30:00,3/12/2024 2:01:14 PM,3/12/2024 3:00:00 PM,350432.0,2764001.501
12,2024-03-12,瑞芳DC,SI09,KPD3801,1001015042,新店民權店,2024-03-12 11:30:00,3/12/2024 2:12:57 PM,3/12/2024 3:10:00 PM,351485.162,2764075.831
12,2024-03-12,瑞芳DC,SI10,KPD3801,1001023974,新店江陵店,2024-03-12 11:30:00,3/12/2024 2:18:13 PM,3/12/2024 3:15:00 PM,351554.681,2763886.636
12,2024-03-12,瑞芳DC,SI11,KPD3801,1001015483,新店慶民店,2024-03-12 11:30:00,3/12/2024 2:24:46 PM,3/12/2024 3:20:00 PM,351811.842,2764040.288
12,2024-03-12,瑞芳DC,SI12,KPD3801,1001021057,新店順安店,2024-03-12 11:30:00,3/12/2024 2:30:58 PM,3/12/2024 3:30:00 PM,351869.14,2764462.85
12,2024-03-12,瑞芳DC,SI13,KPD3801,1001020986,新店新豐店,2024-03-12 11:30:00,3/12/2024 2:38:31 PM,3/12/2024 3:35:00 PM,351926.989,2763815.492
12,2024-03-12,瑞芳DC,SI14,KPD3801,1001019309,新店寶元店,2024-03-12 11:30:00,3/12/2024 2:45:04 PM,3/12/2024 3:40:00 PM,352010.206,2764066.853
12,2024-03-12,瑞芳DC,SI15,KPD3801,1001018051,新店新寶安店,2024-03-12 11:30:00,3/12/2024 2:55:15 PM,3/12/2024 3:45:00 PM,352167.558,2763961.498
12,2024-03-12,瑞芳DC,SI16,KPD3801,1001016113,新店新文強店,2024-03-12 11:30:00,3/12/2024 3:00:54 PM,3/12/2024 3:50:00 PM,352112.978,2763718.888
12,2024-03-12,瑞芳DC,SI17,KPD3801,1001022916,新店新寶橋店,2024-03-12 11:30:00,3/12/2024 3:06:22 PM,3/12/2024 4:00:00 PM,352287.474,2763191.535
12,2024-03-12,瑞芳DC,SI18,KPD3801,1001020441,新店德正店,2024-03-12 11:30:00,3/12/2024 3:10:51 PM,3/12/2024 4:05:00 PM,352250.015,2762831.896
12,2024-03-12,瑞芳DC,SI19,KPD3801,1001020253,新店華盛店,2024-03-12 11:30:00,3/12/2024 3:17:58 PM,3/12/2024 4:10:00 PM,351951.519,2762826.395
12,2024-03-12,瑞芳DC,SI20,KPD3801,1001020252,新店新華店,2024-03-12 11:30:00,3/12/2024 3:24:41 PM,3/12/2024 4:15:00 PM,351889.581,2762341.312
12,2024-03-12,瑞芳DC,SI21,KPD3801,1001017925,新店光盛店,2024-03-12 11:30:00,3/12/2024 3:29:28 PM,3/12/2024 4:20:00 PM,351766.364,2761894.382
12,2024-03-12,瑞芳DC,SI22,KPD3801,1001021028,新店光明店,2024-03-12 11:30:00,3/12/2024 3:32:12 PM,3/12/2024 4:20:00 PM,351707.803,2761694.849
12,2024-03-12,瑞芳DC,SI23,KPD3801,1001020221,新店行政店,2024-03-12 11:30:00,3/12/2024 3:38:48 PM,3/12/2024 4:25:00 PM,352037.981,2762346.418
12,2024-03-12,瑞芳DC,SIDC,KPD3801,3001888888,瑞芳ＤＣ,2024-03-12 11:30:00,3/12/2024 4:33:17 PM,3/12/2024 5:08:00 PM,375487.619,2777331.953
12,2024-03-13,瑞芳DC,102DC,KPD3801,S3001888888,瑞芳ＤＣ,2024-03-13 08:38:00,,,375487.619,2777331.953
12,2024-03-13,瑞芳DC,QI05,KPD3801,1001019031,中研店,2024-03-13 08:38:00,,3/13/2024 9:35:00 AM,359343.914,2771189.961
12,2024-03-13,瑞芳DC,102DC,KPD3801,3001888888,瑞芳ＤＣ,2024-03-13 08:38:00,,3/13/2024 10:13:00 AM,375487.619,2777331.953
12,2024-03-13,瑞芳DC,103DC,KPD3801,S3001888888,瑞芳ＤＣ,2024-03-13 13:15:00,3/13/2024 1:25:38 PM,,375487.619,2777331.953
12,2024-03-13,瑞芳DC,SK01,KPD3801,1001021128,二繽店,2024-03-13 13:15:00,3/13/2024 1:56:25 PM,3/13/2024 2:20:00 PM,353157.814,2767470.286
12,2024-03-13,瑞芳DC,SK02,KPD3801,1001022905,安居店,2024-03-13 13:15:00,3/13/2024 2:06:58 PM,3/13/2024 2:30:00 PM,353196.183,2768147.371
12,2024-03-13,瑞芳DC,SK03,KPD3801,1001022130,六張黎店,2024-03-13 13:15:00,3/13/2024 2:15:08 PM,3/13/2024 2:35:00 PM,353625.173,2768163.597
12,2024-03-13,瑞芳DC,SK04,KPD3801,1001015668,崇德店,2024-03-13 13:15:00,3/13/2024 2:21:30 PM,3/13/2024 2:40:00 PM,353256.755,2768675.273
12,2024-03-13,瑞芳DC,SK05,KPD3801,1001021166,財盛店,2024-03-13 13:15:00,3/13/2024 2:30:19 PM,3/13/2024 2:50:00 PM,353591.146,2769141.638
12,2024-03-13,瑞芳DC,SK06,KPD3801,1001020063,臨江店,2024-03-13 13:15:00,3/13/2024 2:40:53 PM,3/13/2024 2:55:00 PM,353567.02,2769220.549
12,2024-03-13,瑞芳DC,SK07,KPD3801,1001019961,通和店,2024-03-13 13:15:00,3/13/2024 2:50:18 PM,3/13/2024 3:00:00 PM,353207.017,2769329.574
12,2024-03-13,瑞芳DC,SK08,KPD3801,1001022483,成功店,2024-03-13 13:15:00,3/13/2024 2:59:13 PM,3/13/2024 3:10:00 PM,352368.328,2768818.86
12,2024-03-13,瑞芳DC,SC11,KPD3801,1001022941,新生南路店,2024-03-13 13:15:00,3/13/2024 3:07:16 PM,3/13/2024 3:10:00 PM,351160.973,2769794.003
12,2024-03-13,瑞芳DC,SC12,KPD3801,1001016790,大森店,2024-03-13 13:15:00,3/13/2024 3:14:37 PM,3/13/2024 3:15:00 PM,351469.953,2769777.842
12,2024-03-13,瑞芳DC,SC13,KPD3801,1001014695,信美店,2024-03-13 13:15:00,3/13/2024 3:20:25 PM,3/13/2024 3:20:00 PM,351794.203,2769640.301
12,2024-03-13,瑞芳DC,SC14,KPD3801,1001022593,義興店,2024-03-13 13:15:00,3/13/2024 3:25:40 PM,3/13/2024 3:25:00 PM,352286.322,2769692.886
12,2024-03-13,瑞芳DC,SC15,KPD3801,1001019160,復豐店,2024-03-13 13:15:00,3/13/2024 3:28:54 PM,3/13/2024 3:30:00 PM,352283.176,2769749.399
12,2024-03-13,瑞芳DC,SC16,KPD3801,1001021762,復豪店,2024-03-13 13:15:00,3/13/2024 3:36:38 PM,3/13/2024 3:35:00 PM,352203.26,2769881.517
12,2024-03-13,瑞芳DC,SC17,KPD3801,1001018052,興南店,2024-03-13 13:15:00,3/13/2024 3:25:40 PM,3/13/2024 3:40:00 PM,352204.549,2769621.491
12,2024-03-13,瑞芳DC,103DC,KPD3801,3001888888,瑞芳ＤＣ,2024-03-13 13:15:00,3/13/2024 4:14:01 PM,3/13/2024 4:50:00 PM,375487.619,2777331.953
03,2024-03-14,瑞芳DC,105DC,KPD3801,S3001888888,瑞芳ＤＣ,2024-03-14 12:33:00,3/14/2024 12:21:06 PM,,375487.619,2777331.953
03,2024-03-14,瑞芳DC,GN04,KPD3801,1001022013,七堵永富店,2024-03-14 12:33:00,3/14/2024 12:40:29 PM,3/14/2024 1:15:00 PM,369481.208,2776798.199
03,2024-03-14,瑞芳DC,GN05,KPD3801,1001019672,七堵自治店,2024-03-14 12:33:00,3/14/2024 12:49:48 PM,3/14/2024 1:25:00 PM,369370.776,2776472.745
03,2024-03-14,瑞芳DC,GN06,KPD3801,1001015563,七堵大興店,2024-03-14 12:33:00,3/14/2024 12:54:56 PM,3/14/2024 1:35:00 PM,369527.363,2776592.092
03,2024-03-14,瑞芳DC,GN07,KPD3801,1001021907,七堵東新店,2024-03-14 12:33:00,3/14/2024 1:05:56 PM,3/14/2024 1:45:00 PM,370056.528,2776304.109
03,2024-03-14,瑞芳DC,GN08,KPD3801,1001023003,七堵泰安店,2024-03-14 12:33:00,3/14/2024 1:15:28 PM,3/14/2024 1:55:00 PM,368961.974,2775689.085
03,2024-03-14,瑞芳DC,GT09,KPD3801,1001018035,汐止鑫湖店,2024-03-14 12:33:00,3/14/2024 1:43:37 PM,3/14/2024 2:10:00 PM,360129.825,2773357.306
03,2024-03-14,瑞芳DC,GI14,KPD3801,1001022996,鑫木新店,2024-03-14 12:33:00,3/14/2024 2:13:13 PM,3/14/2024 3:20:00 PM,353416.836,2763790.466
03,2024-03-14,瑞芳DC,GI15,KPD3801,1001015897,欣榮店,2024-03-14 12:33:00,3/14/2024 2:40:51 PM,3/14/2024 3:30:00 PM,354134.226,2763978.136
03,2024-03-14,瑞芳DC,GI16,KPD3801,1001020498,恆光店,2024-03-14 12:33:00,3/14/2024 2:46:44 PM,3/14/2024 3:40:00 PM,354523.335,2764096.734
03,2024-03-14,瑞芳DC,105DC,KPD3801,3001888888,瑞芳ＤＣ,2024-03-14 12:33:00,3/14/2024 3:27:23 PM,3/14/2024 4:18:00 PM,375487.619,2777331.953
12,2024-03-15,瑞芳DC,QIDC,KPD3801,S3001888888,瑞芳ＤＣ,2024-03-15 06:00:00,3/15/2024 7:00:57 AM,,375487.619,2777331.953
12,2024-03-15,瑞芳DC,QI01,KPD3801,1001019598,護校店,2024-03-15 06:00:00,3/15/2024 7:41:47 AM,3/15/2024 9:00:00 AM,358933.83,2774270.102
12,2024-03-15,瑞芳DC,QI02,KPD3801,1001020316,大聯大店,2024-03-15 06:00:00,3/15/2024 8:13:34 AM,3/15/2024 9:15:00 AM,359577.769,2772643.287
12,2024-03-15,瑞芳DC,QI03,KPD3801,1001020998,港忠店,2024-03-15 06:00:00,3/15/2024 8:25:53 AM,3/15/2024 9:25:00 AM,359553.863,2771808.725
12,2024-03-15,瑞芳DC,QI04,KPD3801,1001022962,南港生技店,2024-03-15 06:00:00,3/15/2024 8:31:47 AM,3/15/2024 9:30:00 AM,358943.324,2771694.453
12,2024-03-15,瑞芳DC,QI05,KPD3801,1001019031,中研店,2024-03-15 06:00:00,3/15/2024 8:40:12 AM,3/15/2024 9:35:00 AM,359343.914,2771189.961
12,2024-03-15,瑞芳DC,QI06,KPD3801,1001019502,研究院店,2024-03-15 06:00:00,3/15/2024 8:48:52 AM,3/15/2024 9:40:00 AM,359449.734,2770984.432
12,2024-03-15,瑞芳DC,QI07,KPD3801,1001020368,新莊研店,2024-03-15 06:00:00,3/15/2024 8:53:12 AM,3/15/2024 9:50:00 AM,360073.962,2770265.899
12,2024-03-15,瑞芳DC,QI08,KPD3801,1001022898,汐止鑫宜興店,2024-03-15 06:00:00,3/15/2024 8:57:19 AM,3/15/2024 9:55:00 AM,360091.053,2770502.424
12,2024-03-15,瑞芳DC,QI09,KPD3801,1001015973,國興店,2024-03-15 06:00:00,3/15/2024 9:02:32 AM,3/15/2024 10:00:00 AM,359837.984,2770670.794
12,2024-03-15,瑞芳DC,QI10,KPD3801,1001021880,胡適店,2024-03-15 06:00:00,3/15/2024 9:06:18 AM,3/15/2024 10:05:00 AM,359766.303,2770586.98
12,2024-03-15,瑞芳DC,QI11,KPD3801,1001020924,汐止橫科店,2024-03-15 06:00:00,3/15/2024 9:11:10 AM,3/15/2024 10:15:00 AM,359867.032,2771266.72
12,2024-03-15,瑞芳DC,QI12,KPD3801,1001023694,汐止力行店,2024-03-15 06:00:00,3/15/2024 9:17:57 AM,3/15/2024 10:20:00 AM,359694.885,2771578.569
12,2024-03-15,瑞芳DC,QI13,KPD3801,1001022562,富康店,2024-03-15 06:00:00,3/15/2024 9:24:09 AM,3/15/2024 10:25:00 AM,359648.525,2771656.842
12,2024-03-15,瑞芳DC,QI14,KPD3801,1001022616,汐止南陽店,2024-03-15 06:00:00,3/15/2024 9:36:51 AM,3/15/2024 10:35:00 AM,360534.606,2772384.79
12,2024-03-15,瑞芳DC,QI15,KPD3801,1001018898,汐止導航店,2024-03-15 06:00:00,3/15/2024 9:47:41 AM,3/15/2024 10:45:00 AM,362004.602,2772742.92
12,2024-03-15,瑞芳DC,QI16,KPD3801,1001022751,汐止樟興店,2024-03-15 06:00:00,3/15/2024 10:00:47 AM,3/15/2024 10:50:00 AM,362184.599,2772777.308
12,2024-03-15,瑞芳DC,QI17,KPD3801,1001018981,汐止樟中店,2024-03-15 06:00:00,3/15/2024 10:06:04 AM,3/15/2024 10:55:00 AM,362194.011,2773057.462
12,2024-03-15,瑞芳DC,QI18,KPD3801,1001021070,汐止忠樹店,2024-03-15 06:00:00,3/15/2024 10:06:04 AM,3/15/2024 11:00:00 AM,362040.911,2772995.745
12,2024-03-15,瑞芳DC,QI19,KPD3801,1001021010,汐止樟福店,2024-03-15 06:00:00,3/15/2024 10:13:50 AM,3/15/2024 11:05:00 AM,362239.808,2773214.738
12,2024-03-15,瑞芳DC,QI20,KPD3801,1001021797,汐止新樹店,2024-03-15 06:00:00,3/15/2024 10:18:08 AM,3/15/2024 11:15:00 AM,362100.018,2773540.519
12,2024-03-15,瑞芳DC,QI21,KPD3801,1001021512,汐止福德店,2024-03-15 06:00:00,,3/15/2024 11:20:00 AM,361739.111,2773587.571
12,2024-03-15,瑞芳DC,QI22,KPD3801,1001017788,汐止福旺店,2024-03-15 06:00:00,3/15/2024 10:23:56 AM,3/15/2024 11:25:00 AM,361779.714,2773416.123
12,2024-03-15,瑞芳DC,QI23,KPD3801,1001019397,汐止長虹店,2024-03-15 06:00:00,3/15/2024 10:29:13 AM,3/15/2024 11:30:00 AM,361330.145,2773227.27
12,2024-03-15,瑞芳DC,QI24,KPD3801,1001020039,汐止興中店,2024-03-15 06:00:00,3/15/2024 10:36:36 AM,3/15/2024 11:35:00 AM,361219.223,2773081.775
12,2024-03-15,瑞芳DC,QI25,KPD3801,1001023210,汐止興福店,2024-03-15 06:00:00,3/15/2024 10:36:36 AM,3/15/2024 11:40:00 AM,361075.746,2773121.042
12,2024-03-15,瑞芳DC,QI26,KPD3801,1001017139,汐止茂盛店,2024-03-15 06:00:00,3/15/2024 10:46:40 AM,3/15/2024 11:45:00 AM,361402.432,2772271.727
12,2024-03-15,瑞芳DC,QIDC,KPD3801,3001888888,瑞芳ＤＣ,2024-03-15 06:00:00,3/15/2024 11:09:53 AM,3/15/2024 12:10:00 PM,375487.619,2777331.953
12,2024-03-15,瑞芳DC,SIDC,KPD3801,S3001888888,瑞芳ＤＣ,2024-03-15 11:30:00,3/15/2024 12:17:27 PM,,375487.619,2777331.953
12,2024-03-15,瑞芳DC,SI01,KPD3801,1001019266,新店金采店,2024-03-15 11:30:00,3/15/2024 1:00:21 PM,3/15/2024 2:20:00 PM,351804.91,2764409.244
12,2024-03-15,瑞芳DC,SI02,KPD3801,1001023574,新店民佳店,2024-03-15 11:30:00,3/15/2024 1:09:10 PM,3/15/2024 2:25:00 PM,351629.265,2764115.747
12,2024-03-15,瑞芳DC,SI03,KPD3801,1001022995,新店慈濟店,2024-03-15 11:30:00,3/15/2024 1:26:06 PM,3/15/2024 2:30:00 PM,351388.155,2764442.647
12,2024-03-15,瑞芳DC,SI04,KPD3801,1001018336,新店復興店,2024-03-15 11:30:00,3/15/2024 1:43:24 PM,3/15/2024 2:40:00 PM,351283.16,2764098.636
12,2024-03-15,瑞芳DC,SI05,KPD3801,1001020494,新店大鵬店,2024-03-15 11:30:00,3/15/2024 1:51:58 PM,3/15/2024 2:45:00 PM,351232.121,2764941.549
12,2024-03-15,瑞芳DC,SI06,KPD3801,1001014690,新店莊敬店,2024-03-15 11:30:00,3/15/2024 1:58:52 PM,3/15/2024 2:50:00 PM,351139.244,2764350.577
12,2024-03-15,瑞芳DC,SI07,KPD3801,1001017303,新店中盛店,2024-03-15 11:30:00,3/15/2024 2:03:01 PM,3/15/2024 2:55:00 PM,351151.41,2764099.484
12,2024-03-15,瑞芳DC,SI08,KPD3801,1001021233,新店公宅店,2024-03-15 11:30:00,3/15/2024 2:11:15 PM,3/15/2024 3:00:00 PM,350432.0,2764001.501
12,2024-03-15,瑞芳DC,SI09,KPD3801,1001015042,新店民權店,2024-03-15 11:30:00,3/15/2024 2:21:17 PM,3/15/2024 3:10:00 PM,351485.162,2764075.831
12,2024-03-15,瑞芳DC,SI10,KPD3801,1001023974,新店江陵店,2024-03-15 11:30:00,3/15/2024 2:30:18 PM,3/15/2024 3:15:00 PM,351554.681,2763886.636
12,2024-03-15,瑞芳DC,SI11,KPD3801,1001015483,新店慶民店,2024-03-15 11:30:00,3/15/2024 2:37:41 PM,3/15/2024 3:20:00 PM,351811.842,2764040.288
12,2024-03-15,瑞芳DC,SI12,KPD3801,1001021057,新店順安店,2024-03-15 11:30:00,3/15/2024 2:49:26 PM,3/15/2024 3:30:00 PM,351869.14,2764462.85
12,2024-03-15,瑞芳DC,SI13,KPD3801,1001020986,新店新豐店,2024-03-15 11:30:00,3/15/2024 3:08:24 PM,3/15/2024 3:35:00 PM,351926.989,2763815.492
12,2024-03-15,瑞芳DC,SI14,KPD3801,1001019309,新店寶元店,2024-03-15 11:30:00,3/15/2024 3:19:06 PM,3/15/2024 3:40:00 PM,352010.206,2764066.853
12,2024-03-15,瑞芳DC,SI15,KPD3801,1001018051,新店新寶安店,2024-03-15 11:30:00,3/15/2024 3:27:12 PM,3/15/2024 3:45:00 PM,352167.558,2763961.498
12,2024-03-15,瑞芳DC,SI16,KPD3801,1001016113,新店新文強店,2024-03-15 11:30:00,3/15/2024 3:31:16 PM,3/15/2024 3:50:00 PM,352112.978,2763718.888
12,2024-03-15,瑞芳DC,SI17,KPD3801,1001022916,新店新寶橋店,2024-03-15 11:30:00,3/15/2024 3:37:53 PM,3/15/2024 4:00:00 PM,352287.474,2763191.535
12,2024-03-15,瑞芳DC,SI18,KPD3801,1001020441,新店德正店,2024-03-15 11:30:00,3/15/2024 3:45:59 PM,3/15/2024 4:05:00 PM,352250.015,2762831.896
12,2024-03-15,瑞芳DC,SI19,KPD3801,1001020253,新店華盛店,2024-03-15 11:30:00,3/15/2024 3:50:27 PM,3/15/2024 4:10:00 PM,351951.519,2762826.395
12,2024-03-15,瑞芳DC,SI20,KPD3801,1001020252,新店新華店,2024-03-15 11:30:00,3/15/2024 3:56:44 PM,3/15/2024 4:15:00 PM,351889.581,2762341.312
12,2024-03-15,瑞芳DC,SI21,KPD3801,1001017925,新店光盛店,2024-03-15 11:30:00,3/15/2024 4:04:21 PM,3/15/2024 4:20:00 PM,351766.364,2761894.382
12,2024-03-15,瑞芳DC,SI22,KPD3801,1001021028,新店光明店,2024-03-15 11:30:00,3/15/2024 4:05:50 PM,3/15/2024 4:20:00 PM,351707.803,2761694.849
12,2024-03-15,瑞芳DC,SI23,KPD3801,1001020221,新店行政店,2024-03-15 11:30:00,3/15/2024 4:11:20 PM,3/15/2024 4:25:00 PM,352037.981,2762346.418
12,2024-03-15,瑞芳DC,SIDC,KPD3801,3001888888,瑞芳ＤＣ,2024-03-15 11:30:00,3/15/2024 4:58:19 PM,3/15/2024 5:08:00 PM,375487.619,2777331.953
12,2024-03-16,瑞芳DC,QIDC,KPD3801,S3001888888,瑞芳ＤＣ,2024-03-16 06:00:00,3/16/2024 7:22:21 AM,,375487.619,2777331.953
12,2024-03-16,瑞芳DC,QI02,KPD3801,1001020316,大聯大店,2024-03-16 06:00:00,3/16/2024 7:53:08 AM,3/16/2024 9:15:00 AM,359577.769,2772643.287
12,2024-03-16,瑞芳DC,QI03,KPD3801,1001020998,港忠店,2024-03-16 06:00:00,3/16/2024 8:09:51 AM,3/16/2024 9:25:00 AM,359553.863,2771808.725
12,2024-03-16,瑞芳DC,QI04,KPD3801,1001023213,南港生技店,2024-03-16 06:00:00,3/16/2024 8:16:28 AM,3/16/2024 9:30:00 AM,358943.324,2771694.453
12,2024-03-16,瑞芳DC,QI05,KPD3801,1001019031,中研店,2024-03-16 06:00:00,3/16/2024 8:29:44 AM,3/16/2024 9:35:00 AM,359343.914,2771189.961
12,2024-03-16,瑞芳DC,QI06,KPD3801,1001019502,研究院店,2024-03-16 06:00:00,3/16/2024 8:38:24 AM,3/16/2024 9:40:00 AM,359449.734,2770984.432
12,2024-03-16,瑞芳DC,QI07,KPD3801,1001020368,新莊研店,2024-03-16 06:00:00,3/16/2024 8:47:24 AM,3/16/2024 9:50:00 AM,360073.962,2770265.899
12,2024-03-16,瑞芳DC,QI08,KPD3801,1001022898,汐止鑫宜興店,2024-03-16 06:00:00,3/16/2024 8:53:20 AM,3/16/2024 9:55:00 AM,360091.053,2770502.424
12,2024-03-16,瑞芳DC,QI09,KPD3801,1001015973,國興店,2024-03-16 06:00:00,3/16/2024 9:00:30 AM,3/16/2024 10:00:00 AM,359837.984,2770670.794
12,2024-03-16,瑞芳DC,QI10,KPD3801,1001021880,胡適店,2024-03-16 06:00:00,3/16/2024 9:05:13 AM,3/16/2024 10:05:00 AM,359766.303,2770586.98
12,2024-03-16,瑞芳DC,QI11,KPD3801,1001020924,汐止橫科店,2024-03-16 06:00:00,3/16/2024 9:11:29 AM,3/16/2024 10:15:00 AM,359867.032,2771266.72
12,2024-03-16,瑞芳DC,QI12,KPD3801,1001023694,汐止力行店,2024-03-16 06:00:00,3/16/2024 9:20:08 AM,3/16/2024 10:20:00 AM,359694.885,2771578.569
12,2024-03-16,瑞芳DC,QI13,KPD3801,1001022562,富康店,2024-03-16 06:00:00,3/16/2024 9:26:49 AM,3/16/2024 10:25:00 AM,359648.525,2771656.842
12,2024-03-16,瑞芳DC,QI14,KPD3801,1001022616,汐止南陽店,2024-03-16 06:00:00,3/16/2024 9:38:21 AM,3/16/2024 10:35:00 AM,360534.606,2772384.79
12,2024-03-16,瑞芳DC,QI15,KPD3801,1001018898,汐止導航店,2024-03-16 06:00:00,3/16/2024 9:46:49 AM,3/16/2024 10:45:00 AM,362004.602,2772742.92
12,2024-03-16,瑞芳DC,QI16,KPD3801,1001022751,汐止樟興店,2024-03-16 06:00:00,3/16/2024 9:56:17 AM,3/16/2024 10:50:00 AM,362184.599,2772777.308
12,2024-03-16,瑞芳DC,QI17,KPD3801,1001018981,汐止樟中店,2024-03-16 06:00:00,3/16/2024 10:00:20 AM,3/16/2024 10:55:00 AM,362194.011,2773057.462
12,2024-03-16,瑞芳DC,QI18,KPD3801,1001021070,汐止忠樹店,2024-03-16 06:00:00,3/16/2024 10:05:32 AM,3/16/2024 11:00:00 AM,362040.911,2772995.745
12,2024-03-16,瑞芳DC,QI19,KPD3801,1001021010,汐止樟福店,2024-03-16 06:00:00,3/16/2024 10:09:25 AM,3/16/2024 11:05:00 AM,362239.808,2773214.738
12,2024-03-16,瑞芳DC,QI20,KPD3801,1001021797,汐止新樹店,2024-03-16 06:00:00,3/16/2024 10:12:58 AM,3/16/2024 11:15:00 AM,362100.018,2773540.519
12,2024-03-16,瑞芳DC,QI21,KPD3801,1001021512,汐止福德店,2024-03-16 06:00:00,3/16/2024 10:26:16 AM,3/16/2024 11:20:00 AM,361739.111,2773587.571
12,2024-03-16,瑞芳DC,QI22,KPD3801,1001017788,汐止福旺店,2024-03-16 06:00:00,3/16/2024 10:20:31 AM,3/16/2024 11:25:00 AM,361779.714,2773416.123
12,2024-03-16,瑞芳DC,QI23,KPD3801,1001019397,汐止長虹店,2024-03-16 06:00:00,3/16/2024 10:29:30 AM,3/16/2024 11:30:00 AM,361330.145,2773227.27
12,2024-03-16,瑞芳DC,QI24,KPD3801,1001020039,汐止興中店,2024-03-16 06:00:00,3/16/2024 10:37:55 AM,3/16/2024 11:35:00 AM,361219.223,2773081.775
12,2024-03-16,瑞芳DC,QI25,KPD3801,1001023210,汐止興福店,2024-03-16 06:00:00,3/16/2024 10:37:55 AM,3/16/2024 11:40:00 AM,361075.746,2773121.042
12,2024-03-16,瑞芳DC,QI26,KPD3801,1001017139,汐止茂盛店,2024-03-16 06:00:00,3/16/2024 10:45:25 AM,3/16/2024 11:45:00 AM,361402.432,2772271.727
12,2024-03-16,瑞芳DC,QIDC,KPD3801,3001888888,瑞芳ＤＣ,2024-03-16 06:00:00,3/16/2024 11:15:53 AM,3/16/2024 12:10:00 PM,375487.619,2777331.953
12,2024-03-16,瑞芳DC,SIDC,KPD3801,S3001888888,瑞芳ＤＣ,2024-03-16 11:30:00,,,375487.619,2777331.953
12,2024-03-16,瑞芳DC,SI01,KPD3801,1001019266,新店金采店,2024-03-16 11:30:00,,3/16/2024 2:20:00 PM,351804.91,2764409.244
12,2024-03-16,瑞芳DC,SI02,KPD3801,1001023574,新店民佳店,2024-03-16 11:30:00,,3/16/2024 2:25:00 PM,351629.265,2764115.747
12,2024-03-16,瑞芳DC,SI03,KPD3801,1001022995,新店慈濟店,2024-03-16 11:30:00,,3/16/2024 2:30:00 PM,351388.155,2764442.647
12,2024-03-16,瑞芳DC,SI04,KPD3801,1001018336,新店復興店,2024-03-16 11:30:00,,3/16/2024 2:40:00 PM,351283.16,2764098.636
12,2024-03-16,瑞芳DC,SI05,KPD3801,1001020494,新店大鵬店,2024-03-16 11:30:00,,3/16/2024 2:45:00 PM,351232.121,2764941.549
12,2024-03-16,瑞芳DC,SI06,KPD3801,1001014690,新店莊敬店,2024-03-16 11:30:00,3/16/2024 1:55:38 PM,3/16/2024 2:50:00 PM,351139.244,2764350.577
12,2024-03-16,瑞芳DC,SI07,KPD3801,1001017303,新店中盛店,2024-03-16 11:30:00,3/16/2024 1:57:21 PM,3/16/2024 2:55:00 PM,351151.41,2764099.484
12,2024-03-16,瑞芳DC,SI08,KPD3801,1001021233,新店公宅店,2024-03-16 11:30:00,3/16/2024 2:03:00 PM,3/16/2024 3:00:00 PM,350432.0,2764001.501
12,2024-03-16,瑞芳DC,SI09,KPD3801,1001015042,新店民權店,2024-03-16 11:30:00,3/16/2024 2:11:15 PM,3/16/2024 3:10:00 PM,351485.162,2764075.831
12,2024-03-16,瑞芳DC,SI10,KPD3801,1001023974,新店江陵店,2024-03-16 11:30:00,3/16/2024 2:16:13 PM,3/16/2024 3:15:00 PM,351554.681,2763886.636
12,2024-03-16,瑞芳DC,SI11,KPD3801,1001015483,新店慶民店,2024-03-16 11:30:00,3/16/2024 2:34:21 PM,3/16/2024 3:20:00 PM,351811.842,2764040.288
12,2024-03-16,瑞芳DC,SI12,KPD3801,1001021057,新店順安店,2024-03-16 11:30:00,3/16/2024 2:48:56 PM,3/16/2024 3:30:00 PM,351869.14,2764462.85
12,2024-03-16,瑞芳DC,SI13,KPD3801,1001020986,新店新豐店,2024-03-16 11:30:00,3/16/2024 2:55:04 PM,3/16/2024 3:35:00 PM,351926.989,2763815.492
12,2024-03-16,瑞芳DC,SI14,KPD3801,1001019309,新店寶元店,2024-03-16 11:30:00,3/16/2024 3:04:59 PM,3/16/2024 3:40:00 PM,352010.206,2764066.853
12,2024-03-16,瑞芳DC,SI15,KPD3801,1001018051,新店新寶安店,2024-03-16 11:30:00,3/16/2024 3:10:02 PM,3/16/2024 3:45:00 PM,352167.558,2763961.498
12,2024-03-16,瑞芳DC,SI16,KPD3801,1001016113,新店新文強店,2024-03-16 11:30:00,3/16/2024 3:13:19 PM,3/16/2024 3:50:00 PM,352112.978,2763718.888
12,2024-03-16,瑞芳DC,SI17,KPD3801,1001022916,新店新寶橋店,2024-03-16 11:30:00,3/16/2024 3:19:35 PM,3/16/2024 4:00:00 PM,352287.474,2763191.535
12,2024-03-16,瑞芳DC,SI18,KPD3801,1001020441,新店德正店,2024-03-16 11:30:00,3/16/2024 3:24:07 PM,3/16/2024 4:05:00 PM,352250.015,2762831.896
12,2024-03-16,瑞芳DC,SI19,KPD3801,1001020253,新店華盛店,2024-03-16 11:30:00,3/16/2024 3:31:52 PM,3/16/2024 4:10:00 PM,351951.519,2762826.395
12,2024-03-16,瑞芳DC,SI20,KPD3801,1001020252,新店新華店,2024-03-16 11:30:00,3/16/2024 3:36:47 PM,3/16/2024 4:15:00 PM,351889.581,2762341.312
12,2024-03-16,瑞芳DC,SI21,KPD3801,1001017925,新店光盛店,2024-03-16 11:30:00,3/16/2024 3:41:14 PM,3/16/2024 4:20:00 PM,351766.364,2761894.382
12,2024-03-16,瑞芳DC,SI22,KPD3801,1001021028,新店光明店,2024-03-16 11:30:00,3/16/2024 3:45:43 PM,3/16/2024 4:20:00 PM,351707.803,2761694.849
12,2024-03-16,瑞芳DC,SI23,KPD3801,1001020221,新店行政店,2024-03-16 11:30:00,3/16/2024 3:51:18 PM,3/16/2024 4:25:00 PM,352037.981,2762346.418
12,2024-03-16,瑞芳DC,SIDC,KPD3801,3001888888,瑞芳ＤＣ,2024-03-16 11:30:00,3/16/2024 4:46:11 PM,3/16/2024 5:08:00 PM,375487.619,2777331.953
12,2024-03-17,瑞芳DC,QIDC,KPD3801,S3001888888,瑞芳ＤＣ,2024-03-17 06:00:00,3/17/2024 7:01:36 AM,,375487.619,2777331.953
12,2024-03-17,瑞芳DC,QI02,KPD3801,1001019598,護校店,2024-03-17 06:00:00,,3/17/2024 9:00:00 AM,358933.83,2774270.102
12,2024-03-17,瑞芳DC,QI03,KPD3801,1001020998,港忠店,2024-03-17 06:00:00,3/17/2024 8:11:57 AM,3/17/2024 9:15:00 AM,359553.863,2771808.725
12,2024-03-17,瑞芳DC,QI04,KPD3801,1001023213,南港生技店,2024-03-17 06:00:00,3/17/2024 8:20:06 AM,3/17/2024 9:20:00 AM,358943.324,2771694.453
12,2024-03-17,瑞芳DC,QI05,KPD3801,1001019031,中研店,2024-03-17 06:00:00,3/17/2024 8:29:47 AM,3/17/2024 9:25:00 AM,359343.914,2771189.961
12,2024-03-17,瑞芳DC,QI06,KPD3801,1001019502,研究院店,2024-03-17 06:00:00,3/17/2024 8:36:03 AM,3/17/2024 9:30:00 AM,359449.734,2770984.432
12,2024-03-17,瑞芳DC,QI07,KPD3801,1001020368,新莊研店,2024-03-17 06:00:00,3/17/2024 8:40:05 AM,3/17/2024 9:35:00 AM,360073.962,2770265.899
12,2024-03-17,瑞芳DC,QI08,KPD3801,1001022898,汐止鑫宜興店,2024-03-17 06:00:00,3/17/2024 8:46:11 AM,3/17/2024 9:40:00 AM,360091.053,2770502.424
12,2024-03-17,瑞芳DC,QI09,KPD3801,1001015973,國興店,2024-03-17 06:00:00,3/17/2024 8:50:17 AM,3/17/2024 9:45:00 AM,359837.984,2770670.794
12,2024-03-17,瑞芳DC,QI10,KPD3801,1001021880,胡適店,2024-03-17 06:00:00,3/17/2024 8:52:50 AM,3/17/2024 9:50:00 AM,359766.303,2770586.98
12,2024-03-17,瑞芳DC,QI11,KPD3801,1001020924,汐止橫科店,2024-03-17 06:00:00,3/17/2024 8:57:15 AM,3/17/2024 9:55:00 AM,359867.032,2771266.72
12,2024-03-17,瑞芳DC,QI12,KPD3801,1001023694,汐止力行店,2024-03-17 06:00:00,3/17/2024 9:01:53 AM,3/17/2024 10:00:00 AM,359694.885,2771578.569
12,2024-03-17,瑞芳DC,QI13,KPD3801,1001022562,富康店,2024-03-17 06:00:00,3/17/2024 9:06:47 AM,3/17/2024 10:05:00 AM,359648.525,2771656.842
12,2024-03-17,瑞芳DC,QI14,KPD3801,1001022616,汐止南陽店,2024-03-17 06:00:00,3/17/2024 9:20:45 AM,3/17/2024 10:15:00 AM,360534.606,2772384.79
12,2024-03-17,瑞芳DC,QI16,KPD3801,1001022751,汐止樟興店,2024-03-17 06:00:00,3/17/2024 9:30:33 AM,3/17/2024 10:30:00 AM,362184.599,2772777.308
12,2024-03-17,瑞芳DC,QI17,KPD3801,1001018981,汐止樟中店,2024-03-17 06:00:00,3/17/2024 9:36:58 AM,3/17/2024 10:35:00 AM,362194.011,2773057.462
12,2024-03-17,瑞芳DC,QI18,KPD3801,1001021070,汐止忠樹店,2024-03-17 06:00:00,3/17/2024 9:34:30 AM,3/17/2024 10:40:00 AM,362040.911,2772995.745
12,2024-03-17,瑞芳DC,QI19,KPD3801,1001021010,汐止樟福店,2024-03-17 06:00:00,3/17/2024 9:47:10 AM,3/17/2024 10:45:00 AM,362239.808,2773214.738
12,2024-03-17,瑞芳DC,QI20,KPD3801,1001021797,汐止新樹店,2024-03-17 06:00:00,3/17/2024 9:51:11 AM,3/17/2024 10:50:00 AM,362100.018,2773540.519
12,2024-03-17,瑞芳DC,QI21,KPD3801,1001021512,汐止福德店,2024-03-17 06:00:00,3/17/2024 10:02:45 AM,3/17/2024 10:55:00 AM,361739.111,2773587.571
12,2024-03-17,瑞芳DC,QI22,KPD3801,1001017788,汐止福旺店,2024-03-17 06:00:00,3/17/2024 9:58:52 AM,3/17/2024 11:00:00 AM,361779.714,2773416.123
12,2024-03-17,瑞芳DC,QI23,KPD3801,1001019397,汐止長虹店,2024-03-17 06:00:00,3/17/2024 10:07:15 AM,3/17/2024 11:05:00 AM,361330.145,2773227.27
12,2024-03-17,瑞芳DC,QI24,KPD3801,1001020039,汐止興中店,2024-03-17 06:00:00,,3/17/2024 11:10:00 AM,361219.223,2773081.775
12,2024-03-17,瑞芳DC,QI25,KPD3801,1001023210,汐止興福店,2024-03-17 06:00:00,3/17/2024 10:13:44 AM,3/17/2024 11:15:00 AM,361075.746,2773121.042
12,2024-03-17,瑞芳DC,QI26,KPD3801,1001017139,汐止茂盛店,2024-03-17 06:00:00,3/17/2024 10:21:20 AM,3/17/2024 11:20:00 AM,361402.432,2772271.727
12,2024-03-17,瑞芳DC,QIDC,KPD3801,3001888888,瑞芳ＤＣ,2024-03-17 06:00:00,3/17/2024 10:45:49 AM,3/17/2024 11:45:00 AM,375487.619,2777331.953
12,2024-03-17,瑞芳DC,SIDC,KPD3801,S3001888888,瑞芳ＤＣ,2024-03-17 11:30:00,3/17/2024 11:55:37 AM,,375487.619,2777331.953
12,2024-03-17,瑞芳DC,SI01,KPD3801,1001019266,新店金采店,2024-03-17 11:30:00,3/17/2024 1:06:29 PM,3/17/2024 2:20:00 PM,351804.91,2764409.244
12,2024-03-17,瑞芳DC,SI02,KPD3801,1001023574,新店民佳店,2024-03-17 11:30:00,3/17/2024 1:13:31 PM,3/17/2024 2:25:00 PM,351629.265,2764115.747
12,2024-03-17,瑞芳DC,SI03,KPD3801,1001022995,新店慈濟店,2024-03-17 11:30:00,3/17/2024 1:19:32 PM,3/17/2024 2:30:00 PM,351388.155,2764442.647
12,2024-03-17,瑞芳DC,SI04,KPD3801,1001018336,新店復興店,2024-03-17 11:30:00,3/17/2024 1:38:10 PM,3/17/2024 2:40:00 PM,351283.16,2764098.636
12,2024-03-17,瑞芳DC,SI05,KPD3801,1001020494,新店大鵬店,2024-03-17 11:30:00,3/17/2024 1:49:02 PM,3/17/2024 2:45:00 PM,351232.121,2764941.549
12,2024-03-17,瑞芳DC,SI06,KPD3801,1001014690,新店莊敬店,2024-03-17 11:30:00,3/17/2024 1:52:51 PM,3/17/2024 2:50:00 PM,351139.244,2764350.577
12,2024-03-17,瑞芳DC,SI07,KPD3801,1001017303,新店中盛店,2024-03-17 11:30:00,3/17/2024 1:55:56 PM,3/17/2024 2:55:00 PM,351151.41,2764099.484
12,2024-03-17,瑞芳DC,SI08,KPD3801,1001021233,新店公宅店,2024-03-17 11:30:00,3/17/2024 2:01:33 PM,3/17/2024 3:00:00 PM,350432.0,2764001.501
12,2024-03-17,瑞芳DC,SI09,KPD3801,1001015042,新店民權店,2024-03-17 11:30:00,,3/17/2024 3:10:00 PM,351485.162,2764075.831
12,2024-03-17,瑞芳DC,SI10,KPD3801,1001023974,新店江陵店,2024-03-17 11:30:00,3/17/2024 2:16:15 PM,3/17/2024 3:15:00 PM,351554.681,2763886.636
12,2024-03-17,瑞芳DC,SI11,KPD3801,1001015483,新店慶民店,2024-03-17 11:30:00,3/17/2024 2:21:06 PM,3/17/2024 3:20:00 PM,351811.842,2764040.288
12,2024-03-17,瑞芳DC,SI12,KPD3801,1001021057,新店順安店,2024-03-17 11:30:00,3/17/2024 2:37:23 PM,3/17/2024 3:30:00 PM,351869.14,2764462.85
12,2024-03-17,瑞芳DC,SI13,KPD3801,1001020986,新店新豐店,2024-03-17 11:30:00,3/17/2024 2:47:23 PM,3/17/2024 3:35:00 PM,351926.989,2763815.492
12,2024-03-17,瑞芳DC,SI14,KPD3801,1001019309,新店寶元店,2024-03-17 11:30:00,3/17/2024 12:34:39 PM,3/17/2024 3:40:00 PM,352010.206,2764066.853
12,2024-03-17,瑞芳DC,SI15,KPD3801,1001018051,新店新寶安店,2024-03-17 11:30:00,3/17/2024 2:55:21 PM,3/17/2024 3:45:00 PM,352167.558,2763961.498
12,2024-03-17,瑞芳DC,SI16,KPD3801,1001016113,新店新文強店,2024-03-17 11:30:00,3/17/2024 2:58:32 PM,3/17/2024 3:50:00 PM,352112.978,2763718.888
12,2024-03-17,瑞芳DC,SI17,KPD3801,1001022916,新店新寶橋店,2024-03-17 11:30:00,3/17/2024 3:06:20 PM,3/17/2024 4:00:00 PM,352287.474,2763191.535
12,2024-03-17,瑞芳DC,SI18,KPD3801,1001020441,新店德正店,2024-03-17 11:30:00,3/17/2024 3:10:39 PM,3/17/2024 4:05:00 PM,352250.015,2762831.896
12,2024-03-17,瑞芳DC,SI19,KPD3801,1001020253,新店華盛店,2024-03-17 11:30:00,3/17/2024 3:18:04 PM,3/17/2024 4:10:00 PM,351951.519,2762826.395
12,2024-03-17,瑞芳DC,SI20,KPD3801,1001020252,新店新華店,2024-03-17 11:30:00,3/17/2024 3:22:45 PM,3/17/2024 4:15:00 PM,351889.581,2762341.312
12,2024-03-17,瑞芳DC,SI21,KPD3801,1001017925,新店光盛店,2024-03-17 11:30:00,3/17/2024 3:27:43 PM,3/17/2024 4:20:00 PM,351766.364,2761894.382
12,2024-03-17,瑞芳DC,SI22,KPD3801,1001021028,新店光明店,2024-03-17 11:30:00,3/17/2024 3:30:44 PM,3/17/2024 4:20:00 PM,351707.803,2761694.849
12,2024-03-17,瑞芳DC,SI23,KPD3801,1001020221,新店行政店,2024-03-17 11:30:00,3/17/2024 3:35:19 PM,3/17/2024 4:25:00 PM,352037.981,2762346.418
12,2024-03-17,瑞芳DC,SIDC,KPD3801,3001888888,瑞芳ＤＣ,2024-03-17 11:30:00,3/17/2024 4:17:30 PM,3/17/2024 5:08:00 PM,375487.619,2777331.953
12,2024-03-18,瑞芳DC,901DC,KPD3801,S3001888888,瑞芳ＤＣ,2024-03-19 14:48:00,,,375487.619,2777331.953
12,2024-03-18,瑞芳DC,QE12,KPD3801,1001021716,康柏店,2024-03-19 14:48:00,,3/18/2024 10:20:00 AM,354054.932,2771919.697
12,2024-03-18,瑞芳DC,901DC,KPD3801,3001888888,瑞芳ＤＣ,2024-03-19 14:48:00,,3/18/2024 10:54:00 AM,375487.619,2777331.953
03,2024-11-28,瑞芳DC,104DC,KPD3801,S3001888888,瑞芳ＤＣ,2024-11-28 12:39:00,,,375487.619,2777331.953
03,2024-11-28,瑞芳DC,GL03,KPD3801,1001015818,興和店,2024-11-28 12:39:00,11/28/2024 12:06:54 PM,11/28/2024 1:50:00 PM,352243.073,2769110.59
03,2024-11-28,瑞芳DC,GL04,KPD3801,1001020399,義安店,2024-11-28 12:39:00,11/28/2024 12:39:24 PM,11/28/2024 1:50:00 PM,352631.846,2769633.57
03,2024-11-28,瑞芳DC,GP05,KPD3801,1001020914,興仁店,2024-11-28 12:39:00,11/28/2024 12:59:54 PM,11/28/2024 2:00:00 PM,352273.658,2770310.254
03,2024-11-28,瑞芳DC,GP06,KPD3801,1001023922,興忠店,2024-11-28 12:39:00,11/28/2024 12:59:54 PM,11/28/2024 2:05:00 PM,352222.571,2770379.988
03,2024-11-28,瑞芳DC,GU09,KPD3801,1001017725,敦新店,2024-11-28 12:39:00,11/28/2024 1:27:41 PM,11/28/2024 2:20:00 PM,352854.676,2770068.428
03,2024-11-28,瑞芳DC,GU10,KPD3801,1001021426,敦安店,2024-11-28 12:39:00,11/28/2024 1:42:31 PM,11/28/2024 2:30:00 PM,352915.317,2769742.703
03,2024-11-28,瑞芳DC,GM15,KPD3801,1001023662,新信德店,2024-11-28 12:39:00,11/28/2024 2:03:49 PM,11/28/2024 2:45:00 PM,355361.634,2769538.527
03,2024-11-28,瑞芳DC,GM16,KPD3801,1001021979,松永店,2024-11-28 12:39:00,11/28/2024 2:13:52 PM,11/28/2024 2:50:00 PM,355397.066,2769992.908
03,2024-11-28,瑞芳DC,104DC,KPD3801,3001888888,瑞芳ＤＣ,2024-11-28 12:39:00,11/28/2024 2:53:10 PM,11/28/2024 4:02:00 PM,375487.619,2777331.953
03,2024-11-28,瑞芳DC,DTDC,KPD3801,S3001888888,瑞芳ＤＣ,2024-11-28 06:30:00,,,375487.619,2777331.953
03,2024-11-28,瑞芳DC,DT01,KPD3801,1001021457,新店五豐店,2024-11-28 06:30:00,11/28/2024 9:49:59 AM,11/28/2024 8:45:00 AM,352216.273,2762644.677
03,2024-11-28,瑞芳DC,DT02,KPD3801,1001022847,新店鑫峰店,2024-11-28 06:30:00,11/28/2024 8:08:32 AM,11/28/2024 8:55:00 AM,351644.904,2761393.669
03,2024-11-28,瑞芳DC,DT04,KPD3801,1001022916,新店新寶橋店,2024-11-28 06:30:00,11/28/2024 8:19:15 AM,11/28/2024 9:05:00 AM,352287.474,2763191.535
03,2024-11-28,瑞芳DC,DT05,KPD3801,1001023399,新店新文強店,2024-11-28 06:30:00,11/28/2024 8:28:50 AM,11/28/2024 9:25:00 AM,352112.978,2763718.888
03,2024-11-28,瑞芳DC,DT06,KPD3801,1001020317,新店富強店,2024-11-28 06:30:00,11/28/2024 8:40:08 AM,11/28/2024 9:35:00 AM,352272.657,2763835.582
03,2024-11-28,瑞芳DC,DT07,KPD3801,1001023425,新店新寶工店,2024-11-28 06:30:00,11/28/2024 8:55:41 AM,11/28/2024 9:45:00 AM,352994.234,2763781.171
03,2024-11-28,瑞芳DC,DT08,KPD3801,1001015043,新店橋興店,2024-11-28 06:30:00,11/28/2024 9:04:57 AM,11/28/2024 9:55:00 AM,352939.542,2764166.551
03,2024-11-28,瑞芳DC,DT09,KPD3801,1001017775,新店寶中店,2024-11-28 06:30:00,11/28/2024 9:20:52 AM,11/28/2024 10:05:00 AM,352565.081,2763838.162
03,2024-11-28,瑞芳DC,DT10,KPD3801,1001023350,新店民佳店,2024-11-28 06:30:00,11/28/2024 9:36:21 AM,11/28/2024 10:15:00 AM,351629.265,2764115.747
03,2024-11-28,瑞芳DC,DTDC,KPD3801,3001888888,瑞芳ＤＣ,2024-11-28 06:30:00,11/28/2024 10:32:52 AM,11/28/2024 11:55:00 AM,375487.619,2777331.953
03,2024-11-29,瑞芳DC,DLDC,KPD3801,S3001888888,瑞芳ＤＣ,2024-11-29 06:20:00,,,375487.619,2777331.953
03,2024-11-29,瑞芳DC,DL02,KPD3801,1001020485,新湖店,2024-11-29 06:20:00,,11/29/2024 8:50:00 AM,356192.905,2773120.817
03,2024-11-29,瑞芳DC,DL03,KPD3801,1001022211,行善公宅店,2024-11-29 06:20:00,11/29/2024 8:17:16 AM,11/29/2024 9:00:00 AM,356097.196,2772584.503
03,2024-11-29,瑞芳DC,DL04,KPD3801,1001022932,行善店,2024-11-29 06:20:00,11/29/2024 8:29:43 AM,11/29/2024 9:10:00 AM,356356.893,2772767.611
03,2024-11-29,瑞芳DC,DL05,KPD3801,1001022680,興華店,2024-11-29 06:20:00,11/29/2024 8:52:08 AM,11/29/2024 9:20:00 AM,358516.977,2772109.03
03,2024-11-29,瑞芳DC,DL06,KPD3801,1001015973,國興店,2024-11-29 06:20:00,11/29/2024 9:09:20 AM,11/29/2024 9:40:00 AM,359837.984,2770670.794
03,2024-11-29,瑞芳DC,DL07,KPD3801,1001021880,胡適店,2024-11-29 06:20:00,11/29/2024 9:13:46 AM,11/29/2024 9:50:00 AM,359766.303,2770586.98
03,2024-11-29,瑞芳DC,DL08,KPD3801,1001022898,汐止鑫宜興店,2024-11-29 06:20:00,11/29/2024 9:23:44 AM,11/29/2024 10:00:00 AM,360091.053,2770502.424
03,2024-11-29,瑞芳DC,DL09,KPD3801,1001020368,新莊研店,2024-11-29 06:20:00,11/29/2024 9:32:26 AM,11/29/2024 10:10:00 AM,360073.962,2770265.899
03,2024-11-29,瑞芳DC,DL10,KPD3801,1001022562,富康店,2024-11-29 06:20:00,11/29/2024 9:47:28 AM,11/29/2024 10:20:00 AM,359648.525,2771656.842
03,2024-11-29,瑞芳DC,DL11,KPD3801,1001023694,汐止力行店,2024-11-29 06:20:00,11/29/2024 9:53:02 AM,11/29/2024 10:30:00 AM,359694.885,2771578.569
03,2024-11-29,瑞芳DC,DL12,KPD3801,1001020924,汐止橫科店,2024-11-29 06:20:00,11/29/2024 10:00:46 AM,11/29/2024 10:40:00 AM,359867.032,2771266.72
03,2024-11-29,瑞芳DC,DLDC,KPD3801,3001888888,瑞芳ＤＣ,2024-11-29 06:20:00,11/29/2024 10:36:16 AM,11/29/2024 11:05:00 AM,375487.619,2777331.953
03,2024-11-29,瑞芳DC,GLDC,KPD3801,S3001888888,瑞芳ＤＣ,2024-11-29 11:00:00,11/29/2024 11:45:51 AM,,375487.619,2777331.953
03,2024-11-29,瑞芳DC,GL01,KPD3801,1001024040,大森店,2024-11-29 11:00:00,11/29/2024 12:30:37 PM,11/29/2024 1:30:00 PM,351469.953,2769777.842
03,2024-11-29,瑞芳DC,GL02,KPD3801,1001018052,興南店,2024-11-29 11:00:00,11/29/2024 12:45:15 PM,11/29/2024 1:40:00 PM,352204.549,2769621.491
03,2024-11-29,瑞芳DC,GL03,KPD3801,1001015818,興和店,2024-11-29 11:00:00,11/29/2024 12:52:44 PM,11/29/2024 1:50:00 PM,352243.073,2769110.59
03,2024-11-29,瑞芳DC,GL04,KPD3801,1001020399,義安店,2024-11-29 11:00:00,11/29/2024 1:06:37 PM,11/29/2024 1:50:00 PM,352631.846,2769633.57
03,2024-11-29,瑞芳DC,GL06,KPD3801,1001019160,復豐店,2024-11-29 11:00:00,11/29/2024 1:23:02 PM,11/29/2024 2:10:00 PM,352283.176,2769749.399
03,2024-11-29,瑞芳DC,GL07,KPD3801,1001022950,懷生店,2024-11-29 11:00:00,11/29/2024 1:35:49 PM,11/29/2024 2:20:00 PM,352283.176,2769749.399
03,2024-11-29,瑞芳DC,GL08,KPD3801,1001019760,正興店,2024-11-29 11:00:00,11/29/2024 1:47:28 PM,11/29/2024 2:30:00 PM,351991.937,2770553.905
03,2024-11-29,瑞芳DC,GL09,KPD3801,1001021455,濟南二店,2024-11-29 11:00:00,11/29/2024 1:56:12 PM,11/29/2024 2:40:00 PM,351234.804,2770454.567
03,2024-11-29,瑞芳DC,GL10,KPD3801,1001019674,新北科店,2024-11-29 11:00:00,11/29/2024 2:09:10 PM,11/29/2024 2:50:00 PM,351196.72,2770866.909
03,2024-11-29,瑞芳DC,GL11,KPD3801,1001016573,北科店,2024-11-29 11:00:00,11/29/2024 2:24:15 PM,11/29/2024 3:00:00 PM,351651.361,2770806.472
03,2024-11-29,瑞芳DC,GL12,KPD3801,1001018581,昌隆店,2024-11-29 11:00:00,11/29/2024 2:45:40 PM,11/29/2024 3:10:00 PM,351864.837,2770824.725
03,2024-11-29,瑞芳DC,GLDC,KPD3801,3001888888,瑞芳ＤＣ,2024-11-29 11:00:00,11/29/2024 3:32:16 PM,11/29/2024 4:11:00 PM,375487.619,2777331.953
03,2024-12-01,瑞芳DC,DZDC,KPD3801,S3001888888,瑞芳ＤＣ,2024-12-01 03:21:00,,,375487.619,2777331.953
03,2024-12-01,瑞芳DC,DZ02,KPD3801,1001020641,港成店,2024-12-01 03:21:00,12/1/2024 8:12:03 AM,12/1/2024 9:20:00 AM,357244.55,2771968.478
03,2024-12-01,瑞芳DC,DZ03,KPD3801,1001016840,向陽店,2024-12-01 03:21:00,12/1/2024 8:19:15 AM,12/1/2024 9:30:00 AM,357534.235,2772028.88
03,2024-12-01,瑞芳DC,DZ04,KPD3801,1001022011,中視店,2024-12-01 03:21:00,12/1/2024 8:26:46 AM,12/1/2024 9:40:00 AM,358094.986,2772140.491
03,2024-12-01,瑞芳DC,DZ05,KPD3801,1001020277,重陽店,2024-12-01 03:21:00,12/1/2024 8:32:17 AM,12/1/2024 9:50:00 AM,357823.311,2772207.091
03,2024-12-01,瑞芳DC,DZ06,KPD3801,1001022836,台塑店,2024-12-01 03:21:00,12/1/2024 8:47:10 AM,12/1/2024 10:00:00 AM,356728.766,2772522.09
03,2024-12-01,瑞芳DC,DZ07,KPD3801,1001023079,南港車站店,2024-12-01 03:21:00,12/1/2024 9:10:31 AM,12/1/2024 10:10:00 AM,358669.188,2771780.932
03,2024-12-01,瑞芳DC,DZ08,KPD3801,1001023213,南港生技店,2024-12-01 03:21:00,12/1/2024 9:34:21 AM,12/1/2024 10:30:00 AM,358943.324,2771694.453
03,2024-12-01,瑞芳DC,DZ09,KPD3801,1001020998,港忠店,2024-12-01 03:21:00,12/1/2024 9:48:06 AM,12/1/2024 10:40:00 AM,359553.863,2771808.725
03,2024-12-01,瑞芳DC,DZ10,KPD3801,1001019031,中研店,2024-12-01 03:21:00,12/1/2024 9:57:26 AM,12/1/2024 10:50:00 AM,359343.914,2771189.961
03,2024-12-01,瑞芳DC,DZ11,KPD3801,1001019502,研究院店,2024-12-01 03:21:00,12/1/2024 10:04:08 AM,12/1/2024 11:00:00 AM,359449.734,2770984.432
03,2024-12-01,瑞芳DC,DZDC,KPD3801,3001888888,瑞芳ＤＣ,2024-12-01 03:21:00,12/1/2024 10:42:38 AM,12/1/2024 11:40:00 AM,375487.619,2777331.953
03,2024-12-01,瑞芳DC,GZDC,KPD3801,S3001888888,瑞芳ＤＣ,2024-12-01 11:00:00,12/1/2024 11:35:47 AM,,375487.619,2777331.953
03,2024-12-01,瑞芳DC,GZ01,KPD3801,1001019505,永吉二店,2024-12-01 11:00:00,12/1/2024 12:10:27 PM,12/1/2024 1:00:00 PM,355328.575,2771011.809
03,2024-12-01,瑞芳DC,GZ02,KPD3801,1001022952,寶清店,2024-12-01 11:00:00,12/1/2024 12:27:04 PM,12/1/2024 1:10:00 PM,355188.168,2771454.819
03,2024-12-01,瑞芳DC,GZ03,KPD3801,1001020556,松慈店,2024-12-01 11:00:00,12/1/2024 12:30:54 PM,12/1/2024 1:20:00 PM,355551.114,2771472.505
03,2024-12-01,瑞芳DC,GZ04,KPD3801,1001018459,工業一店,2024-12-01 11:00:00,,12/1/2024 1:40:00 PM,359331.783,2772235.231
03,2024-12-01,瑞芳DC,GZ07,KPD3801,1001022418,經貿店,2024-12-01 11:00:00,12/1/2024 1:16:14 PM,12/1/2024 2:20:00 PM,359395.082,2772515.809
03,2024-12-01,瑞芳DC,GZ08,KPD3801,1001020316,大聯大店,2024-12-01 11:00:00,12/1/2024 1:21:51 PM,12/1/2024 2:30:00 PM,359577.769,2772643.287
03,2024-12-01,瑞芳DC,GZ09,KPD3801,1001018582,汐止保興店,2024-12-01 11:00:00,12/1/2024 1:48:17 PM,12/1/2024 2:50:00 PM,365461.094,2774730.97
03,2024-12-01,瑞芳DC,GZ10,KPD3801,1001016026,汐止鄉長店,2024-12-01 11:00:00,12/1/2024 1:56:34 PM,12/1/2024 3:00:00 PM,364543.736,2774150.2
03,2024-12-01,瑞芳DC,GZ11,KPD3801,1001018090,汐止和平店,2024-12-01 11:00:00,12/1/2024 2:04:55 PM,12/1/2024 3:10:00 PM,364258.509,2773704.926
03,2024-12-01,瑞芳DC,GZ12,KPD3801,1001022477,汐止農會店,2024-12-01 11:00:00,12/1/2024 2:12:27 PM,12/1/2024 3:20:00 PM,364119.693,2773559.808
03,2024-12-01,瑞芳DC,GZ13,KPD3801,1001023480,汐止秀峰店,2024-12-01 11:00:00,12/1/2024 2:24:49 PM,12/1/2024 3:40:00 PM,364252.154,2773250.227
03,2024-12-01,瑞芳DC,GZDC,KPD3801,3001888888,瑞芳ＤＣ,2024-12-01 11:00:00,12/1/2024 3:01:19 PM,12/1/2024 4:10:00 PM,375487.619,2777331.953
03,2024-12-02,瑞芳DC,DTDC,KPD3801,S3001888888,瑞芳ＤＣ,2024-12-02 06:30:00,12/2/2024 7:19:15 AM,,375487.619,2777331.953
03,2024-12-02,瑞芳DC,DT01,KPD3801,1001021457,新店五豐店,2024-12-02 06:30:00,12/2/2024 7:57:13 AM,12/2/2024 8:45:00 AM,352216.273,2762644.677
03,2024-12-02,瑞芳DC,DT02,KPD3801,1001022847,新店鑫峰店,2024-12-02 06:30:00,12/2/2024 8:32:04 AM,12/2/2024 8:55:00 AM,351644.904,2761393.669
03,2024-12-02,瑞芳DC,DT03,KPD3801,1001015188,新店統寶店,2024-12-02 06:30:00,12/2/2024 9:04:14 AM,12/2/2024 9:05:00 AM,352747.249,2763024.13
03,2024-12-02,瑞芳DC,DT04,KPD3801,1001022916,新店新寶橋店,2024-12-02 06:30:00,12/2/2024 9:16:56 AM,12/2/2024 9:05:00 AM,352287.474,2763191.535
03,2024-12-02,瑞芳DC,DT05,KPD3801,1001023399,新店新文強店,2024-12-02 06:30:00,12/2/2024 9:29:25 AM,12/2/2024 9:25:00 AM,352112.978,2763718.888
03,2024-12-02,瑞芳DC,DT06,KPD3801,1001020317,新店富強店,2024-12-02 06:30:00,12/2/2024 9:37:56 AM,12/2/2024 9:35:00 AM,352272.657,2763835.582
03,2024-12-02,瑞芳DC,DT07,KPD3801,1001023425,新店新寶工店,2024-12-02 06:30:00,12/2/2024 9:49:19 AM,12/2/2024 9:45:00 AM,352994.234,2763781.171
03,2024-12-02,瑞芳DC,DT08,KPD3801,1001015043,新店橋興店,2024-12-02 06:30:00,12/2/2024 9:55:26 AM,12/2/2024 9:55:00 AM,352939.542,2764166.551
03,2024-12-02,瑞芳DC,DT09,KPD3801,1001017775,新店寶中店,2024-12-02 06:30:00,12/2/2024 10:07:16 AM,12/2/2024 10:05:00 AM,352565.081,2763838.162
03,2024-12-02,瑞芳DC,DT10,KPD3801,1001023350,新店民佳店,2024-12-02 06:30:00,12/2/2024 10:19:10 AM,12/2/2024 10:15:00 AM,351629.265,2764115.747
03,2024-12-02,瑞芳DC,DTDC,KPD3801,3001888888,瑞芳ＤＣ,2024-12-02 06:30:00,12/2/2024 11:20:29 AM,12/2/2024 11:55:00 AM,375487.619,2777331.953
03,2024-12-02,瑞芳DC,GZDC,KPD3801,S3001888888,瑞芳ＤＣ,2024-12-02 11:00:00,12/2/2024 12:34:18 PM,,375487.619,2777331.953
03,2024-12-02,瑞芳DC,GZ01,KPD3801,1001019505,永吉二店,2024-12-02 11:00:00,12/2/2024 1:01:49 PM,12/2/2024 1:00:00 PM,355328.575,2771011.809
03,2024-12-02,瑞芳DC,GZ02,KPD3801,1001022952,寶清店,2024-12-02 11:00:00,12/2/2024 1:29:16 PM,12/2/2024 1:10:00 PM,355188.168,2771454.819
03,2024-12-02,瑞芳DC,GZ03,KPD3801,1001020556,松慈店,2024-12-02 11:00:00,12/2/2024 1:36:03 PM,12/2/2024 1:20:00 PM,355551.114,2771472.505
03,2024-12-02,瑞芳DC,GZ04,KPD3801,1001018459,工業一店,2024-12-02 11:00:00,12/2/2024 2:06:09 PM,12/2/2024 1:40:00 PM,359331.783,2772235.231
03,2024-12-02,瑞芳DC,GZ05,KPD3801,1001022903,工業三店,2024-12-02 11:00:00,12/2/2024 2:08:43 PM,12/2/2024 2:00:00 PM,359476.137,2772266.427
03,2024-12-02,瑞芳DC,GZ06,KPD3801,1001018852,宏展店,2024-12-02 11:00:00,12/2/2024 2:08:43 PM,12/2/2024 2:10:00 PM,359391.605,2772230.586
03,2024-12-02,瑞芳DC,GZ07,KPD3801,1001022418,經貿店,2024-12-02 11:00:00,12/2/2024 2:43:32 PM,12/2/2024 2:20:00 PM,359395.082,2772515.809
03,2024-12-02,瑞芳DC,GZ09,KPD3801,1001018582,汐止保興店,2024-12-02 11:00:00,12/2/2024 3:20:25 PM,12/2/2024 2:50:00 PM,365461.094,2774730.97
03,2024-12-02,瑞芳DC,GZ08,KPD3801,1001020316,大聯大店,2024-12-02 11:00:00,12/2/2024 2:48:36 PM,12/2/2024 2:30:00 PM,359577.769,2772643.287
03,2024-12-02,瑞芳DC,GZDC,KPD3801,3001888888,瑞芳ＤＣ,2024-12-02 11:00:00,12/2/2024 3:48:17 PM,12/2/2024 4:10:00 PM,375487.619,2777331.953
03,2024-12-03,瑞芳DC,DZDC,KPD3801,S3001888888,瑞芳ＤＣ,2024-12-03 07:30:00,12/3/2024 7:26:00 AM,,375487.619,2777331.953
03,2024-12-03,瑞芳DC,DZ01,KPD3801,1001021647,小彎公宅店,2024-12-03 07:30:00,12/3/2024 8:20:21 AM,12/3/2024 9:10:00 AM,357313.808,2772357.857
03,2024-12-03,瑞芳DC,DZ02,KPD3801,1001020641,港成店,2024-12-03 07:30:00,12/3/2024 8:38:44 AM,12/3/2024 9:20:00 AM,357244.55,2771968.478
03,2024-12-03,瑞芳DC,DZ03,KPD3801,1001016840,向陽店,2024-12-03 07:30:00,12/3/2024 8:50:28 AM,12/3/2024 9:30:00 AM,357534.235,2772028.88
03,2024-12-03,瑞芳DC,DZ04,KPD3801,1001022011,中視店,2024-12-03 07:30:00,12/3/2024 8:58:11 AM,12/3/2024 9:40:00 AM,358094.986,2772140.491
03,2024-12-03,瑞芳DC,DZ05,KPD3801,1001020277,重陽店,2024-12-03 07:30:00,12/3/2024 9:12:54 AM,12/3/2024 9:50:00 AM,357823.311,2772207.091
03,2024-12-03,瑞芳DC,DZ06,KPD3801,1001022836,台塑店,2024-12-03 07:30:00,12/3/2024 9:40:43 AM,12/3/2024 10:00:00 AM,356728.766,2772522.09
03,2024-12-03,瑞芳DC,DZ07,KPD3801,1001023079,南港車站店,2024-12-03 07:30:00,12/3/2024 10:09:06 AM,12/3/2024 10:10:00 AM,358669.188,2771780.932
03,2024-12-03,瑞芳DC,DZ08,KPD3801,1001023213,南港生技店,2024-12-03 07:30:00,12/3/2024 10:39:49 AM,12/3/2024 10:30:00 AM,358943.324,2771694.453
03,2024-12-03,瑞芳DC,DZ09,KPD3801,1001020998,港忠店,2024-12-03 07:30:00,12/3/2024 10:46:09 AM,12/3/2024 10:40:00 AM,359553.863,2771808.725
03,2024-12-03,瑞芳DC,DZ10,KPD3801,1001019031,中研店,2024-12-03 07:30:00,12/3/2024 10:54:48 AM,12/3/2024 10:50:00 AM,359343.914,2771189.961
03,2024-12-03,瑞芳DC,DZ11,KPD3801,1001019502,研究院店,2024-12-03 07:30:00,12/3/2024 11:04:13 AM,12/3/2024 11:00:00 AM,359449.734,2770984.432
03,2024-12-03,瑞芳DC,DZDC,KPD3801,3001888888,瑞芳ＤＣ,2024-12-03 07:30:00,12/3/2024 11:43:04 AM,12/3/2024 11:40:00 AM,375487.619,2777331.953
03,2024-12-03,瑞芳DC,GZDC,KPD3801,S3001888888,瑞芳ＤＣ,2024-12-03 11:00:00,12/3/2024 12:31:00 PM,,375487.619,2777331.953
03,2024-12-03,瑞芳DC,GZ01,KPD3801,1001019505,永吉二店,2024-12-03 11:00:00,12/3/2024 1:01:36 PM,12/3/2024 1:00:00 PM,355328.575,2771011.809
03,2024-12-03,瑞芳DC,GZ02,KPD3801,1001022952,寶清店,2024-12-03 11:00:00,12/3/2024 1:19:22 PM,12/3/2024 1:10:00 PM,355188.168,2771454.819
03,2024-12-03,瑞芳DC,GZ03,KPD3801,1001020556,松慈店,2024-12-03 11:00:00,12/3/2024 1:26:32 PM,12/3/2024 1:20:00 PM,355551.114,2771472.505
03,2024-12-03,瑞芳DC,GZ04,KPD3801,1001018459,工業一店,2024-12-03 11:00:00,12/3/2024 1:53:19 PM,12/3/2024 1:40:00 PM,359331.783,2772235.231
03,2024-12-03,瑞芳DC,GZ05,KPD3801,1001022903,工業三店,2024-12-03 11:00:00,12/3/2024 1:53:19 PM,12/3/2024 2:00:00 PM,359476.137,2772266.427
03,2024-12-03,瑞芳DC,GZ06,KPD3801,1001018852,宏展店,2024-12-03 11:00:00,12/3/2024 1:53:19 PM,12/3/2024 2:10:00 PM,359391.605,2772230.586
03,2024-12-03,瑞芳DC,GZ07,KPD3801,1001022418,經貿店,2024-12-03 11:00:00,12/3/2024 2:31:44 PM,12/3/2024 2:20:00 PM,359395.082,2772515.809
03,2024-12-03,瑞芳DC,GZ08,KPD3801,1001020316,大聯大店,2024-12-03 11:00:00,12/3/2024 2:38:31 PM,12/3/2024 2:30:00 PM,359577.769,2772643.287
03,2024-12-03,瑞芳DC,GT15,KPD3801,1001021293,湖洲店,2024-12-03 11:00:00,12/3/2024 2:54:59 PM,12/3/2024 2:55:00 PM,358866.572,2773686.596
03,2024-12-03,瑞芳DC,GZDC,KPD3801,3001888888,瑞芳ＤＣ,2024-12-03 11:00:00,12/3/2024 3:35:52 PM,12/3/2024 4:10:00 PM,375487.619,2777331.953
03,2024-12-04,瑞芳DC,102DC,KPD3801,S3001888888,瑞芳ＤＣ,2024-12-04 09:19:00,12/4/2024 7:22:56 AM,,375487.619,2777331.953
03,2024-12-04,瑞芳DC,DS09,KPD3801,1001015086,興昌店,2024-12-04 09:19:00,12/4/2024 8:14:04 AM,12/4/2024 10:30:00 AM,353755.038,2766697.029
03,2024-12-04,瑞芳DC,DV06,KPD3801,1001018055,東方店,2024-12-04 09:19:00,12/4/2024 8:40:25 AM,12/4/2024 10:00:00 AM,353046.593,2769570.631
03,2024-12-04,瑞芳DC,DU08,KPD3801,1001024073,羅騰店,2024-12-04 09:19:00,12/4/2024 9:15:09 AM,12/4/2024 10:20:00 AM,350909.017,2768097.824
03,2024-12-04,瑞芳DC,DU09,KPD3801,1001019500,泰順店,2024-12-04 09:19:00,12/4/2024 9:28:25 AM,12/4/2024 10:30:00 AM,350991.257,2768793.386
03,2024-12-04,瑞芳DC,DU10,KPD3801,1001022012,台師店,2024-12-04 09:19:00,12/4/2024 9:41:28 AM,12/4/2024 10:40:00 AM,350546.342,2768838.36
03,2024-12-04,瑞芳DC,DU11,KPD3801,1001018080,和新店,2024-12-04 09:19:00,12/4/2024 10:06:26 AM,12/4/2024 10:50:00 AM,351481.812,2768825.945
03,2024-12-04,瑞芳DC,DU12,KPD3801,1001022801,國立教育店,2024-12-04 09:19:00,12/4/2024 10:22:18 AM,12/4/2024 11:00:00 AM,352509.442,2768574.801
03,2024-12-04,瑞芳DC,102DC,KPD3801,3001888888,瑞芳ＤＣ,2024-12-04 09:19:00,12/4/2024 11:30:35 AM,12/4/2024 12:45:00 PM,375487.619,2777331.953
03,2024-12-04,瑞芳DC,106DC,KPD3801,S3001888888,瑞芳ＤＣ,2024-12-04 11:00:00,12/4/2024 12:13:56 PM,,375487.619,2777331.953
03,2024-12-04,瑞芳DC,GX04,KPD3801,1001021894,汐止莊敬店,2024-12-04 11:00:00,12/4/2024 12:34:09 PM,12/4/2024 2:10:00 PM,363447.602,2772592.781
03,2024-12-04,瑞芳DC,GZ05,KPD3801,1001022903,工業三店,2024-12-04 11:00:00,12/4/2024 1:08:59 PM,12/4/2024 2:00:00 PM,359476.137,2772266.427
03,2024-12-04,瑞芳DC,GZ06,KPD3801,1001018852,宏展店,2024-12-04 11:00:00,12/4/2024 1:08:59 PM,12/4/2024 2:10:00 PM,359391.605,2772230.586
03,2024-12-04,瑞芳DC,GG08,KPD3801,1001019030,瑞亞店,2024-12-04 11:00:00,12/4/2024 1:55:27 PM,12/4/2024 2:35:00 PM,355374.39,2774417.364
03,2024-12-04,瑞芳DC,106DC,KPD3801,3001888888,瑞芳ＤＣ,2024-12-04 11:00:00,12/4/2024 2:47:36 PM,12/4/2024 3:50:00 PM,375487.619,2777331.953
03,2024-12-05,瑞芳DC,101DC,KPD3801,S3001888888,瑞芳ＤＣ,2024-12-05 09:12:00,12/5/2024 7:15:47 AM,,375487.619,2777331.953
03,2024-12-05,瑞芳DC,DU08,KPD3801,1001024073,羅騰店,2024-12-05 09:12:00,12/5/2024 8:42:33 AM,12/5/2024 10:20:00 AM,350909.017,2768097.824
03,2024-12-05,瑞芳DC,DU09,KPD3801,1001019500,泰順店,2024-12-05 09:12:00,12/5/2024 8:54:30 AM,12/5/2024 10:30:00 AM,350991.257,2768793.386
03,2024-12-05,瑞芳DC,DU10,KPD3801,1001022012,台師店,2024-12-05 09:12:00,12/5/2024 9:04:10 AM,12/5/2024 10:40:00 AM,350546.342,2768838.36
03,2024-12-05,瑞芳DC,DU11,KPD3801,1001018080,和新店,2024-12-05 09:12:00,12/5/2024 9:28:28 AM,12/5/2024 10:50:00 AM,351481.812,2768825.945
03,2024-12-05,瑞芳DC,DU12,KPD3801,1001022801,國立教育店,2024-12-05 09:12:00,12/5/2024 9:56:48 AM,12/5/2024 11:00:00 AM,352509.442,2768574.801
03,2024-12-05,瑞芳DC,101DC,KPD3801,3001888888,瑞芳ＤＣ,2024-12-05 09:12:00,12/5/2024 10:56:04 AM,12/5/2024 12:05:00 PM,375487.619,2777331.953
03,2024-12-05,瑞芳DC,103DC,KPD3801,S3001888888,瑞芳ＤＣ,2024-12-05 12:47:00,12/5/2024 11:52:17 AM,,375487.619,2777331.953
03,2024-12-05,瑞芳DC,GL04,KPD3801,1001020399,義安店,2024-12-05 12:47:00,12/5/2024 12:35:24 PM,12/5/2024 1:50:00 PM,352631.846,2769633.57
03,2024-12-05,瑞芳DC,GL05,KPD3801,1001022593,義興店,2024-12-05 12:47:00,12/5/2024 1:09:22 PM,12/5/2024 2:00:00 PM,352286.322,2769692.886
03,2024-12-05,瑞芳DC,GL06,KPD3801,1001019160,復豐店,2024-12-05 12:47:00,12/5/2024 1:22:42 PM,12/5/2024 2:10:00 PM,352283.176,2769749.399
03,2024-12-05,瑞芳DC,GP06,KPD3801,1001023922,興忠店,2024-12-05 12:47:00,12/5/2024 1:32:00 PM,12/5/2024 2:05:00 PM,352222.571,2770379.988
03,2024-12-05,瑞芳DC,GP07,KPD3801,1001021762,復豪店,2024-12-05 12:47:00,12/5/2024 1:40:00 PM,12/5/2024 2:15:00 PM,352203.26,2769881.517
03,2024-12-05,瑞芳DC,GI08,KPD3801,1001016837,明興店,2024-12-05 12:47:00,12/5/2024 2:06:13 PM,12/5/2024 2:20:00 PM,354132.294,2764855.22
03,2024-12-05,瑞芳DC,GI11,KPD3801,1001021400,試院店,2024-12-05 12:47:00,12/5/2024 2:37:52 PM,12/5/2024 2:50:00 PM,352557.853,2764552.651
03,2024-12-05,瑞芳DC,GH15,KPD3801,1001020253,新店華盛店,2024-12-05 12:47:00,12/5/2024 2:58:29 PM,12/5/2024 3:35:00 PM,351951.519,2762826.395
03,2024-12-05,瑞芳DC,103DC,KPD3801,3001888888,瑞芳ＤＣ,2024-12-05 12:47:00,12/5/2024 3:40:28 PM,12/5/2024 4:25:00 PM,375487.619,2777331.953
03,2024-12-08,瑞芳DC,DLDC,KPD3801,S3001888888,瑞芳ＤＣ,2024-12-08 06:20:00,12/8/2024 7:46:29 AM,,375487.619,2777331.953
03,2024-12-08,瑞芳DC,DL02,KPD3801,1001020485,新湖店,2024-12-08 06:20:00,12/8/2024 8:06:07 AM,12/8/2024 8:50:00 AM,356192.905,2773120.817
03,2024-12-08,瑞芳DC,DL03,KPD3801,1001022211,行善公宅店,2024-12-08 06:20:00,12/8/2024 8:27:38 AM,12/8/2024 9:00:00 AM,356097.196,2772584.503
03,2024-12-08,瑞芳DC,DL04,KPD3801,1001022932,行善店,2024-12-08 06:20:00,12/8/2024 8:36:14 AM,12/8/2024 9:10:00 AM,356356.893,2772767.611
03,2024-12-08,瑞芳DC,DL05,KPD3801,1001022680,興華店,2024-12-08 06:20:00,12/8/2024 9:01:26 AM,12/8/2024 9:20:00 AM,358516.977,2772109.03
03,2024-12-08,瑞芳DC,DL06,KPD3801,1001015973,國興店,2024-12-08 06:20:00,12/8/2024 9:19:06 AM,12/8/2024 9:40:00 AM,359837.984,2770670.794
03,2024-12-08,瑞芳DC,DL07,KPD3801,1001021880,胡適店,2024-12-08 06:20:00,12/8/2024 9:25:48 AM,12/8/2024 9:50:00 AM,359766.303,2770586.98
03,2024-12-08,瑞芳DC,DL08,KPD3801,1001024055,汐止鑫宜興店,2024-12-08 06:20:00,12/8/2024 9:37:13 AM,12/8/2024 10:00:00 AM,360091.053,2770502.424
03,2024-12-08,瑞芳DC,DL09,KPD3801,1001020368,新莊研店,2024-12-08 06:20:00,12/8/2024 9:44:41 AM,12/8/2024 10:10:00 AM,360073.962,2770265.899
03,2024-12-08,瑞芳DC,DL10,KPD3801,1001022562,富康店,2024-12-08 06:20:00,12/8/2024 9:54:54 AM,12/8/2024 10:20:00 AM,359648.525,2771656.842
03,2024-12-08,瑞芳DC,DL11,KPD3801,1001023694,汐止力行店,2024-12-08 06:20:00,12/8/2024 10:00:30 AM,12/8/2024 10:30:00 AM,359694.885,2771578.569
03,2024-12-08,瑞芳DC,DL12,KPD3801,1001020924,汐止橫科店,2024-12-08 06:20:00,12/8/2024 10:08:41 AM,12/8/2024 10:40:00 AM,359867.032,2771266.72
03,2024-12-08,瑞芳DC,DLDC,KPD3801,3001888888,瑞芳ＤＣ,2024-12-08 06:20:00,12/8/2024 10:53:46 AM,12/8/2024 11:05:00 AM,375487.619,2777331.953
03,2024-12-08,瑞芳DC,GLDC,KPD3801,S3001888888,瑞芳ＤＣ,2024-12-08 11:00:00,12/8/2024 11:49:29 AM,,375487.619,2777331.953
03,2024-12-08,瑞芳DC,GL01,KPD3801,1001024040,大森店,2024-12-08 11:00:00,12/8/2024 12:40:22 PM,12/8/2024 1:30:00 PM,351469.953,2769777.842
03,2024-12-08,瑞芳DC,GL02,KPD3801,1001018052,興南店,2024-12-08 11:00:00,12/8/2024 12:51:05 PM,12/8/2024 1:40:00 PM,352204.549,2769621.491
03,2024-12-08,瑞芳DC,GL03,KPD3801,1001015818,興和店,2024-12-08 11:00:00,12/8/2024 12:57:40 PM,12/8/2024 1:50:00 PM,352243.073,2769110.59
03,2024-12-08,瑞芳DC,GL04,KPD3801,1001020399,義安店,2024-12-08 11:00:00,12/8/2024 1:07:15 PM,12/8/2024 1:50:00 PM,352631.846,2769633.57
03,2024-12-08,瑞芳DC,GL05,KPD3801,1001022593,義興店,2024-12-08 11:00:00,12/8/2024 12:51:05 PM,12/8/2024 2:00:00 PM,352286.322,2769692.886
03,2024-12-08,瑞芳DC,GL06,KPD3801,1001019160,復豐店,2024-12-08 11:00:00,12/8/2024 1:24:18 PM,12/8/2024 2:10:00 PM,352283.176,2769749.399
03,2024-12-08,瑞芳DC,GL07,KPD3801,1001022950,懷生店,2024-12-08 11:00:00,12/8/2024 1:36:38 PM,12/8/2024 2:20:00 PM,352283.176,2769749.399
03,2024-12-08,瑞芳DC,GL08,KPD3801,1001019760,正興店,2024-12-08 11:00:00,12/8/2024 1:46:56 PM,12/8/2024 2:30:00 PM,351991.937,2770553.905
03,2024-12-08,瑞芳DC,GL09,KPD3801,1001021455,濟南二店,2024-12-08 11:00:00,12/8/2024 1:55:50 PM,12/8/2024 2:40:00 PM,351234.804,2770454.567
03,2024-12-08,瑞芳DC,GL10,KPD3801,1001019674,新北科店,2024-12-08 11:00:00,12/8/2024 2:05:59 PM,12/8/2024 2:50:00 PM,351196.72,2770866.909
03,2024-12-08,瑞芳DC,GL11,KPD3801,1001016573,北科店,2024-12-08 11:00:00,12/8/2024 2:19:12 PM,12/8/2024 3:00:00 PM,351651.361,2770806.472
03,2024-12-08,瑞芳DC,GL12,KPD3801,1001018581,昌隆店,2024-12-08 11:00:00,12/8/2024 2:26:59 PM,12/8/2024 3:10:00 PM,351864.837,2770824.725
03,2024-12-08,瑞芳DC,GLDC,KPD3801,3001888888,瑞芳ＤＣ,2024-12-08 11:00:00,12/8/2024 3:13:35 PM,12/8/2024 4:11:00 PM,375487.619,2777331.953
03,2024-12-09,瑞芳DC,DLDC,KPD3801,S3001888888,瑞芳ＤＣ,2024-12-09 06:20:00,12/9/2024 7:27:36 AM,,375487.619,2777331.953
03,2024-12-09,瑞芳DC,DL02,KPD3801,1001020485,新湖店,2024-12-09 06:20:00,12/9/2024 8:10:03 AM,12/9/2024 8:50:00 AM,356192.905,2773120.817
03,2024-12-09,瑞芳DC,DL03,KPD3801,1001022211,行善公宅店,2024-12-09 06:20:00,12/9/2024 8:31:55 AM,12/9/2024 9:00:00 AM,356097.196,2772584.503
03,2024-12-09,瑞芳DC,DL04,KPD3801,1001022932,行善店,2024-12-09 06:20:00,12/9/2024 8:46:14 AM,12/9/2024 9:10:00 AM,356356.893,2772767.611
03,2024-12-09,瑞芳DC,DL05,KPD3801,1001022680,興華店,2024-12-09 06:20:00,12/9/2024 9:11:49 AM,12/9/2024 9:20:00 AM,358516.977,2772109.03
03,2024-12-09,瑞芳DC,DL06,KPD3801,1001015973,國興店,2024-12-09 06:20:00,12/9/2024 9:23:29 AM,12/9/2024 9:40:00 AM,359837.984,2770670.794
03,2024-12-09,瑞芳DC,DL07,KPD3801,1001021880,胡適店,2024-12-09 06:20:00,12/9/2024 9:28:15 AM,12/9/2024 9:50:00 AM,359766.303,2770586.98
03,2024-12-09,瑞芳DC,DL08,KPD3801,1001024055,汐止鑫宜興店,2024-12-09 06:20:00,12/9/2024 9:43:28 AM,12/9/2024 10:00:00 AM,360091.053,2770502.424
03,2024-12-09,瑞芳DC,DL09,KPD3801,1001020368,新莊研店,2024-12-09 06:20:00,12/9/2024 9:53:29 AM,12/9/2024 10:10:00 AM,360073.962,2770265.899
03,2024-12-09,瑞芳DC,DL10,KPD3801,1001022562,富康店,2024-12-09 06:20:00,12/9/2024 10:05:00 AM,12/9/2024 10:20:00 AM,359648.525,2771656.842
03,2024-12-09,瑞芳DC,DL11,KPD3801,1001023694,汐止力行店,2024-12-09 06:20:00,12/9/2024 10:09:55 AM,12/9/2024 10:30:00 AM,359694.885,2771578.569
03,2024-12-09,瑞芳DC,DL12,KPD3801,1001020924,汐止橫科店,2024-12-09 06:20:00,12/9/2024 10:17:00 AM,12/9/2024 10:40:00 AM,359867.032,2771266.72
03,2024-12-09,瑞芳DC,DL13,KPD3801,1001024003,舊莊店,2024-12-09 06:20:00,12/9/2024 9:37:31 AM,12/9/2024 10:50:00 AM,,
03,2024-12-09,瑞芳DC,DLDC,KPD3801,3001888888,瑞芳ＤＣ,2024-12-09 06:20:00,12/9/2024 10:54:10 AM,12/9/2024 11:15:00 AM,375487.619,2777331.953
03,2024-12-09,瑞芳DC,GLDC,KPD3801,S3001888888,瑞芳ＤＣ,2024-12-09 11:00:00,12/9/2024 12:02:06 PM,,375487.619,2777331.953
03,2024-12-09,瑞芳DC,GL01,KPD3801,1001024040,大森店,2024-12-09 11:00:00,12/9/2024 12:31:36 PM,12/9/2024 1:30:00 PM,351469.953,2769777.842
03,2024-12-09,瑞芳DC,GL02,KPD3801,1001018052,興南店,2024-12-09 11:00:00,12/9/2024 12:48:07 PM,12/9/2024 1:40:00 PM,352204.549,2769621.491
03,2024-12-09,瑞芳DC,GL03,KPD3801,1001015818,興和店,2024-12-09 11:00:00,12/9/2024 12:59:37 PM,12/9/2024 1:50:00 PM,352243.073,2769110.59
03,2024-12-09,瑞芳DC,GL04,KPD3801,1001020399,義安店,2024-12-09 11:00:00,12/9/2024 1:12:50 PM,12/9/2024 1:50:00 PM,352631.846,2769633.57
03,2024-12-09,瑞芳DC,GL05,KPD3801,1001022593,義興店,2024-12-09 11:00:00,12/9/2024 12:48:07 PM,12/9/2024 2:00:00 PM,352286.322,2769692.886
03,2024-12-09,瑞芳DC,GL07,KPD3801,1001022950,懷生店,2024-12-09 11:00:00,12/9/2024 1:53:15 PM,12/9/2024 2:20:00 PM,352283.176,2769749.399
03,2024-12-09,瑞芳DC,GL08,KPD3801,1001019760,正興店,2024-12-09 11:00:00,12/9/2024 2:07:24 PM,12/9/2024 2:30:00 PM,351991.937,2770553.905
03,2024-12-09,瑞芳DC,GL09,KPD3801,1001021455,濟南二店,2024-12-09 11:00:00,12/9/2024 2:18:22 PM,12/9/2024 2:40:00 PM,351234.804,2770454.567
03,2024-12-09,瑞芳DC,GL10,KPD3801,1001019674,新北科店,2024-12-09 11:00:00,12/9/2024 2:28:47 PM,12/9/2024 2:50:00 PM,351196.72,2770866.909
03,2024-12-09,瑞芳DC,GL11,KPD3801,1001016573,北科店,2024-12-09 11:00:00,12/9/2024 2:54:20 PM,12/9/2024 3:00:00 PM,351651.361,2770806.472
03,2024-12-09,瑞芳DC,GL12,KPD3801,1001018581,昌隆店,2024-12-09 11:00:00,12/9/2024 3:14:01 PM,12/9/2024 3:10:00 PM,351864.837,2770824.725
03,2024-12-09,瑞芳DC,GLDC,KPD3801,3001888888,瑞芳ＤＣ,2024-12-09 11:00:00,12/9/2024 3:58:21 PM,12/9/2024 4:11:00 PM,375487.619,2777331.953
03,2024-12-11,瑞芳DC,103DC,KPD3801,S3001888888,瑞芳ＤＣ,2024-12-11 11:00:00,12/11/2024 11:58:50 AM,,375487.619,2777331.953
03,2024-12-11,瑞芳DC,GM01,KPD3801,1001023044,忠孝光復店,2024-12-11 11:00:00,12/11/2024 12:45:41 PM,12/11/2024 1:10:00 PM,353530.085,2770524.594
03,2024-12-11,瑞芳DC,GM02,KPD3801,1001022463,國父紀念館店,2024-12-11 11:00:00,12/11/2024 12:58:22 PM,12/11/2024 1:20:00 PM,353625.778,2770310.738
03,2024-12-11,瑞芳DC,GU05,KPD3801,1001021447,安勝店,2024-12-11 11:00:00,12/11/2024 1:08:33 PM,12/11/2024 1:40:00 PM,352957.671,2770618.117
03,2024-12-11,瑞芳DC,GL05,KPD3801,1001022593,義興店,2024-12-11 11:00:00,12/11/2024 1:27:01 PM,12/11/2024 2:00:00 PM,352286.322,2769692.886
03,2024-12-11,瑞芳DC,GI08,KPD3801,1001016837,明興店,2024-12-11 11:00:00,12/11/2024 1:55:52 PM,12/11/2024 2:20:00 PM,354132.294,2764855.22
03,2024-12-11,瑞芳DC,GI11,KPD3801,1001021400,試院店,2024-12-11 11:00:00,12/11/2024 2:12:53 PM,12/11/2024 2:50:00 PM,352557.853,2764552.651
03,2024-12-11,瑞芳DC,GH15,KPD3801,1001020253,新店華盛店,2024-12-11 11:00:00,12/11/2024 2:37:31 PM,12/11/2024 3:35:00 PM,351951.519,2762826.395
03,2024-12-11,瑞芳DC,103DC,KPD3801,3001888888,瑞芳ＤＣ,2024-12-11 11:00:00,12/11/2024 3:14:17 PM,12/11/2024 3:28:00 PM,375487.619,2777331.953
03,2024-12-11,瑞芳DC,DZDC,KPD3801,S3001888888,瑞芳ＤＣ,2024-12-11 07:30:00,12/11/2024 7:12:50 AM,,375487.619,2777331.953
03,2024-12-11,瑞芳DC,DZ01,KPD3801,1001021647,小彎公宅店,2024-12-11 07:30:00,12/11/2024 7:57:13 AM,12/11/2024 9:10:00 AM,357313.808,2772357.857
03,2024-12-11,瑞芳DC,DZ02,KPD3801,1001020641,港成店,2024-12-11 07:30:00,12/11/2024 8:17:22 AM,12/11/2024 9:20:00 AM,357244.55,2771968.478
03,2024-12-11,瑞芳DC,DZ03,KPD3801,1001016840,向陽店,2024-12-11 07:30:00,12/11/2024 8:26:49 AM,12/11/2024 9:30:00 AM,357534.235,2772028.88
03,2024-12-11,瑞芳DC,DZ04,KPD3801,1001022011,中視店,2024-12-11 07:30:00,12/11/2024 8:35:18 AM,12/11/2024 9:40:00 AM,358094.986,2772140.491
03,2024-12-11,瑞芳DC,DZ05,KPD3801,1001020277,重陽店,2024-12-11 07:30:00,12/11/2024 8:48:32 AM,12/11/2024 9:50:00 AM,357823.311,2772207.091
03,2024-12-11,瑞芳DC,DZ07,KPD3801,1001023079,南港車站店,2024-12-11 07:30:00,12/11/2024 9:03:52 AM,12/11/2024 10:10:00 AM,358669.188,2771780.932
03,2024-12-11,瑞芳DC,DZ08,KPD3801,1001023213,南港生技店,2024-12-11 07:30:00,12/11/2024 9:28:44 AM,12/11/2024 10:30:00 AM,358943.324,2771694.453
03,2024-12-11,瑞芳DC,DZ09,KPD3801,1001020998,港忠店,2024-12-11 07:30:00,12/11/2024 10:00:44 AM,12/11/2024 10:40:00 AM,359553.863,2771808.725
03,2024-12-11,瑞芳DC,DZ10,KPD3801,1001019031,中研店,2024-12-11 07:30:00,12/11/2024 10:10:23 AM,12/11/2024 10:50:00 AM,359343.914,2771189.961
03,2024-12-11,瑞芳DC,DZ11,KPD3801,1001019502,研究院店,2024-12-11 07:30:00,12/11/2024 10:19:03 AM,12/11/2024 11:00:00 AM,359449.734,2770984.432
03,2024-12-11,瑞芳DC,DZDC,KPD3801,3001888888,瑞芳ＤＣ,2024-12-11 07:30:00,12/11/2024 10:55:15 AM,12/11/2024 11:40:00 AM,375487.619,2777331.953
03,2024-12-12,瑞芳DC,DLDC,KPD3801,S3001888888,瑞芳ＤＣ,2024-12-12 06:20:00,12/12/2024 7:18:13 AM,,375487.619,2777331.953
03,2024-12-12,瑞芳DC,DL02,KPD3801,1001020485,新湖店,2024-12-12 06:20:00,12/12/2024 8:06:58 AM,12/12/2024 8:50:00 AM,356192.905,2773120.817
03,2024-12-12,瑞芳DC,DL03,KPD3801,1001022211,行善公宅店,2024-12-12 06:20:00,12/12/2024 8:27:35 AM,12/12/2024 9:00:00 AM,356097.196,2772584.503
03,2024-12-12,瑞芳DC,DL04,KPD3801,1001022932,行善店,2024-12-12 06:20:00,12/12/2024 8:40:40 AM,12/12/2024 9:10:00 AM,356356.893,2772767.611
03,2024-12-12,瑞芳DC,DL05,KPD3801,1001022680,興華店,2024-12-12 06:20:00,12/12/2024 9:04:29 AM,12/12/2024 9:20:00 AM,358516.977,2772109.03
03,2024-12-12,瑞芳DC,DL06,KPD3801,1001015973,國興店,2024-12-12 06:20:00,12/12/2024 9:21:45 AM,12/12/2024 9:40:00 AM,359837.984,2770670.794
03,2024-12-12,瑞芳DC,DL07,KPD3801,1001021880,胡適店,2024-12-12 06:20:00,12/12/2024 9:27:01 AM,12/12/2024 9:50:00 AM,359766.303,2770586.98
03,2024-12-12,瑞芳DC,DL08,KPD3801,1001024055,汐止鑫宜興店,2024-12-12 06:20:00,12/12/2024 9:44:05 AM,12/12/2024 10:00:00 AM,360091.053,2770502.424
03,2024-12-12,瑞芳DC,DL09,KPD3801,1001020368,新莊研店,2024-12-12 06:20:00,12/12/2024 9:55:57 AM,12/12/2024 10:10:00 AM,360073.962,2770265.899
03,2024-12-12,瑞芳DC,DL10,KPD3801,1001022562,富康店,2024-12-12 06:20:00,12/12/2024 10:07:36 AM,12/12/2024 10:20:00 AM,359648.525,2771656.842
03,2024-12-12,瑞芳DC,DL11,KPD3801,1001023694,汐止力行店,2024-12-12 06:20:00,12/12/2024 10:12:56 AM,12/12/2024 10:30:00 AM,359694.885,2771578.569
03,2024-12-12,瑞芳DC,DL12,KPD3801,1001020924,汐止橫科店,2024-12-12 06:20:00,12/12/2024 10:21:45 AM,12/12/2024 10:40:00 AM,359867.032,2771266.72
03,2024-12-12,瑞芳DC,DL13,KPD3801,1001024003,舊莊店,2024-12-12 06:20:00,12/12/2024 9:37:57 AM,12/12/2024 10:50:00 AM,,
03,2024-12-12,瑞芳DC,DLDC,KPD3801,3001888888,瑞芳ＤＣ,2024-12-12 06:20:00,12/12/2024 10:59:07 AM,12/12/2024 11:15:00 AM,375487.619,2777331.953
03,2024-12-12,瑞芳DC,GLDC,KPD3801,S3001888888,瑞芳ＤＣ,2024-12-12 11:00:00,12/12/2024 12:01:43 PM,,375487.619,2777331.953
03,2024-12-12,瑞芳DC,GL01,KPD3801,1001024040,大森店,2024-12-12 11:00:00,12/12/2024 12:44:15 PM,12/12/2024 1:30:00 PM,351469.953,2769777.842
03,2024-12-12,瑞芳DC,GL02,KPD3801,1001018052,興南店,2024-12-12 11:00:00,12/12/2024 1:01:04 PM,12/12/2024 1:40:00 PM,352204.549,2769621.491
03,2024-12-12,瑞芳DC,GL03,KPD3801,1001015818,興和店,2024-12-12 11:00:00,12/12/2024 1:10:25 PM,12/12/2024 1:50:00 PM,352243.073,2769110.59
03,2024-12-12,瑞芳DC,GL05,KPD3801,1001022593,義興店,2024-12-12 11:00:00,12/12/2024 1:01:04 PM,12/12/2024 2:00:00 PM,352286.322,2769692.886
03,2024-12-12,瑞芳DC,GL07,KPD3801,1001022950,懷生店,2024-12-12 11:00:00,12/12/2024 1:42:25 PM,12/12/2024 2:20:00 PM,352283.176,2769749.399
03,2024-12-12,瑞芳DC,GL08,KPD3801,1001019760,正興店,2024-12-12 11:00:00,12/12/2024 1:53:56 PM,12/12/2024 2:30:00 PM,351991.937,2770553.905
03,2024-12-12,瑞芳DC,GL09,KPD3801,1001021455,濟南二店,2024-12-12 11:00:00,12/12/2024 2:03:11 PM,12/12/2024 2:40:00 PM,351234.804,2770454.567
03,2024-12-12,瑞芳DC,GL10,KPD3801,1001019674,新北科店,2024-12-12 11:00:00,12/12/2024 2:21:21 PM,12/12/2024 2:50:00 PM,351196.72,2770866.909
03,2024-12-12,瑞芳DC,GL11,KPD3801,1001016573,北科店,2024-12-12 11:00:00,12/12/2024 2:47:33 PM,12/12/2024 3:00:00 PM,351651.361,2770806.472
03,2024-12-12,瑞芳DC,GL12,KPD3801,1001018581,昌隆店,2024-12-12 11:00:00,12/12/2024 3:06:38 PM,12/12/2024 3:10:00 PM,351864.837,2770824.725
03,2024-12-12,瑞芳DC,GLDC,KPD3801,3001888888,瑞芳ＤＣ,2024-12-12 11:00:00,12/12/2024 3:57:50 PM,12/12/2024 4:11:00 PM,375487.619,2777331.953
03,2024-12-13,瑞芳DC,DLDC,KPD3801,S3001888888,瑞芳ＤＣ,2024-12-13 06:20:00,12/13/2024 7:36:25 AM,,375487.619,2777331.953
03,2024-12-13,瑞芳DC,DL02,KPD3801,1001020485,新湖店,2024-12-13 06:20:00,12/13/2024 8:11:56 AM,12/13/2024 8:50:00 AM,356192.905,2773120.817
03,2024-12-13,瑞芳DC,DL03,KPD3801,1001022211,行善公宅店,2024-12-13 06:20:00,12/13/2024 8:41:58 AM,12/13/2024 9:00:00 AM,356097.196,2772584.503
03,2024-12-13,瑞芳DC,DL04,KPD3801,1001022932,行善店,2024-12-13 06:20:00,12/13/2024 8:49:55 AM,12/13/2024 9:10:00 AM,356356.893,2772767.611
03,2024-12-13,瑞芳DC,DL05,KPD3801,1001022680,興華店,2024-12-13 06:20:00,12/13/2024 9:12:44 AM,12/13/2024 9:20:00 AM,358516.977,2772109.03
03,2024-12-13,瑞芳DC,DL06,KPD3801,1001015973,國興店,2024-12-13 06:20:00,12/13/2024 9:31:53 AM,12/13/2024 9:40:00 AM,359837.984,2770670.794
03,2024-12-13,瑞芳DC,DL07,KPD3801,1001021880,胡適店,2024-12-13 06:20:00,12/13/2024 9:39:19 AM,12/13/2024 9:50:00 AM,359766.303,2770586.98
03,2024-12-13,瑞芳DC,DL08,KPD3801,1001024055,汐止鑫宜興店,2024-12-13 06:20:00,12/13/2024 9:56:11 AM,12/13/2024 10:00:00 AM,360091.053,2770502.424
03,2024-12-13,瑞芳DC,DL09,KPD3801,1001020368,新莊研店,2024-12-13 06:20:00,12/13/2024 10:07:52 AM,12/13/2024 10:10:00 AM,360073.962,2770265.899
03,2024-12-13,瑞芳DC,DL10,KPD3801,1001022562,富康店,2024-12-13 06:20:00,12/13/2024 10:18:38 AM,12/13/2024 10:20:00 AM,359648.525,2771656.842
03,2024-12-13,瑞芳DC,DL11,KPD3801,1001023694,汐止力行店,2024-12-13 06:20:00,12/13/2024 10:23:13 AM,12/13/2024 10:30:00 AM,359694.885,2771578.569
03,2024-12-13,瑞芳DC,DL12,KPD3801,1001020924,汐止橫科店,2024-12-13 06:20:00,12/13/2024 10:30:39 AM,12/13/2024 10:40:00 AM,359867.032,2771266.72
03,2024-12-13,瑞芳DC,DL13,KPD3801,1001024003,舊莊店,2024-12-13 06:20:00,12/13/2024 9:50:42 AM,12/13/2024 10:50:00 AM,,
03,2024-12-13,瑞芳DC,DLDC,KPD3801,3001888888,瑞芳ＤＣ,2024-12-13 06:20:00,12/13/2024 11:02:03 AM,12/13/2024 11:15:00 AM,375487.619,2777331.953
03,2024-12-13,瑞芳DC,GLDC,KPD3801,S3001888888,瑞芳ＤＣ,2024-12-13 11:00:00,12/13/2024 11:51:25 AM,,375487.619,2777331.953
03,2024-12-13,瑞芳DC,GL01,KPD3801,1001024040,大森店,2024-12-13 11:00:00,12/13/2024 12:30:07 PM,12/13/2024 1:30:00 PM,351469.953,2769777.842
03,2024-12-13,瑞芳DC,GL02,KPD3801,1001018052,興南店,2024-12-13 11:00:00,12/13/2024 12:44:27 PM,12/13/2024 1:40:00 PM,352204.549,2769621.491
03,2024-12-13,瑞芳DC,GL03,KPD3801,1001015818,興和店,2024-12-13 11:00:00,12/13/2024 12:56:57 PM,12/13/2024 1:50:00 PM,352243.073,2769110.59
03,2024-12-13,瑞芳DC,GL05,KPD3801,1001022593,義興店,2024-12-13 11:00:00,12/13/2024 12:44:27 PM,12/13/2024 2:00:00 PM,352286.322,2769692.886
03,2024-12-13,瑞芳DC,GL07,KPD3801,1001022950,懷生店,2024-12-13 11:00:00,12/13/2024 1:22:14 PM,12/13/2024 2:20:00 PM,352283.176,2769749.399
03,2024-12-13,瑞芳DC,GL08,KPD3801,1001019760,正興店,2024-12-13 11:00:00,12/13/2024 1:34:26 PM,12/13/2024 2:30:00 PM,351991.937,2770553.905
03,2024-12-13,瑞芳DC,GL09,KPD3801,1001021455,濟南二店,2024-12-13 11:00:00,12/13/2024 1:46:12 PM,12/13/2024 2:40:00 PM,351234.804,2770454.567
03,2024-12-13,瑞芳DC,GL10,KPD3801,1001019674,新北科店,2024-12-13 11:00:00,12/13/2024 1:56:33 PM,12/13/2024 2:50:00 PM,351196.72,2770866.909
03,2024-12-13,瑞芳DC,GL11,KPD3801,1001016573,北科店,2024-12-13 11:00:00,12/13/2024 2:14:40 PM,12/13/2024 3:00:00 PM,351651.361,2770806.472
03,2024-12-13,瑞芳DC,GL12,KPD3801,1001018581,昌隆店,2024-12-13 11:00:00,12/13/2024 2:36:41 PM,12/13/2024 3:10:00 PM,351864.837,2770824.725
03,2024-12-13,瑞芳DC,GLDC,KPD3801,3001888888,瑞芳ＤＣ,2024-12-13 11:00:00,12/13/2024 3:23:00 PM,12/13/2024 4:11:00 PM,375487.619,2777331.953
12,2024-12-16,瑞芳DC,403DC,KPD3801,S3001888888,瑞芳ＤＣ,2024-12-16 08:00:00,,,375487.619,2777331.953
12,2024-12-16,瑞芳DC,QJ21,KPD3801,1001016026,汐止鄉長店,2024-12-16 08:00:00,12/16/2024 10:28:56 AM,12/16/2024 11:00:00 AM,364543.736,2774150.2
12,2024-12-16,瑞芳DC,403DC,KPD3801,3001888888,瑞芳ＤＣ,2024-12-16 08:00:00,,12/16/2024 11:38:00 AM,375487.619,2777331.953
12,2024-12-16,瑞芳DC,QJDC,KPD3801,S3001888888,瑞芳ＤＣ,2024-12-16 06:20:00,12/16/2024 7:16:23 AM,,375487.619,2777331.953
12,2024-12-16,瑞芳DC,QJ01,KPD3801,1001022695,汐止車站店,2024-12-16 06:20:00,12/16/2024 7:42:48 AM,12/16/2024 8:20:00 AM,364188.65,2773423.786
12,2024-12-16,瑞芳DC,QJ02,KPD3801,1001023499,汐止建泰店,2024-12-16 06:20:00,12/16/2024 8:00:47 AM,12/16/2024 8:45:00 AM,364138.348,2773909.361
12,2024-12-16,瑞芳DC,QJ03,KPD3801,1001015041,汐止建安店,2024-12-16 06:20:00,12/16/2024 8:00:47 AM,12/16/2024 8:45:00 AM,364200.017,2773943.197
12,2024-12-16,瑞芳DC,QJ04,KPD3801,1001023023,汐止經貿店,2024-12-16 06:20:00,12/16/2024 8:16:06 AM,12/16/2024 8:55:00 AM,365518.035,2774008.675
12,2024-12-16,瑞芳DC,QJ05,KPD3801,1001023592,七堵長安店,2024-12-16 06:20:00,12/16/2024 8:27:03 AM,12/16/2024 9:10:00 AM,367639.447,2774110.52
12,2024-12-16,瑞芳DC,QJ06,KPD3801,1001017207,七堵新明德店,2024-12-16 06:20:00,12/16/2024 8:35:27 AM,12/16/2024 9:15:00 AM,368619.168,2775600.524
12,2024-12-16,瑞芳DC,QJ07,KPD3801,1001023003,七堵泰安店,2024-12-16 06:20:00,12/16/2024 8:41:14 AM,12/16/2024 9:20:00 AM,368961.974,2775689.085
12,2024-12-16,瑞芳DC,QJ08,KPD3801,1001021907,七堵東新店,2024-12-16 06:20:00,12/16/2024 8:46:08 AM,12/16/2024 9:25:00 AM,370056.528,2776304.109
12,2024-12-16,瑞芳DC,QJ09,KPD3801,1001019672,七堵自治店,2024-12-16 06:20:00,12/16/2024 8:52:58 AM,12/16/2024 9:30:00 AM,369370.776,2776472.745
12,2024-12-16,瑞芳DC,QJ10,KPD3801,1001015563,七堵大興店,2024-12-16 06:20:00,12/16/2024 9:00:37 AM,12/16/2024 9:35:00 AM,369527.363,2776592.092
12,2024-12-16,瑞芳DC,QJ11,KPD3801,1001022013,七堵永富店,2024-12-16 06:20:00,12/16/2024 9:05:53 AM,12/16/2024 9:40:00 AM,369481.208,2776798.199
12,2024-12-16,瑞芳DC,QJ12,KPD3801,1001021983,基隆暖東店,2024-12-16 06:20:00,12/16/2024 9:15:30 AM,12/16/2024 9:50:00 AM,371742.253,2776824.534
12,2024-12-16,瑞芳DC,QJ13,KPD3801,1001021336,基隆暖盛店,2024-12-16 06:20:00,12/16/2024 9:18:40 AM,12/16/2024 9:55:00 AM,371587.811,2776673.3
12,2024-12-16,瑞芳DC,QJ14,KPD3801,1001021132,基隆暖鑫店,2024-12-16 06:20:00,12/16/2024 9:22:28 AM,12/16/2024 10:05:00 AM,371808.319,2776074.75
12,2024-12-16,瑞芳DC,QJ15,KPD3801,1001023688,八堵車站店,2024-12-16 06:20:00,12/16/2024 9:33:38 AM,12/16/2024 10:20:00 AM,371023.007,2777790.096
12,2024-12-16,瑞芳DC,QJ16,KPD3801,1001017681,七堵工明店,2024-12-16 06:20:00,12/16/2024 9:49:22 AM,12/16/2024 10:35:00 AM,368309.779,2775601.687
12,2024-12-16,瑞芳DC,QJ17,KPD3801,1001017151,基隆百福店,2024-12-16 06:20:00,12/16/2024 9:56:39 AM,12/16/2024 10:40:00 AM,367687.056,2775097.115
12,2024-12-16,瑞芳DC,QJ18,KPD3801,1001023088,汐止摩天店,2024-12-16 06:20:00,12/16/2024 10:06:18 AM,12/16/2024 10:45:00 AM,366348.43,2774159.378
12,2024-12-16,瑞芳DC,QJ19,KPD3801,1001019784,汐止大同店,2024-12-16 06:20:00,12/16/2024 10:15:27 AM,12/16/2024 10:50:00 AM,365419.388,2774246.293
12,2024-12-16,瑞芳DC,QJ20,KPD3801,1001018582,汐止保興店,2024-12-16 06:20:00,12/16/2024 10:20:19 AM,12/16/2024 10:55:00 AM,365461.094,2774730.97
12,2024-12-16,瑞芳DC,QJ22,KPD3801,1001018090,汐止和平店,2024-12-16 06:20:00,12/16/2024 10:36:00 AM,12/16/2024 11:10:00 AM,364258.509,2773704.926
12,2024-12-16,瑞芳DC,QJ23,KPD3801,1001022477,汐止農會店,2024-12-16 06:20:00,12/16/2024 10:40:38 AM,12/16/2024 11:15:00 AM,364119.693,2773559.808
12,2024-12-16,瑞芳DC,QJ24,KPD3801,1001015955,汐止宏國店,2024-12-16 06:20:00,12/16/2024 10:57:57 AM,12/16/2024 11:20:00 AM,363376.226,2773197.017
12,2024-12-16,瑞芳DC,QJ25,KPD3801,1001022111,汐止智興店,2024-12-16 06:20:00,12/16/2024 11:00:45 AM,12/16/2024 11:25:00 AM,363331.231,2773035.953
12,2024-12-16,瑞芳DC,QJDC,KPD3801,3001888888,瑞芳ＤＣ,2024-12-16 06:20:00,12/16/2024 11:31:34 AM,12/16/2024 11:44:00 AM,375487.619,2777331.953
12,2024-12-16,瑞芳DC,SJDC,KPD3801,S3001888888,瑞芳ＤＣ,2024-12-16 11:30:00,12/16/2024 12:43:53 PM,,375487.619,2777331.953
12,2024-12-16,瑞芳DC,SJ01,KPD3801,1001017175,名門店,2024-12-16 11:30:00,12/16/2024 1:11:35 PM,12/16/2024 2:00:00 PM,354647.798,2766530.246
12,2024-12-16,瑞芳DC,SJ02,KPD3801,1001020351,興萬店,2024-12-16 11:30:00,12/16/2024 1:16:16 PM,12/16/2024 2:05:00 PM,354931.132,2766032.737
12,2024-12-16,瑞芳DC,SJ03,KPD3801,1001015086,興昌店,2024-12-16 11:30:00,12/16/2024 1:27:10 PM,12/16/2024 2:15:00 PM,353755.038,2766697.029
12,2024-12-16,瑞芳DC,SJ04,KPD3801,1001016916,中科大店,2024-12-16 11:30:00,12/16/2024 1:42:04 PM,12/16/2024 2:25:00 PM,353398.681,2765940.545
12,2024-12-16,瑞芳DC,SJ06,KPD3801,1001014696,再興店,2024-12-16 11:30:00,12/16/2024 1:46:48 PM,12/16/2024 2:30:00 PM,353997.283,2765403.262
12,2024-12-16,瑞芳DC,SJ07,KPD3801,1001016837,明興店,2024-12-16 11:30:00,12/16/2024 1:52:27 PM,12/16/2024 2:40:00 PM,354132.294,2764855.22
12,2024-12-16,瑞芳DC,SJ08,KPD3801,1001019499,文山公宅店,2024-12-16 11:30:00,12/16/2024 1:56:26 PM,12/16/2024 2:45:00 PM,354036.547,2764589.105
12,2024-12-16,瑞芳DC,SJ09,KPD3801,1001019246,保儀店,2024-12-16 11:30:00,12/16/2024 2:05:10 PM,12/16/2024 2:50:00 PM,354691.134,2764570.161
12,2024-12-16,瑞芳DC,SJ10,KPD3801,1001021029,鑫順店,2024-12-16 11:30:00,12/16/2024 2:08:45 PM,12/16/2024 2:55:00 PM,354096.513,2764249.088
12,2024-12-16,瑞芳DC,SJ11,KPD3801,1001023713,欣榮店,2024-12-16 11:30:00,12/16/2024 2:12:35 PM,12/16/2024 3:00:00 PM,354134.226,2763978.136
12,2024-12-16,瑞芳DC,SJ12,KPD3801,1001020498,恆光店,2024-12-16 11:30:00,12/16/2024 2:16:51 PM,12/16/2024 3:05:00 PM,354523.335,2764096.734
12,2024-12-16,瑞芳DC,SJ13,KPD3801,1001020586,指南店,2024-12-16 11:30:00,12/16/2024 2:23:32 PM,12/16/2024 3:10:00 PM,355815.812,2764150.072
12,2024-12-16,瑞芳DC,SJ14,KPD3801,1001017249,政富店,2024-12-16 11:30:00,12/16/2024 2:26:36 PM,12/16/2024 3:15:00 PM,355560.181,2764561.59
12,2024-12-16,瑞芳DC,SJ15,KPD3801,1001016836,興政店,2024-12-16 11:30:00,12/16/2024 2:30:27 PM,12/16/2024 3:20:00 PM,355364.453,2764602.712
12,2024-12-16,瑞芳DC,SJ16,KPD3801,1001022826,木柵路店,2024-12-16 11:30:00,12/16/2024 2:39:04 PM,12/16/2024 3:25:00 PM,354702.278,2764713.505
12,2024-12-16,瑞芳DC,SJ17,KPD3801,1001019527,木興店,2024-12-16 11:30:00,12/16/2024 2:48:40 PM,12/16/2024 3:30:00 PM,353719.022,2764701.335
12,2024-12-16,瑞芳DC,SJ18,KPD3801,1001021436,興崙店,2024-12-16 11:30:00,12/16/2024 2:54:59 PM,12/16/2024 3:35:00 PM,353912.019,2764466.126
12,2024-12-16,瑞芳DC,SJ19,KPD3801,1001015729,順輝店,2024-12-16 11:30:00,12/16/2024 2:59:03 PM,12/16/2024 3:40:00 PM,353335.657,2764465.421
12,2024-12-16,瑞芳DC,SJ20,KPD3801,1001019350,興業店,2024-12-16 11:30:00,12/16/2024 3:07:07 PM,12/16/2024 3:50:00 PM,353108.631,2766157.858
12,2024-12-16,瑞芳DC,SJ21,KPD3801,1001018412,新福興店,2024-12-16 11:30:00,12/16/2024 3:10:46 PM,12/16/2024 3:55:00 PM,352832.96,2766375.789
12,2024-12-16,瑞芳DC,SJ22,KPD3801,1001023866,景興店,2024-12-16 11:30:00,12/16/2024 3:16:35 PM,12/16/2024 4:00:00 PM,352248.861,2765937.107
12,2024-12-16,瑞芳DC,SJ23,KPD3801,1001017119,萬福店,2024-12-16 11:30:00,12/16/2024 3:20:18 PM,12/16/2024 4:00:00 PM,351846.852,2766134.772
12,2024-12-16,瑞芳DC,SJ24,KPD3801,1001022670,萬興店,2024-12-16 11:30:00,12/16/2024 3:22:41 PM,12/16/2024 4:00:00 PM,351966.322,2766448.425
12,2024-12-16,瑞芳DC,SJDC,KPD3801,3001888888,瑞芳ＤＣ,2024-12-16 11:30:00,12/16/2024 4:00:05 PM,12/16/2024 4:37:00 PM,375487.619,2777331.953
03,2024-12-18,瑞芳DC,DLDC,KPD3801,S3001888888,瑞芳ＤＣ,2024-12-18 06:20:00,12/18/2024 7:21:28 AM,,375487.619,2777331.953
03,2024-12-18,瑞芳DC,DL02,KPD3801,1001020485,新湖店,2024-12-18 06:20:00,12/18/2024 7:49:49 AM,12/18/2024 8:50:00 AM,356192.905,2773120.817
03,2024-12-18,瑞芳DC,DL03,KPD3801,1001022211,行善公宅店,2024-12-18 06:20:00,12/18/2024 8:05:22 AM,12/18/2024 9:00:00 AM,356097.196,2772584.503
03,2024-12-18,瑞芳DC,DL04,KPD3801,1001022932,行善店,2024-12-18 06:20:00,12/18/2024 8:17:53 AM,12/18/2024 9:10:00 AM,356356.893,2772767.611
03,2024-12-18,瑞芳DC,DL05,KPD3801,1001022680,興華店,2024-12-18 06:20:00,12/18/2024 8:46:09 AM,12/18/2024 9:20:00 AM,358516.977,2772109.03
03,2024-12-18,瑞芳DC,DZ10,KPD3801,1001019031,中研店,2024-12-18 06:20:00,12/18/2024 9:05:33 AM,12/18/2024 10:50:00 AM,359343.914,2771189.961
03,2024-12-18,瑞芳DC,DL06,KPD3801,1001015973,國興店,2024-12-18 06:20:00,12/18/2024 9:16:48 AM,12/18/2024 9:40:00 AM,359837.984,2770670.794
03,2024-12-18,瑞芳DC,DL07,KPD3801,1001021880,胡適店,2024-12-18 06:20:00,12/18/2024 9:22:50 AM,12/18/2024 9:50:00 AM,359766.303,2770586.98
03,2024-12-18,瑞芳DC,DL08,KPD3801,1001024055,汐止鑫宜興店,2024-12-18 06:20:00,12/18/2024 9:37:42 AM,12/18/2024 10:00:00 AM,360091.053,2770502.424
03,2024-12-18,瑞芳DC,DL09,KPD3801,1001020368,新莊研店,2024-12-18 06:20:00,12/18/2024 9:45:13 AM,12/18/2024 10:10:00 AM,360073.962,2770265.899
03,2024-12-18,瑞芳DC,DL10,KPD3801,1001022562,富康店,2024-12-18 06:20:00,12/18/2024 9:57:31 AM,12/18/2024 10:20:00 AM,359648.525,2771656.842
03,2024-12-18,瑞芳DC,DL11,KPD3801,1001023694,汐止力行店,2024-12-18 06:20:00,12/18/2024 10:04:41 AM,12/18/2024 10:30:00 AM,359694.885,2771578.569
03,2024-12-18,瑞芳DC,DL12,KPD3801,1001020924,汐止橫科店,2024-12-18 06:20:00,12/18/2024 10:10:53 AM,12/18/2024 10:40:00 AM,359867.032,2771266.72
03,2024-12-18,瑞芳DC,DL13,KPD3801,1001024003,舊莊店,2024-12-18 06:20:00,12/18/2024 9:28:49 AM,12/18/2024 10:50:00 AM,,
03,2024-12-18,瑞芳DC,DLDC,KPD3801,3001888888,瑞芳ＤＣ,2024-12-18 06:20:00,12/18/2024 10:44:18 AM,12/18/2024 11:15:00 AM,375487.619,2777331.953
03,2024-12-18,瑞芳DC,GLDC,KPD3801,S3001888888,瑞芳ＤＣ,2024-12-18 11:00:00,12/18/2024 11:29:28 AM,,375487.619,2777331.953
03,2024-12-18,瑞芳DC,GL01,KPD3801,1001024040,大森店,2024-12-18 11:00:00,12/18/2024 12:33:17 PM,12/18/2024 1:30:00 PM,351469.953,2769777.842
03,2024-12-18,瑞芳DC,GL02,KPD3801,1001018052,興南店,2024-12-18 11:00:00,12/18/2024 12:41:10 PM,12/18/2024 1:40:00 PM,352204.549,2769621.491
03,2024-12-18,瑞芳DC,GL03,KPD3801,1001015818,興和店,2024-12-18 11:00:00,12/18/2024 12:52:06 PM,12/18/2024 1:50:00 PM,352243.073,2769110.59
03,2024-12-18,瑞芳DC,GL04,KPD3801,1001020399,義安店,2024-12-18 11:00:00,12/18/2024 12:59:43 PM,12/18/2024 1:50:00 PM,352631.846,2769633.57
03,2024-12-18,瑞芳DC,GL05,KPD3801,1001022593,義興店,2024-12-18 11:00:00,12/18/2024 12:41:10 PM,12/18/2024 2:00:00 PM,352286.322,2769692.886
03,2024-12-18,瑞芳DC,GL06,KPD3801,1001019160,復豐店,2024-12-18 11:00:00,12/18/2024 1:19:28 PM,12/18/2024 2:10:00 PM,352283.176,2769749.399
03,2024-12-18,瑞芳DC,GL07,KPD3801,1001022950,懷生店,2024-12-18 11:00:00,12/18/2024 1:28:59 PM,12/18/2024 2:20:00 PM,352283.176,2769749.399
03,2024-12-18,瑞芳DC,GL08,KPD3801,1001019760,正興店,2024-12-18 11:00:00,12/18/2024 1:40:31 PM,12/18/2024 2:30:00 PM,351991.937,2770553.905
03,2024-12-18,瑞芳DC,GL09,KPD3801,1001021455,濟南二店,2024-12-18 11:00:00,12/18/2024 1:49:54 PM,12/18/2024 2:40:00 PM,351234.804,2770454.567
03,2024-12-18,瑞芳DC,GL10,KPD3801,1001019674,新北科店,2024-12-18 11:00:00,12/18/2024 2:00:57 PM,12/18/2024 2:50:00 PM,351196.72,2770866.909
03,2024-12-18,瑞芳DC,GL11,KPD3801,1001016573,北科店,2024-12-18 11:00:00,12/18/2024 2:21:03 PM,12/18/2024 3:00:00 PM,351651.361,2770806.472
03,2024-12-18,瑞芳DC,GL12,KPD3801,1001018581,昌隆店,2024-12-18 11:00:00,12/18/2024 2:31:20 PM,12/18/2024 3:10:00 PM,351864.837,2770824.725
03,2024-12-18,瑞芳DC,GLDC,KPD3801,3001888888,瑞芳ＤＣ,2024-12-18 11:00:00,12/18/2024 3:10:39 PM,12/18/2024 4:11:00 PM,375487.619,2777331.953
03,2024-12-19,瑞芳DC,DLDC,KPD3801,S3001888888,瑞芳ＤＣ,2024-12-19 06:20:00,12/19/2024 7:17:23 AM,,375487.619,2777331.953
03,2024-12-19,瑞芳DC,DL02,KPD3801,1001020485,新湖店,2024-12-19 06:20:00,12/19/2024 7:54:53 AM,12/19/2024 8:50:00 AM,356192.905,2773120.817
03,2024-12-19,瑞芳DC,DL03,KPD3801,1001022211,行善公宅店,2024-12-19 06:20:00,12/19/2024 8:15:58 AM,12/19/2024 9:00:00 AM,356097.196,2772584.503
03,2024-12-19,瑞芳DC,DL04,KPD3801,1001022932,行善店,2024-12-19 06:20:00,12/19/2024 8:26:11 AM,12/19/2024 9:10:00 AM,356356.893,2772767.611
03,2024-12-19,瑞芳DC,DL05,KPD3801,1001022680,興華店,2024-12-19 06:20:00,12/19/2024 8:49:49 AM,12/19/2024 9:20:00 AM,358516.977,2772109.03
03,2024-12-19,瑞芳DC,DL06,KPD3801,1001015973,國興店,2024-12-19 06:20:00,12/19/2024 9:10:50 AM,12/19/2024 9:40:00 AM,359837.984,2770670.794
03,2024-12-19,瑞芳DC,DL07,KPD3801,1001021880,胡適店,2024-12-19 06:20:00,12/19/2024 9:17:08 AM,12/19/2024 9:50:00 AM,359766.303,2770586.98
03,2024-12-19,瑞芳DC,DL08,KPD3801,1001024055,汐止鑫宜興店,2024-12-19 06:20:00,12/19/2024 9:29:10 AM,12/19/2024 10:00:00 AM,360091.053,2770502.424
03,2024-12-19,瑞芳DC,DL09,KPD3801,1001020368,新莊研店,2024-12-19 06:20:00,12/19/2024 9:56:19 AM,12/19/2024 10:10:00 AM,360073.962,2770265.899
03,2024-12-19,瑞芳DC,DL10,KPD3801,1001022562,富康店,2024-12-19 06:20:00,12/19/2024 10:07:13 AM,12/19/2024 10:20:00 AM,359648.525,2771656.842
03,2024-12-19,瑞芳DC,DL11,KPD3801,1001023694,汐止力行店,2024-12-19 06:20:00,12/19/2024 10:07:13 AM,12/19/2024 10:30:00 AM,359694.885,2771578.569
03,2024-12-19,瑞芳DC,DL12,KPD3801,1001020924,汐止橫科店,2024-12-19 06:20:00,12/19/2024 10:21:44 AM,12/19/2024 10:40:00 AM,359867.032,2771266.72
03,2024-12-19,瑞芳DC,DL13,KPD3801,1001024003,舊莊店,2024-12-19 06:20:00,12/19/2024 9:23:42 AM,12/19/2024 10:50:00 AM,,
03,2024-12-19,瑞芳DC,DLDC,KPD3801,3001888888,瑞芳ＤＣ,2024-12-19 06:20:00,12/19/2024 11:01:47 AM,12/19/2024 11:15:00 AM,375487.619,2777331.953
03,2024-12-19,瑞芳DC,GLDC,KPD3801,S3001888888,瑞芳ＤＣ,2024-12-19 11:00:00,12/19/2024 11:55:53 AM,,375487.619,2777331.953
03,2024-12-19,瑞芳DC,GL01,KPD3801,1001024040,大森店,2024-12-19 11:00:00,12/19/2024 12:36:47 PM,12/19/2024 1:30:00 PM,351469.953,2769777.842
03,2024-12-19,瑞芳DC,GL02,KPD3801,1001018052,興南店,2024-12-19 11:00:00,12/19/2024 12:54:30 PM,12/19/2024 1:40:00 PM,352204.549,2769621.491
03,2024-12-19,瑞芳DC,GL03,KPD3801,1001015818,興和店,2024-12-19 11:00:00,12/19/2024 1:22:59 PM,12/19/2024 1:50:00 PM,352243.073,2769110.59
03,2024-12-19,瑞芳DC,GL04,KPD3801,1001020399,義安店,2024-12-19 11:00:00,12/19/2024 1:36:44 PM,12/19/2024 1:50:00 PM,352631.846,2769633.57
03,2024-12-19,瑞芳DC,GL05,KPD3801,1001022593,義興店,2024-12-19 11:00:00,12/19/2024 12:54:30 PM,12/19/2024 2:00:00 PM,352286.322,2769692.886
03,2024-12-19,瑞芳DC,GL06,KPD3801,1001019160,復豐店,2024-12-19 11:00:00,12/19/2024 2:10:20 PM,12/19/2024 2:10:00 PM,352283.176,2769749.399
03,2024-12-19,瑞芳DC,GL07,KPD3801,1001022950,懷生店,2024-12-19 11:00:00,12/19/2024 2:22:14 PM,12/19/2024 2:20:00 PM,352283.176,2769749.399
03,2024-12-19,瑞芳DC,GL08,KPD3801,1001019760,正興店,2024-12-19 11:00:00,12/19/2024 2:33:04 PM,12/19/2024 2:30:00 PM,351991.937,2770553.905
03,2024-12-19,瑞芳DC,GL09,KPD3801,1001021455,濟南二店,2024-12-19 11:00:00,12/19/2024 2:42:56 PM,12/19/2024 2:40:00 PM,351234.804,2770454.567
03,2024-12-19,瑞芳DC,GL10,KPD3801,1001019674,新北科店,2024-12-19 11:00:00,12/19/2024 2:57:36 PM,12/19/2024 2:50:00 PM,351196.72,2770866.909
03,2024-12-19,瑞芳DC,GL11,KPD3801,1001016573,北科店,2024-12-19 11:00:00,12/19/2024 3:21:04 PM,12/19/2024 3:00:00 PM,351651.361,2770806.472
03,2024-12-19,瑞芳DC,GL12,KPD3801,1001018581,昌隆店,2024-12-19 11:00:00,12/19/2024 3:33:35 PM,12/19/2024 3:10:00 PM,351864.837,2770824.725
03,2024-12-19,瑞芳DC,GLDC,KPD3801,3001888888,瑞芳ＤＣ,2024-12-19 11:00:00,12/19/2024 4:31:56 PM,12/19/2024 4:11:00 PM,375487.619,2777331.953
03,2024-12-20,瑞芳DC,101DC,KPD3801,S3001888888,瑞芳ＤＣ,2024-12-20 07:55:00,12/20/2024 7:24:17 AM,,375487.619,2777331.953
03,2024-12-20,瑞芳DC,DT03,KPD3801,1001015188,新店統寶店,2024-12-20 07:55:00,12/20/2024 8:04:50 AM,12/20/2024 9:05:00 AM,352747.249,2763024.13
03,2024-12-20,瑞芳DC,DW05,KPD3801,1001022863,景文店,2024-12-20 07:55:00,12/20/2024 8:26:18 AM,12/20/2024 9:25:00 AM,351968.268,2765004.5
03,2024-12-20,瑞芳DC,DW06,KPD3801,1001016952,景後店,2024-12-20 07:55:00,12/20/2024 8:36:25 AM,12/20/2024 9:30:00 AM,352113.174,2765088.253
03,2024-12-20,瑞芳DC,DW07,KPD3801,1001017661,景中店,2024-12-20 07:55:00,12/20/2024 8:51:06 AM,12/20/2024 9:35:00 AM,352000.445,2765215.151
03,2024-12-20,瑞芳DC,DW08,KPD3801,1001020805,萬慶店,2024-12-20 07:55:00,12/20/2024 9:02:12 AM,12/20/2024 9:40:00 AM,351738.071,2765278.154
03,2024-12-20,瑞芳DC,DV11,KPD3801,1001015668,崇德店,2024-12-20 07:55:00,12/20/2024 9:27:34 AM,12/20/2024 10:50:00 AM,353256.755,2768675.273
03,2024-12-20,瑞芳DC,101DC,KPD3801,3001888888,瑞芳ＤＣ,2024-12-20 07:55:00,12/20/2024 10:36:38 AM,12/20/2024 11:02:00 AM,375487.619,2777331.953
03,2024-12-20,瑞芳DC,102DC,KPD3801,S3001888888,瑞芳ＤＣ,2024-12-20 12:37:00,,,375487.619,2777331.953
03,2024-12-20,瑞芳DC,GL02,KPD3801,1001018052,興南店,2024-12-20 12:37:00,12/20/2024 12:24:02 PM,12/20/2024 1:40:00 PM,352204.549,2769621.491
03,2024-12-20,瑞芳DC,GL03,KPD3801,1001015818,興和店,2024-12-20 12:37:00,12/20/2024 12:48:58 PM,12/20/2024 1:50:00 PM,352243.073,2769110.59
03,2024-12-20,瑞芳DC,GP05,KPD3801,1001020914,興仁店,2024-12-20 12:37:00,12/20/2024 1:01:02 PM,12/20/2024 2:00:00 PM,352273.658,2770310.254
03,2024-12-20,瑞芳DC,GP06,KPD3801,1001023922,興忠店,2024-12-20 12:37:00,12/20/2024 1:01:02 PM,12/20/2024 2:05:00 PM,352222.571,2770379.988
03,2024-12-20,瑞芳DC,GU06,KPD3801,1001020150,大安店,2024-12-20 12:37:00,12/20/2024 1:26:55 PM,12/20/2024 1:50:00 PM,352494.183,2770861.003
03,2024-12-20,瑞芳DC,GU07,KPD3801,1001019081,忠愛店,2024-12-20 12:37:00,12/20/2024 1:47:14 PM,12/20/2024 2:00:00 PM,352409.602,2770527.687
03,2024-12-20,瑞芳DC,GU08,KPD3801,1001019133,仁慈店,2024-12-20 12:37:00,12/20/2024 2:00:08 PM,12/20/2024 2:10:00 PM,352580.912,2770086.495
03,2024-12-20,瑞芳DC,GR13,KPD3801,1001018712,逸鑫店,2024-12-20 12:37:00,12/20/2024 2:14:17 PM,12/20/2024 2:40:00 PM,354205.752,2770428.736
03,2024-12-20,瑞芳DC,102DC,KPD3801,3001888888,瑞芳ＤＣ,2024-12-20 12:37:00,12/20/2024 3:05:00 PM,12/20/2024 5:05:00 PM,375487.619,2777331.953
12,2024-12-21,瑞芳DC,QIDC,KPD3801,S3001888888,瑞芳ＤＣ,2024-12-21 06:20:00,12/21/2024 7:01:07 AM,,375487.619,2777331.953
12,2024-12-21,瑞芳DC,QI03,KPD3801,1001020998,港忠店,2024-12-21 06:20:00,12/21/2024 8:09:47 AM,12/21/2024 9:10:00 AM,359553.863,2771808.725
12,2024-12-21,瑞芳DC,QI04,KPD3801,1001023213,南港生技店,2024-12-21 06:20:00,12/21/2024 8:13:35 AM,12/21/2024 9:15:00 AM,358943.324,2771694.453
12,2024-12-21,瑞芳DC,QI05,KPD3801,1001019031,中研店,2024-12-21 06:20:00,12/21/2024 8:22:03 AM,12/21/2024 9:20:00 AM,359343.914,2771189.961
12,2024-12-21,瑞芳DC,QI06,KPD3801,1001019502,研究院店,2024-12-21 06:20:00,12/21/2024 8:28:10 AM,12/21/2024 9:25:00 AM,359449.734,2770984.432
12,2024-12-21,瑞芳DC,QI07,KPD3801,1001024003,舊莊店,2024-12-21 06:20:00,12/21/2024 8:32:06 AM,12/21/2024 9:00:00 AM,,
12,2024-12-21,瑞芳DC,QI08,KPD3801,1001020368,新莊研店,2024-12-21 06:20:00,12/21/2024 8:36:53 AM,12/21/2024 9:35:00 AM,360073.962,2770265.899
12,2024-12-21,瑞芳DC,QI09,KPD3801,1001024055,汐止鑫宜興店,2024-12-21 06:20:00,12/21/2024 8:41:27 AM,12/21/2024 9:40:00 AM,360091.053,2770502.424
12,2024-12-21,瑞芳DC,QI10,KPD3801,1001015973,國興店,2024-12-21 06:20:00,12/21/2024 8:46:40 AM,12/21/2024 9:45:00 AM,359837.984,2770670.794
12,2024-12-21,瑞芳DC,QI11,KPD3801,1001021880,胡適店,2024-12-21 06:20:00,12/21/2024 8:51:28 AM,12/21/2024 9:50:00 AM,359766.303,2770586.98
12,2024-12-21,瑞芳DC,QI12,KPD3801,1001020924,汐止橫科店,2024-12-21 06:20:00,12/21/2024 8:58:48 AM,12/21/2024 9:55:00 AM,359867.032,2771266.72
12,2024-12-21,瑞芳DC,QI13,KPD3801,1001023694,汐止力行店,2024-12-21 06:20:00,12/21/2024 9:03:43 AM,12/21/2024 10:00:00 AM,359694.885,2771578.569
12,2024-12-21,瑞芳DC,QI14,KPD3801,1001022562,富康店,2024-12-21 06:20:00,12/21/2024 9:21:48 AM,12/21/2024 10:05:00 AM,359648.525,2771656.842
12,2024-12-21,瑞芳DC,QI15,KPD3801,1001023271,汐止忠厚店,2024-12-21 06:20:00,12/21/2024 9:33:36 AM,12/21/2024 10:15:00 AM,362087.197,2773132.126
12,2024-12-21,瑞芳DC,QI16,KPD3801,1001021010,汐止樟福店,2024-12-21 06:20:00,12/21/2024 9:36:26 AM,12/21/2024 10:20:00 AM,362239.808,2773214.738
12,2024-12-21,瑞芳DC,QI17,KPD3801,1001023308,汐止新樹店,2024-12-21 06:20:00,12/21/2024 9:40:30 AM,12/21/2024 10:25:00 AM,362100.018,2773540.519
12,2024-12-21,瑞芳DC,QI18,KPD3801,1001023362,汐止福德店,2024-12-21 06:20:00,12/21/2024 9:48:13 AM,12/21/2024 10:30:00 AM,361739.111,2773587.571
12,2024-12-21,瑞芳DC,QI19,KPD3801,1001017788,汐止福旺店,2024-12-21 06:20:00,12/21/2024 9:50:57 AM,12/21/2024 10:35:00 AM,361779.714,2773416.123
12,2024-12-21,瑞芳DC,QI20,KPD3801,1001019397,汐止長虹店,2024-12-21 06:20:00,12/21/2024 9:57:47 AM,12/21/2024 10:40:00 AM,361330.145,2773227.27
12,2024-12-21,瑞芳DC,QI21,KPD3801,1001020039,汐止興中店,2024-12-21 06:20:00,,12/21/2024 10:45:00 AM,361219.223,2773081.775
12,2024-12-21,瑞芳DC,QI22,KPD3801,1001023309,汐止興福店,2024-12-21 06:20:00,12/21/2024 10:05:45 AM,12/21/2024 10:50:00 AM,361075.746,2773121.042
12,2024-12-21,瑞芳DC,QI23,KPD3801,1001017139,汐止茂盛店,2024-12-21 06:20:00,12/21/2024 10:12:25 AM,12/21/2024 10:55:00 AM,361402.432,2772271.727
12,2024-12-21,瑞芳DC,QIDC,KPD3801,3001888888,瑞芳ＤＣ,2024-12-21 06:20:00,12/21/2024 10:35:57 AM,12/21/2024 11:20:00 AM,375487.619,2777331.953
12,2024-12-21,瑞芳DC,SIDC,KPD3801,S3001888888,瑞芳ＤＣ,2024-12-21 11:30:00,12/21/2024 11:27:37 AM,,375487.619,2777331.953
12,2024-12-21,瑞芳DC,SI01,KPD3801,1001019266,新店金采店,2024-12-21 11:30:00,12/21/2024 1:02:50 PM,12/21/2024 2:00:00 PM,351804.91,2764409.244
12,2024-12-21,瑞芳DC,SI02,KPD3801,1001023350,新店民佳店,2024-12-21 11:30:00,12/21/2024 1:11:25 PM,12/21/2024 2:05:00 PM,351629.265,2764115.747
12,2024-12-21,瑞芳DC,SI03,KPD3801,1001022995,新店慈濟店,2024-12-21 11:30:00,12/21/2024 1:17:33 PM,12/21/2024 2:10:00 PM,351388.155,2764442.647
12,2024-12-21,瑞芳DC,SI04,KPD3801,1001018336,新店復興店,2024-12-21 11:30:00,12/21/2024 1:31:39 PM,12/21/2024 2:20:00 PM,351283.16,2764098.636
12,2024-12-21,瑞芳DC,SI05,KPD3801,1001020494,新店大鵬店,2024-12-21 11:30:00,12/21/2024 1:37:01 PM,12/21/2024 2:25:00 PM,351232.121,2764941.549
12,2024-12-21,瑞芳DC,SI06,KPD3801,1001023882,新店莊敬店,2024-12-21 11:30:00,12/21/2024 1:40:56 PM,12/21/2024 2:30:00 PM,351139.244,2764350.577
12,2024-12-21,瑞芳DC,SI07,KPD3801,1001017303,新店中盛店,2024-12-21 11:30:00,12/21/2024 1:43:09 PM,12/21/2024 2:35:00 PM,351151.41,2764099.484
12,2024-12-21,瑞芳DC,SI08,KPD3801,1001023826,新北捷十四張店,2024-12-21 11:30:00,12/21/2024 1:46:24 PM,12/21/2024 2:40:00 PM,,
12,2024-12-21,瑞芳DC,SI09,KPD3801,1001021233,新店公宅店,2024-12-21 11:30:00,12/21/2024 1:56:59 PM,12/21/2024 2:40:00 PM,350432.0,2764001.501
12,2024-12-21,瑞芳DC,SI10,KPD3801,1001015042,新店民權店,2024-12-21 11:30:00,12/21/2024 2:04:51 PM,12/21/2024 2:50:00 PM,351485.162,2764075.831
12,2024-12-21,瑞芳DC,SI11,KPD3801,1001023974,新店江陵店,2024-12-21 11:30:00,12/21/2024 2:08:18 PM,12/21/2024 2:55:00 PM,351554.681,2763886.636
12,2024-12-21,瑞芳DC,SI12,KPD3801,1001015483,新店慶民店,2024-12-21 11:30:00,12/21/2024 2:13:33 PM,12/21/2024 3:00:00 PM,351811.842,2764040.288
12,2024-12-21,瑞芳DC,SI13,KPD3801,1001021057,新店順安店,2024-12-21 11:30:00,12/21/2024 2:17:16 PM,12/21/2024 3:10:00 PM,351869.14,2764462.85
12,2024-12-21,瑞芳DC,SI14,KPD3801,1001020986,新店新豐店,2024-12-21 11:30:00,12/21/2024 2:21:29 PM,12/21/2024 3:15:00 PM,351926.989,2763815.492
12,2024-12-21,瑞芳DC,SI15,KPD3801,1001019309,新店寶元店,2024-12-21 11:30:00,12/21/2024 2:28:10 PM,12/21/2024 3:20:00 PM,352010.206,2764066.853
12,2024-12-21,瑞芳DC,SI16,KPD3801,1001024144,新店新寶安店,2024-12-21 11:30:00,12/21/2024 2:32:31 PM,12/21/2024 3:25:00 PM,352167.558,2763961.498
12,2024-12-21,瑞芳DC,SI17,KPD3801,1001023399,新店新文強店,2024-12-21 11:30:00,12/21/2024 2:21:29 PM,12/21/2024 3:30:00 PM,352112.978,2763718.888
12,2024-12-21,瑞芳DC,SI18,KPD3801,1001022916,新店新寶橋店,2024-12-21 11:30:00,,12/21/2024 3:40:00 PM,352287.474,2763191.535
12,2024-12-21,瑞芳DC,SI19,KPD3801,1001020441,新店德正店,2024-12-21 11:30:00,12/21/2024 2:44:54 PM,12/21/2024 3:45:00 PM,352250.015,2762831.896
12,2024-12-21,瑞芳DC,SI20,KPD3801,1001020252,新店新華店,2024-12-21 11:30:00,12/21/2024 2:50:47 PM,12/21/2024 3:50:00 PM,351889.581,2762341.312
12,2024-12-21,瑞芳DC,SI21,KPD3801,1001017925,新店光盛店,2024-12-21 11:30:00,12/21/2024 2:55:08 PM,12/21/2024 3:55:00 PM,351766.364,2761894.382
12,2024-12-21,瑞芳DC,SI22,KPD3801,1001021028,新店光明店,2024-12-21 11:30:00,12/21/2024 2:57:12 PM,12/21/2024 3:55:00 PM,351707.803,2761694.849
12,2024-12-21,瑞芳DC,SI23,KPD3801,1001020221,新店行政店,2024-12-21 11:30:00,12/21/2024 2:50:47 PM,12/21/2024 4:00:00 PM,352037.981,2762346.418
12,2024-12-21,瑞芳DC,SIDC,KPD3801,3001888888,瑞芳ＤＣ,2024-12-21 11:30:00,12/21/2024 3:38:16 PM,12/21/2024 4:43:00 PM,375487.619,2777331.953
03,2024-12-22,瑞芳DC,DLDC,KPD3801,S3001888888,瑞芳ＤＣ,2024-12-22 06:20:00,12/22/2024 7:14:38 AM,,375487.619,2777331.953
03,2024-12-22,瑞芳DC,DL02,KPD3801,1001020485,新湖店,2024-12-22 06:20:00,12/22/2024 7:49:52 AM,12/22/2024 8:50:00 AM,356192.905,2773120.817
03,2024-12-22,瑞芳DC,DL03,KPD3801,1001022211,行善公宅店,2024-12-22 06:20:00,12/22/2024 8:00:50 AM,12/22/2024 9:00:00 AM,356097.196,2772584.503
03,2024-12-22,瑞芳DC,DL04,KPD3801,1001022932,行善店,2024-12-22 06:20:00,12/22/2024 8:08:02 AM,12/22/2024 9:10:00 AM,356356.893,2772767.611
03,2024-12-22,瑞芳DC,DL05,KPD3801,1001022680,興華店,2024-12-22 06:20:00,12/22/2024 8:25:22 AM,12/22/2024 9:20:00 AM,358516.977,2772109.03
03,2024-12-22,瑞芳DC,DL06,KPD3801,1001015973,國興店,2024-12-22 06:20:00,12/22/2024 8:35:42 AM,12/22/2024 9:40:00 AM,359837.984,2770670.794
03,2024-12-22,瑞芳DC,DL07,KPD3801,1001021880,胡適店,2024-12-22 06:20:00,12/22/2024 8:40:32 AM,12/22/2024 9:50:00 AM,359766.303,2770586.98
03,2024-12-22,瑞芳DC,DL08,KPD3801,1001024055,汐止鑫宜興店,2024-12-22 06:20:00,12/22/2024 8:52:57 AM,12/22/2024 10:00:00 AM,360091.053,2770502.424
03,2024-12-22,瑞芳DC,DL09,KPD3801,1001020368,新莊研店,2024-12-22 06:20:00,12/22/2024 8:59:24 AM,12/22/2024 10:10:00 AM,360073.962,2770265.899
03,2024-12-22,瑞芳DC,DL10,KPD3801,1001022562,富康店,2024-12-22 06:20:00,12/22/2024 9:09:56 AM,12/22/2024 10:20:00 AM,359648.525,2771656.842
03,2024-12-22,瑞芳DC,DL11,KPD3801,1001023694,汐止力行店,2024-12-22 06:20:00,12/22/2024 9:14:13 AM,12/22/2024 10:30:00 AM,359694.885,2771578.569
03,2024-12-22,瑞芳DC,DL12,KPD3801,1001020924,汐止橫科店,2024-12-22 06:20:00,12/22/2024 9:20:57 AM,12/22/2024 10:40:00 AM,359867.032,2771266.72
03,2024-12-22,瑞芳DC,DL13,KPD3801,1001024003,舊莊店,2024-12-22 06:20:00,12/22/2024 8:46:36 AM,12/22/2024 10:50:00 AM,,
03,2024-12-22,瑞芳DC,DLDC,KPD3801,3001888888,瑞芳ＤＣ,2024-12-22 06:20:00,12/22/2024 10:03:35 AM,12/22/2024 11:15:00 AM,375487.619,2777331.953
03,2024-12-22,瑞芳DC,GLDC,KPD3801,S3001888888,瑞芳ＤＣ,2024-12-22 11:00:00,12/22/2024 10:56:08 AM,,375487.619,2777331.953
03,2024-12-22,瑞芳DC,GL01,KPD3801,1001024040,大森店,2024-12-22 11:00:00,12/22/2024 12:32:17 PM,12/22/2024 1:30:00 PM,351469.953,2769777.842
03,2024-12-22,瑞芳DC,GL02,KPD3801,1001018052,興南店,2024-12-22 11:00:00,12/22/2024 12:43:39 PM,12/22/2024 1:40:00 PM,352204.549,2769621.491
03,2024-12-22,瑞芳DC,GL03,KPD3801,1001015818,興和店,2024-12-22 11:00:00,12/22/2024 12:50:17 PM,12/22/2024 1:50:00 PM,352243.073,2769110.59
03,2024-12-22,瑞芳DC,GL04,KPD3801,1001020399,義安店,2024-12-22 11:00:00,12/22/2024 1:02:06 PM,12/22/2024 1:50:00 PM,352631.846,2769633.57
03,2024-12-22,瑞芳DC,GL05,KPD3801,1001022593,義興店,2024-12-22 11:00:00,12/22/2024 12:43:39 PM,12/22/2024 2:00:00 PM,352286.322,2769692.886
03,2024-12-22,瑞芳DC,GL06,KPD3801,1001019160,復豐店,2024-12-22 11:00:00,12/22/2024 1:16:52 PM,12/22/2024 2:10:00 PM,352283.176,2769749.399
03,2024-12-22,瑞芳DC,GL07,KPD3801,1001022950,懷生店,2024-12-22 11:00:00,12/22/2024 1:26:45 PM,12/22/2024 2:20:00 PM,352283.176,2769749.399
03,2024-12-22,瑞芳DC,GL08,KPD3801,1001019760,正興店,2024-12-22 11:00:00,12/22/2024 1:51:00 PM,12/22/2024 2:30:00 PM,351991.937,2770553.905
03,2024-12-22,瑞芳DC,GL09,KPD3801,1001021455,濟南二店,2024-12-22 11:00:00,12/22/2024 2:01:58 PM,12/22/2024 2:40:00 PM,351234.804,2770454.567
03,2024-12-22,瑞芳DC,GL10,KPD3801,1001019674,新北科店,2024-12-22 11:00:00,12/22/2024 2:11:18 PM,12/22/2024 2:50:00 PM,351196.72,2770866.909
03,2024-12-22,瑞芳DC,GL11,KPD3801,1001016573,北科店,2024-12-22 11:00:00,12/22/2024 2:27:00 PM,12/22/2024 3:00:00 PM,351651.361,2770806.472
03,2024-12-22,瑞芳DC,GL12,KPD3801,1001018581,昌隆店,2024-12-22 11:00:00,12/22/2024 2:41:21 PM,12/22/2024 3:10:00 PM,351864.837,2770824.725
03,2024-12-22,瑞芳DC,GLDC,KPD3801,3001888888,瑞芳ＤＣ,2024-12-22 11:00:00,12/22/2024 3:19:35 PM,12/22/2024 4:11:00 PM,375487.619,2777331.953
03,2024-12-23,瑞芳DC,101DC,KPD3801,S3001888888,瑞芳ＤＣ,2024-12-23 11:00:00,12/23/2024 1:18:42 PM,,375487.619,2777331.953
03,2024-12-23,瑞芳DC,GR02,KPD3801,1001016473,國泰店,2024-12-23 11:00:00,12/23/2024 1:52:08 PM,12/23/2024 1:10:00 PM,353235.271,2770016.848
03,2024-12-23,瑞芳DC,GR03,KPD3801,1001018206,吉泰店,2024-12-23 11:00:00,12/23/2024 1:58:37 PM,12/23/2024 1:20:00 PM,353352.038,2770063.196
03,2024-12-23,瑞芳DC,GR04,KPD3801,1001021555,義和店,2024-12-23 11:00:00,12/23/2024 2:06:24 PM,12/23/2024 1:30:00 PM,353297.606,2769707.058
03,2024-12-23,瑞芳DC,GR05,KPD3801,1001016838,光復南路店,2024-12-23 11:00:00,12/23/2024 2:36:47 PM,12/23/2024 1:40:00 PM,353691.926,2769865.632
03,2024-12-23,瑞芳DC,GU10,KPD3801,1001021426,敦安店,2024-12-23 11:00:00,12/23/2024 2:22:50 PM,12/23/2024 2:30:00 PM,352915.317,2769742.703
03,2024-12-23,瑞芳DC,GG10,KPD3801,1001018160,堤頂店,2024-12-23 11:00:00,12/23/2024 3:00:35 PM,12/23/2024 2:55:00 PM,355346.651,2774058.102
03,2024-12-23,瑞芳DC,GG11,KPD3801,1001018636,陽鑫店,2024-12-23 11:00:00,12/23/2024 3:12:11 PM,12/23/2024 3:00:00 PM,355542.439,2773981.217
03,2024-12-23,瑞芳DC,GG12,KPD3801,1001023907,陽盛店,2024-12-23 11:00:00,12/23/2024 3:12:11 PM,12/23/2024 3:10:00 PM,355669.853,2774010.834
03,2024-12-23,瑞芳DC,101DC,KPD3801,3001888888,瑞芳ＤＣ,2024-12-23 11:00:00,,12/23/2024 3:16:00 PM,375487.619,2777331.953
03,2024-12-24,瑞芳DC,402DC,KPD3801,S3001888888,瑞芳ＤＣ,2024-12-24 12:39:00,12/24/2024 12:36:22 PM,,375487.619,2777331.953
03,2024-12-24,瑞芳DC,GU05,KPD3801,1001021447,安勝店,2024-12-24 12:39:00,12/24/2024 1:14:55 PM,12/24/2024 1:40:00 PM,352957.671,2770618.117
03,2024-12-24,瑞芳DC,GR02,KPD3801,1001016473,國泰店,2024-12-24 12:39:00,12/24/2024 1:53:13 PM,12/24/2024 1:10:00 PM,353235.271,2770016.848
03,2024-12-24,瑞芳DC,GR03,KPD3801,1001018206,吉泰店,2024-12-24 12:39:00,12/24/2024 2:01:34 PM,12/24/2024 1:20:00 PM,353352.038,2770063.196
03,2024-12-24,瑞芳DC,GR04,KPD3801,1001021555,義和店,2024-12-24 12:39:00,12/24/2024 2:09:34 PM,12/24/2024 1:30:00 PM,353297.606,2769707.058
03,2024-12-24,瑞芳DC,GL07,KPD3801,1001022950,懷生店,2024-12-24 12:39:00,12/24/2024 1:29:01 PM,12/24/2024 2:20:00 PM,352283.176,2769749.399
03,2024-12-24,瑞芳DC,GL08,KPD3801,1001019760,正興店,2024-12-24 12:39:00,12/24/2024 1:37:02 PM,12/24/2024 2:30:00 PM,351991.937,2770553.905
03,2024-12-24,瑞芳DC,402DC,KPD3801,3001888888,瑞芳ＤＣ,2024-12-24 12:39:00,,12/24/2024 3:36:00 PM,375487.619,2777331.953
03,2024-12-25,瑞芳DC,101DC,KPD3801,S3001888888,瑞芳ＤＣ,2024-12-25 07:55:00,12/25/2024 7:27:32 AM,,375487.619,2777331.953
03,2024-12-25,瑞芳DC,DT03,KPD3801,1001015188,新店統寶店,2024-12-25 07:55:00,12/25/2024 8:04:18 AM,12/25/2024 9:05:00 AM,352747.249,2763024.13
03,2024-12-25,瑞芳DC,DW02,KPD3801,1001019309,新店寶元店,2024-12-25 07:55:00,12/25/2024 8:38:00 AM,12/25/2024 9:00:00 AM,352010.206,2764066.853
03,2024-12-25,瑞芳DC,DW03,KPD3801,1001024144,新店新寶安店,2024-12-25 07:55:00,12/25/2024 8:48:24 AM,12/25/2024 9:10:00 AM,352167.558,2763961.498
03,2024-12-25,瑞芳DC,DW04,KPD3801,1001018298,世景店,2024-12-25 07:55:00,12/25/2024 9:03:42 AM,12/25/2024 9:20:00 AM,352049.724,2764836.346
03,2024-12-25,瑞芳DC,DW05,KPD3801,1001022863,景文店,2024-12-25 07:55:00,12/25/2024 9:15:16 AM,12/25/2024 9:25:00 AM,351968.268,2765004.5
03,2024-12-25,瑞芳DC,DS05,KPD3801,1001020275,新文華店,2024-12-25 07:55:00,12/25/2024 9:20:27 AM,12/25/2024 9:40:00 AM,351990.118,2765450.682
03,2024-12-25,瑞芳DC,DS06,KPD3801,1001018245,華德店,2024-12-25 07:55:00,12/25/2024 9:29:48 AM,12/25/2024 9:50:00 AM,352372.51,2765461.405
03,2024-12-25,瑞芳DC,DV10,KPD3801,1001022130,六張黎店,2024-12-25 07:55:00,12/25/2024 9:50:10 AM,12/25/2024 10:40:00 AM,353625.173,2768163.597
03,2024-12-25,瑞芳DC,101DC,KPD3801,3001888888,瑞芳ＤＣ,2024-12-25 07:55:00,12/25/2024 10:44:38 AM,12/25/2024 11:26:00 AM,375487.619,2777331.953
03,2024-12-25,瑞芳DC,402DC,KPD3801,S3001888888,瑞芳ＤＣ,2024-12-25 10:50:00,,,375487.619,2777331.953
03,2024-12-25,瑞芳DC,GU05,KPD3801,1001021447,安勝店,2024-12-25 10:50:00,12/25/2024 12:17:53 PM,12/25/2024 1:40:00 PM,352957.671,2770618.117
03,2024-12-25,瑞芳DC,GR02,KPD3801,1001016473,國泰店,2024-12-25 10:50:00,12/25/2024 12:34:54 PM,12/25/2024 1:10:00 PM,353235.271,2770016.848
03,2024-12-25,瑞芳DC,GR03,KPD3801,1001018206,吉泰店,2024-12-25 10:50:00,12/25/2024 12:43:28 PM,12/25/2024 1:20:00 PM,353352.038,2770063.196
03,2024-12-25,瑞芳DC,GR04,KPD3801,1001021555,義和店,2024-12-25 10:50:00,12/25/2024 12:51:39 PM,12/25/2024 1:30:00 PM,353297.606,2769707.058
03,2024-12-25,瑞芳DC,GR05,KPD3801,1001016838,光復南路店,2024-12-25 10:50:00,12/25/2024 1:02:25 PM,12/25/2024 1:40:00 PM,353691.926,2769865.632
03,2024-12-25,瑞芳DC,GM10,KPD3801,1001021802,北醫店,2024-12-25 10:50:00,12/25/2024 1:25:54 PM,12/25/2024 2:20:00 PM,354261.986,2768959.098
03,2024-12-25,瑞芳DC,GM11,KPD3801,1001020665,莊新店,2024-12-25 10:50:00,12/25/2024 1:36:50 PM,12/25/2024 2:25:00 PM,354220.919,2769110.074
03,2024-12-25,瑞芳DC,GM12,KPD3801,1001017120,三興店,2024-12-25 10:50:00,12/25/2024 1:17:16 PM,12/25/2024 2:30:00 PM,353833.104,2769481.546
03,2024-12-25,瑞芳DC,402DC,KPD3801,3001888888,瑞芳ＤＣ,2024-12-25 10:50:00,12/25/2024 2:35:01 PM,12/25/2024 4:06:00 PM,375487.619,2777331.953
03,2024-12-26,瑞芳DC,102DC,KPD3801,S3001888888,瑞芳ＤＣ,2024-12-26 11:58:00,12/26/2024 12:18:40 PM,,375487.619,2777331.953
03,2024-12-26,瑞芳DC,GW01,KPD3801,1001020486,慶城店,2024-12-26 11:58:00,12/26/2024 12:52:30 PM,12/26/2024 1:00:00 PM,352380.389,2771807.492
03,2024-12-26,瑞芳DC,GL05,KPD3801,1001022593,義興店,2024-12-26 11:58:00,12/26/2024 1:10:03 PM,12/26/2024 2:00:00 PM,352286.322,2769692.886
03,2024-12-26,瑞芳DC,GU09,KPD3801,1001017725,敦新店,2024-12-26 11:58:00,12/26/2024 1:24:10 PM,12/26/2024 2:20:00 PM,352854.676,2770068.428
03,2024-12-26,瑞芳DC,GU10,KPD3801,1001021426,敦安店,2024-12-26 11:58:00,12/26/2024 1:41:38 PM,12/26/2024 2:30:00 PM,352915.317,2769742.703
03,2024-12-26,瑞芳DC,GR12,KPD3801,1001020400,聯合店,2024-12-26 11:58:00,12/26/2024 2:00:40 PM,12/26/2024 2:30:00 PM,354249.165,2770650.414
03,2024-12-26,瑞芳DC,GR13,KPD3801,1001018712,逸鑫店,2024-12-26 11:58:00,12/26/2024 2:12:05 PM,12/26/2024 2:40:00 PM,354205.752,2770428.736
03,2024-12-26,瑞芳DC,GG11,KPD3801,1001018636,陽鑫店,2024-12-26 11:58:00,12/26/2024 2:39:50 PM,12/26/2024 3:00:00 PM,355542.439,2773981.217
03,2024-12-26,瑞芳DC,GG12,KPD3801,1001023907,陽盛店,2024-12-26 11:58:00,12/26/2024 2:39:50 PM,12/26/2024 3:10:00 PM,355669.853,2774010.834
03,2024-12-26,瑞芳DC,102DC,KPD3801,3001888888,瑞芳ＤＣ,2024-12-26 11:58:00,12/26/2024 3:32:02 PM,12/26/2024 3:18:00 PM,375487.619,2777331.953
03,2024-12-29,瑞芳DC,101DC,KPD3801,S3001888888,瑞芳ＤＣ,2024-12-29 11:00:00,12/29/2024 11:00:38 AM,,375487.619,2777331.953
03,2024-12-29,瑞芳DC,GM02,KPD3801,1001022463,國父紀念館店,2024-12-29 11:00:00,12/29/2024 11:39:17 AM,12/29/2024 1:20:00 PM,353625.778,2770310.738
03,2024-12-29,瑞芳DC,GU07,KPD3801,1001019081,忠愛店,2024-12-29 11:00:00,12/29/2024 12:09:58 PM,12/29/2024 2:00:00 PM,352409.602,2770527.687
03,2024-12-29,瑞芳DC,GZ09,KPD3801,1001018582,汐止保興店,2024-12-29 11:00:00,12/29/2024 12:44:03 PM,12/29/2024 2:50:00 PM,365461.094,2774730.97
03,2024-12-29,瑞芳DC,GZ10,KPD3801,1001016026,汐止鄉長店,2024-12-29 11:00:00,12/29/2024 12:55:05 PM,12/29/2024 3:00:00 PM,364543.736,2774150.2
03,2024-12-29,瑞芳DC,GZ11,KPD3801,1001018090,汐止和平店,2024-12-29 11:00:00,12/29/2024 1:06:11 PM,12/29/2024 3:10:00 PM,364258.509,2773704.926
03,2024-12-29,瑞芳DC,GZ12,KPD3801,1001022477,汐止農會店,2024-12-29 11:00:00,12/29/2024 1:18:13 PM,12/29/2024 3:20:00 PM,364119.693,2773559.808
03,2024-12-29,瑞芳DC,GZ13,KPD3801,1001023480,汐止秀峰店,2024-12-29 11:00:00,12/29/2024 1:30:39 PM,12/29/2024 3:40:00 PM,364252.154,2773250.227
03,2024-12-29,瑞芳DC,101DC,KPD3801,3001888888,瑞芳ＤＣ,2024-12-29 11:00:00,12/29/2024 2:10:19 PM,12/29/2024 3:24:00 PM,375487.619,2777331.953
03,2024-12-29,瑞芳DC,DZDC,KPD3801,S3001888888,瑞芳ＤＣ,2024-12-29 07:30:00,12/29/2024 7:13:58 AM,,375487.619,2777331.953
03,2024-12-29,瑞芳DC,DZ01,KPD3801,1001021647,小彎公宅店,2024-12-29 07:30:00,12/29/2024 7:35:13 AM,12/29/2024 9:10:00 AM,357313.808,2772357.857
03,2024-12-29,瑞芳DC,DZ02,KPD3801,1001020641,港成店,2024-12-29 07:30:00,12/29/2024 7:49:29 AM,12/29/2024 9:20:00 AM,357244.55,2771968.478
03,2024-12-29,瑞芳DC,DZ03,KPD3801,1001016840,向陽店,2024-12-29 07:30:00,12/29/2024 7:56:43 AM,12/29/2024 9:30:00 AM,357534.235,2772028.88
03,2024-12-29,瑞芳DC,DZ04,KPD3801,1001022011,中視店,2024-12-29 07:30:00,12/29/2024 8:06:04 AM,12/29/2024 9:40:00 AM,358094.986,2772140.491
03,2024-12-29,瑞芳DC,DZ05,KPD3801,1001020277,重陽店,2024-12-29 07:30:00,12/29/2024 8:14:13 AM,12/29/2024 9:50:00 AM,357823.311,2772207.091
03,2024-12-29,瑞芳DC,DZ06,KPD3801,1001022836,台塑店,2024-12-29 07:30:00,12/29/2024 9:34:07 AM,12/29/2024 10:00:00 AM,356728.766,2772522.09
03,2024-12-29,瑞芳DC,DZ07,KPD3801,1001023079,南港車站店,2024-12-29 07:30:00,12/29/2024 8:24:43 AM,12/29/2024 10:10:00 AM,358669.188,2771780.932
03,2024-12-29,瑞芳DC,DZ08,KPD3801,1001023213,南港生技店,2024-12-29 07:30:00,12/29/2024 8:38:22 AM,12/29/2024 10:30:00 AM,358943.324,2771694.453
03,2024-12-29,瑞芳DC,DZ09,KPD3801,1001020998,港忠店,2024-12-29 07:30:00,12/29/2024 8:48:27 AM,12/29/2024 10:40:00 AM,359553.863,2771808.725
03,2024-12-29,瑞芳DC,DZ10,KPD3801,1001019031,中研店,2024-12-29 07:30:00,12/29/2024 8:55:46 AM,12/29/2024 10:50:00 AM,359343.914,2771189.961
03,2024-12-29,瑞芳DC,DZ11,KPD3801,1001019502,研究院店,2024-12-29 07:30:00,12/29/2024 9:06:48 AM,12/29/2024 11:00:00 AM,359449.734,2770984.432
03,2024-12-29,瑞芳DC,DZDC,KPD3801,3001888888,瑞芳ＤＣ,2024-12-29 07:30:00,12/29/2024 10:04:32 AM,12/29/2024 11:40:00 AM,375487.619,2777331.953
04,2024-12-30,瑞芳DC,102DC,KPD3801,S3001888888,瑞芳ＤＣ,2024-12-30 13:20:00,,,375487.619,2777331.953
04,2024-12-30,瑞芳DC,WL11,KPD3801,1001022950,懷生店,2024-12-30 13:20:00,12/30/2024 2:11:26 PM,12/30/2024 2:20:00 PM,352283.176,2769749.399
04,2024-12-30,瑞芳DC,WL12,KPD3801,1001023922,興忠店,2024-12-30 13:20:00,12/30/2024 2:15:56 PM,12/30/2024 2:25:00 PM,352222.571,2770379.988
04,2024-12-30,瑞芳DC,WL13,KPD3801,1001021762,復豪店,2024-12-30 13:20:00,12/30/2024 2:19:56 PM,12/30/2024 2:30:00 PM,352203.26,2769881.517
04,2024-12-30,瑞芳DC,WL14,KPD3801,1001018052,興南店,2024-12-30 13:20:00,12/30/2024 2:25:40 PM,12/30/2024 2:35:00 PM,352204.549,2769621.491
04,2024-12-30,瑞芳DC,WL15,KPD3801,1001018080,和新店,2024-12-30 13:20:00,12/30/2024 2:36:17 PM,12/30/2024 2:45:00 PM,351481.812,2768825.945
04,2024-12-30,瑞芳DC,WL16,KPD3801,1001018665,和東店,2024-12-30 13:20:00,12/30/2024 2:45:58 PM,12/30/2024 2:50:00 PM,352034.904,2768742.286
04,2024-12-30,瑞芳DC,WL17,KPD3801,1001021968,和茂店,2024-12-30 13:20:00,12/30/2024 2:49:11 PM,12/30/2024 2:55:00 PM,352680.748,2768673.472
04,2024-12-30,瑞芳DC,WL18,KPD3801,1001022801,國立教育店,2024-12-30 13:20:00,12/30/2024 2:56:55 PM,12/30/2024 3:00:00 PM,352509.442,2768574.801
04,2024-12-30,瑞芳DC,WL19,KPD3801,1001014395,和復店,2024-12-30 13:20:00,12/30/2024 3:00:49 PM,12/30/2024 3:05:00 PM,352255.015,2768743.074
04,2024-12-30,瑞芳DC,WL20,KPD3801,1001019160,復豐店,2024-12-30 13:20:00,12/30/2024 3:12:50 PM,12/30/2024 3:15:00 PM,352283.176,2769749.399
04,2024-12-30,瑞芳DC,WL21,KPD3801,1001020914,興仁店,2024-12-30 13:20:00,12/30/2024 3:16:39 PM,12/30/2024 3:20:00 PM,352273.658,2770310.254
04,2024-12-30,瑞芳DC,102DC,KPD3801,3001888888,瑞芳ＤＣ,2024-12-30 13:20:00,12/30/2024 3:53:37 PM,12/30/2024 5:05:00 PM,375487.619,2777331.953
04,2024-12-30,瑞芳DC,WLDC,KPD3801,S3001888888,瑞芳ＤＣ,2024-12-30 09:20:00,12/30/2024 12:07:07 PM,,375487.619,2777331.953
04,2024-12-30,瑞芳DC,WL01,KPD3801,1001019401,松盛店,2024-12-30 09:20:00,12/30/2024 12:39:05 PM,12/30/2024 1:00:00 PM,355710.498,2771098.24
04,2024-12-30,瑞芳DC,WL02,KPD3801,1001023659,新松林店,2024-12-30 09:20:00,12/30/2024 12:41:16 PM,12/30/2024 1:05:00 PM,355627.547,2771070.59
04,2024-12-30,瑞芳DC,WL03,KPD3801,1001019505,永吉二店,2024-12-30 09:20:00,12/30/2024 12:55:52 PM,12/30/2024 1:10:00 PM,355328.575,2771011.809
04,2024-12-30,瑞芳DC,WL04,KPD3801,1001023349,莊敬店,2024-12-30 09:20:00,12/30/2024 1:07:39 PM,12/30/2024 1:30:00 PM,354370.826,2769006.436
04,2024-12-30,瑞芳DC,WL05,KPD3801,1001021802,北醫店,2024-12-30 09:20:00,12/30/2024 1:12:45 PM,12/30/2024 1:35:00 PM,354261.986,2768959.098
04,2024-12-30,瑞芳DC,WL06,KPD3801,1001020665,莊新店,2024-12-30 09:20:00,12/30/2024 1:26:32 PM,12/30/2024 1:40:00 PM,354220.919,2769110.074
04,2024-12-30,瑞芳DC,WL07,KPD3801,1001020129,富興店,2024-12-30 09:20:00,12/30/2024 1:30:29 PM,12/30/2024 1:45:00 PM,353981.859,2769149.663
04,2024-12-30,瑞芳DC,WL08,KPD3801,1001020557,景聯店,2024-12-30 09:20:00,12/30/2024 1:35:25 PM,12/30/2024 1:50:00 PM,353997.013,2769367.687
04,2024-12-30,瑞芳DC,WL09,KPD3801,1001017120,三興店,2024-12-30 09:20:00,12/30/2024 1:41:35 PM,12/30/2024 1:55:00 PM,353833.104,2769481.546
04,2024-12-30,瑞芳DC,WL10,KPD3801,1001020523,新貿店,2024-12-30 09:20:00,12/30/2024 1:48:58 PM,12/30/2024 2:00:00 PM,353773.176,2769652.851
04,2024-12-30,瑞芳DC,WLDC,KPD3801,3001888888,瑞芳ＤＣ,2024-12-30 09:20:00,,12/30/2024 4:10:00 PM,375487.619,2777331.953
03,2025-01-01,瑞芳DC,DZDC,KPD3801,S3001888888,瑞芳ＤＣ,2025-01-01 07:30:00,1/1/2025 7:15:45 AM,,375487.619,2777331.953
03,2025-01-01,瑞芳DC,DZ01,KPD3801,1001021647,小彎公宅店,2025-01-01 07:30:00,1/1/2025 7:41:38 AM,1/1/2025 9:10:00 AM,357313.808,2772357.857
03,2025-01-01,瑞芳DC,DZ02,KPD3801,1001020641,港成店,2025-01-01 07:30:00,1/1/2025 8:47:25 AM,1/1/2025 9:20:00 AM,357244.55,2771968.478
03,2025-01-01,瑞芳DC,DZ03,KPD3801,1001016840,向陽店,2025-01-01 07:30:00,1/1/2025 8:52:39 AM,1/1/2025 9:30:00 AM,357534.235,2772028.88
03,2025-01-01,瑞芳DC,DZ04,KPD3801,1001022011,中視店,2025-01-01 07:30:00,1/1/2025 8:59:18 AM,1/1/2025 9:40:00 AM,358094.986,2772140.491
03,2025-01-01,瑞芳DC,DZ05,KPD3801,1001020277,重陽店,2025-01-01 07:30:00,1/1/2025 9:06:18 AM,1/1/2025 9:50:00 AM,357823.311,2772207.091
03,2025-01-01,瑞芳DC,DZ06,KPD3801,1001022836,台塑店,2025-01-01 07:30:00,1/1/2025 9:19:50 AM,1/1/2025 10:00:00 AM,356728.766,2772522.09
03,2025-01-01,瑞芳DC,DZ07,KPD3801,1001023079,南港車站店,2025-01-01 07:30:00,1/1/2025 9:32:25 AM,1/1/2025 10:10:00 AM,358669.188,2771780.932
03,2025-01-01,瑞芳DC,DZ08,KPD3801,1001023213,南港生技店,2025-01-01 07:30:00,1/1/2025 9:54:21 AM,1/1/2025 10:30:00 AM,358943.324,2771694.453
03,2025-01-01,瑞芳DC,DZ09,KPD3801,1001020998,港忠店,2025-01-01 07:30:00,1/1/2025 10:00:41 AM,1/1/2025 10:40:00 AM,359553.863,2771808.725
03,2025-01-01,瑞芳DC,DZ10,KPD3801,1001019031,中研店,2025-01-01 07:30:00,1/1/2025 10:07:06 AM,1/1/2025 10:50:00 AM,359343.914,2771189.961
03,2025-01-01,瑞芳DC,DZ11,KPD3801,1001019502,研究院店,2025-01-01 07:30:00,1/1/2025 10:12:44 AM,1/1/2025 11:00:00 AM,359449.734,2770984.432
03,2025-01-01,瑞芳DC,DZDC,KPD3801,3001888888,瑞芳ＤＣ,2025-01-01 07:30:00,1/1/2025 10:41:30 AM,1/1/2025 11:40:00 AM,375487.619,2777331.953
03,2025-01-01,瑞芳DC,GWDC,KPD3801,S3001888888,瑞芳ＤＣ,2025-01-01 11:00:00,1/1/2025 11:20:45 AM,,375487.619,2777331.953
03,2025-01-01,瑞芳DC,GW01,KPD3801,1001020486,慶城店,2025-01-01 11:00:00,1/1/2025 11:54:44 AM,1/1/2025 1:00:00 PM,352380.389,2771807.492
03,2025-01-01,瑞芳DC,GW02,KPD3801,1001020127,富泰店,2025-01-01 11:00:00,1/1/2025 12:14:55 PM,1/1/2025 1:10:00 PM,354396.133,2772403.926
03,2025-01-01,瑞芳DC,GW03,KPD3801,1001022759,新東店,2025-01-01 11:00:00,1/1/2025 12:23:10 PM,1/1/2025 1:20:00 PM,354539.784,2772362.782
03,2025-01-01,瑞芳DC,GW04,KPD3801,1001018901,昇東店,2025-01-01 11:00:00,1/1/2025 12:23:10 PM,1/1/2025 1:30:00 PM,354541.158,2772531.341
03,2025-01-01,瑞芳DC,GW05,KPD3801,1001017017,富錦店,2025-01-01 11:00:00,1/1/2025 12:35:33 PM,1/1/2025 1:40:00 PM,354468.539,2772743.838
03,2025-01-01,瑞芳DC,GW06,KPD3801,1001017205,三富店,2025-01-01 11:00:00,1/1/2025 12:42:36 PM,1/1/2025 1:50:00 PM,354254.153,2772723.906
03,2025-01-01,瑞芳DC,GW07,KPD3801,1001023825,塔悠店,2025-01-01 11:00:00,1/1/2025 12:50:06 PM,1/1/2025 2:00:00 PM,354827.211,2772288.184
03,2025-01-01,瑞芳DC,GW09,KPD3801,1001024084,民康店,2025-01-01 11:00:00,1/1/2025 1:05:56 PM,1/1/2025 2:20:00 PM,354313.17,2771973.698
03,2025-01-01,瑞芳DC,GW10,KPD3801,1001016058,松壽店,2025-01-01 11:00:00,1/1/2025 1:14:57 PM,1/1/2025 2:25:00 PM,354096.995,2772080.856
03,2025-01-01,瑞芳DC,GW11,KPD3801,1001016542,松民店,2025-01-01 11:00:00,1/1/2025 1:23:11 PM,1/1/2025 2:30:00 PM,354167.603,2772507.072
03,2025-01-01,瑞芳DC,GW12,KPD3801,1001014959,東豐店,2025-01-01 11:00:00,1/1/2025 1:30:59 PM,1/1/2025 2:40:00 PM,353601.82,2772450.438
03,2025-01-01,瑞芳DC,GW13,KPD3801,1001016262,中央店,2025-01-01 11:00:00,1/1/2025 1:35:57 PM,1/1/2025 2:50:00 PM,353106.356,2772417.453
03,2025-01-01,瑞芳DC,GWDC,KPD3801,3001888888,瑞芳ＤＣ,2025-01-01 11:00:00,1/1/2025 2:30:37 PM,1/1/2025 3:35:00 PM,375487.619,2777331.953
03,2025-01-02,瑞芳DC,101DC,KPD3801,S3001888888,瑞芳ＤＣ,2025-01-02 12:29:00,1/2/2025 12:34:16 PM,,375487.619,2777331.953
03,2025-01-02,瑞芳DC,GU04,KPD3801,1001018020,統領店,2025-01-02 12:29:00,1/2/2025 1:08:36 PM,1/2/2025 1:30:00 PM,353064.306,2770643.127
03,2025-01-02,瑞芳DC,GU05,KPD3801,1001021447,安勝店,2025-01-02 12:29:00,1/2/2025 1:08:36 PM,1/2/2025 1:40:00 PM,352957.671,2770618.117
03,2025-01-02,瑞芳DC,GR05,KPD3801,1001016838,光復南路店,2025-01-02 12:29:00,1/2/2025 1:46:13 PM,1/2/2025 1:40:00 PM,353691.926,2769865.632
03,2025-01-02,瑞芳DC,GR06,KPD3801,1001020523,新貿店,2025-01-02 12:29:00,1/2/2025 1:56:46 PM,1/2/2025 1:50:00 PM,353773.176,2769652.851
03,2025-01-02,瑞芳DC,GM13,KPD3801,1001017827,復昌店,2025-01-02 12:29:00,1/2/2025 1:38:31 PM,1/2/2025 2:35:00 PM,353645.774,2769515.818
03,2025-01-02,瑞芳DC,GG08,KPD3801,1001024694,瑞亞店,2025-01-02 12:29:00,1/2/2025 2:27:04 PM,1/2/2025 2:35:00 PM,355374.39,2774417.364
03,2025-01-02,瑞芳DC,GG09,KPD3801,1001017978,瑞豐店,2025-01-02 12:29:00,1/2/2025 2:45:49 PM,1/2/2025 2:45:00 PM,355542.416,2774302.601
03,2025-01-02,瑞芳DC,101DC,KPD3801,3001888888,瑞芳ＤＣ,2025-01-02 12:29:00,1/2/2025 3:37:07 PM,1/2/2025 3:35:00 PM,375487.619,2777331.953
03,2025-01-03,瑞芳DC,DLDC,KPD3801,S3001888888,瑞芳ＤＣ,2025-01-03 06:20:00,1/3/2025 7:18:25 AM,,375487.619,2777331.953
03,2025-01-03,瑞芳DC,DL02,KPD3801,1001020485,新湖店,2025-01-03 06:20:00,1/3/2025 7:51:07 AM,1/3/2025 8:50:00 AM,356192.905,2773120.817
03,2025-01-03,瑞芳DC,DL03,KPD3801,1001022211,行善公宅店,2025-01-03 06:20:00,1/3/2025 8:15:18 AM,1/3/2025 9:00:00 AM,356097.196,2772584.503
03,2025-01-03,瑞芳DC,DL04,KPD3801,1001022932,行善店,2025-01-03 06:20:00,1/3/2025 8:26:24 AM,1/3/2025 9:10:00 AM,356356.893,2772767.611
03,2025-01-03,瑞芳DC,DL05,KPD3801,1001022680,興華店,2025-01-03 06:20:00,1/3/2025 8:51:59 AM,1/3/2025 9:20:00 AM,358516.977,2772109.03
03,2025-01-03,瑞芳DC,DL06,KPD3801,1001015973,國興店,2025-01-03 06:20:00,1/3/2025 9:09:21 AM,1/3/2025 9:40:00 AM,359837.984,2770670.794
03,2025-01-03,瑞芳DC,DL07,KPD3801,1001021880,胡適店,2025-01-03 06:20:00,1/3/2025 9:14:05 AM,1/3/2025 9:50:00 AM,359766.303,2770586.98
03,2025-01-03,瑞芳DC,DL08,KPD3801,1001024055,汐止鑫宜興店,2025-01-03 06:20:00,1/3/2025 9:36:01 AM,1/3/2025 10:00:00 AM,360091.053,2770502.424
03,2025-01-03,瑞芳DC,DL09,KPD3801,1001020368,新莊研店,2025-01-03 06:20:00,1/3/2025 9:49:16 AM,1/3/2025 10:10:00 AM,360073.962,2770265.899
03,2025-01-03,瑞芳DC,DL10,KPD3801,1001022562,富康店,2025-01-03 06:20:00,1/3/2025 9:58:37 AM,1/3/2025 10:20:00 AM,359648.525,2771656.842
03,2025-01-03,瑞芳DC,DL11,KPD3801,1001024141,汐止力行店,2025-01-03 06:20:00,1/3/2025 9:58:37 AM,1/3/2025 10:30:00 AM,359694.885,2771578.569
03,2025-01-03,瑞芳DC,DL12,KPD3801,1001020924,汐止橫科店,2025-01-03 06:20:00,1/3/2025 10:11:10 AM,1/3/2025 10:40:00 AM,359867.032,2771266.72
03,2025-01-03,瑞芳DC,DL13,KPD3801,1001024003,舊莊店,2025-01-03 06:20:00,1/3/2025 9:28:23 AM,1/3/2025 10:50:00 AM,,
03,2025-01-03,瑞芳DC,DLDC,KPD3801,3001888888,瑞芳ＤＣ,2025-01-03 06:20:00,1/3/2025 10:50:40 AM,1/3/2025 11:15:00 AM,375487.619,2777331.953
03,2025-01-03,瑞芳DC,GLDC,KPD3801,S3001888888,瑞芳ＤＣ,2025-01-03 11:00:00,,,375487.619,2777331.953
03,2025-01-03,瑞芳DC,GL01,KPD3801,1001024040,大森店,2025-01-03 11:00:00,1/3/2025 12:50:27 PM,1/3/2025 1:30:00 PM,351469.953,2769777.842
03,2025-01-03,瑞芳DC,GL02,KPD3801,1001018052,興南店,2025-01-03 11:00:00,1/3/2025 1:08:26 PM,1/3/2025 1:40:00 PM,352204.549,2769621.491
03,2025-01-03,瑞芳DC,GL03,KPD3801,1001015818,興和店,2025-01-03 11:00:00,1/3/2025 1:20:23 PM,1/3/2025 1:50:00 PM,352243.073,2769110.59
03,2025-01-03,瑞芳DC,GL04,KPD3801,1001020399,義安店,2025-01-03 11:00:00,1/3/2025 1:36:16 PM,1/3/2025 1:50:00 PM,352631.846,2769633.57
03,2025-01-03,瑞芳DC,GL05,KPD3801,1001022593,義興店,2025-01-03 11:00:00,1/3/2025 1:08:26 PM,1/3/2025 2:00:00 PM,352286.322,2769692.886
03,2025-01-03,瑞芳DC,GL06,KPD3801,1001024734,復豐店,2025-01-03 11:00:00,1/3/2025 2:03:26 PM,1/3/2025 2:10:00 PM,352283.176,2769749.399
03,2025-01-03,瑞芳DC,GL07,KPD3801,1001022950,懷生店,2025-01-03 11:00:00,1/3/2025 2:12:46 PM,1/3/2025 2:20:00 PM,352283.176,2769749.399
03,2025-01-03,瑞芳DC,GL08,KPD3801,1001019760,正興店,2025-01-03 11:00:00,1/3/2025 2:21:06 PM,1/3/2025 2:30:00 PM,351991.937,2770553.905
03,2025-01-03,瑞芳DC,GL09,KPD3801,1001021455,濟南二店,2025-01-03 11:00:00,1/3/2025 2:33:17 PM,1/3/2025 2:40:00 PM,351234.804,2770454.567
03,2025-01-03,瑞芳DC,GL10,KPD3801,1001019674,新北科店,2025-01-03 11:00:00,1/3/2025 2:43:32 PM,1/3/2025 2:50:00 PM,351196.72,2770866.909
03,2025-01-03,瑞芳DC,GL11,KPD3801,1001016573,北科店,2025-01-03 11:00:00,1/3/2025 2:57:47 PM,1/3/2025 3:00:00 PM,351651.361,2770806.472
03,2025-01-03,瑞芳DC,GL12,KPD3801,1001018581,昌隆店,2025-01-03 11:00:00,1/3/2025 3:20:11 PM,1/3/2025 3:10:00 PM,351864.837,2770824.725
03,2025-01-03,瑞芳DC,GLDC,KPD3801,3001888888,瑞芳ＤＣ,2025-01-03 11:00:00,1/3/2025 3:59:16 PM,1/3/2025 4:11:00 PM,375487.619,2777331.953
03,2025-01-05,瑞芳DC,101DC,KPD3801,S3001888888,瑞芳ＤＣ,2025-01-05 12:10:00,1/5/2025 11:42:37 AM,,375487.619,2777331.953
03,2025-01-05,瑞芳DC,GU02,KPD3801,1001023822,延孝店,2025-01-05 12:10:00,1/5/2025 12:11:55 PM,1/5/2025 1:10:00 PM,353330.69,2770657.913
03,2025-01-05,瑞芳DC,GU04,KPD3801,1001018020,統領店,2025-01-05 12:10:00,1/5/2025 12:17:43 PM,1/5/2025 1:30:00 PM,353064.306,2770643.127
03,2025-01-05,瑞芳DC,GU05,KPD3801,1001021447,安勝店,2025-01-05 12:10:00,1/5/2025 12:17:43 PM,1/5/2025 1:40:00 PM,352957.671,2770618.117
03,2025-01-05,瑞芳DC,GR05,KPD3801,1001020523,新貿店,2025-01-05 12:10:00,1/5/2025 12:40:10 PM,1/5/2025 1:40:00 PM,353773.176,2769652.851
03,2025-01-05,瑞芳DC,GR06,KPD3801,1001016838,光復南路店,2025-01-05 12:10:00,1/5/2025 12:56:17 PM,1/5/2025 1:50:00 PM,353691.926,2769865.632
03,2025-01-05,瑞芳DC,GZ09,KPD3801,1001018582,汐止保興店,2025-01-05 12:10:00,1/5/2025 1:25:54 PM,1/5/2025 2:50:00 PM,365461.094,2774730.97
03,2025-01-05,瑞芳DC,GZ10,KPD3801,1001016026,汐止鄉長店,2025-01-05 12:10:00,1/5/2025 1:36:51 PM,1/5/2025 3:00:00 PM,364543.736,2774150.2
03,2025-01-05,瑞芳DC,GZ11,KPD3801,1001018090,汐止和平店,2025-01-05 12:10:00,1/5/2025 1:45:58 PM,1/5/2025 3:10:00 PM,364258.509,2773704.926
03,2025-01-05,瑞芳DC,GZ12,KPD3801,1001022477,汐止農會店,2025-01-05 12:10:00,1/5/2025 1:54:28 PM,1/5/2025 3:20:00 PM,364119.693,2773559.808
03,2025-01-05,瑞芳DC,GZ13,KPD3801,1001023480,汐止秀峰店,2025-01-05 12:10:00,1/5/2025 2:08:07 PM,1/5/2025 3:40:00 PM,364252.154,2773250.227
03,2025-01-05,瑞芳DC,101DC,KPD3801,3001888888,瑞芳ＤＣ,2025-01-05 12:10:00,1/5/2025 2:47:45 PM,1/5/2025 3:56:00 PM,375487.619,2777331.953
03,2025-01-05,瑞芳DC,DZDC,KPD3801,S3001888888,瑞芳ＤＣ,2025-01-05 07:30:00,1/5/2025 7:20:37 AM,,375487.619,2777331.953
03,2025-01-05,瑞芳DC,DZ01,KPD3801,1001021647,小彎公宅店,2025-01-05 07:30:00,1/5/2025 7:44:01 AM,1/5/2025 9:10:00 AM,357313.808,2772357.857
03,2025-01-05,瑞芳DC,DZ02,KPD3801,1001020641,港成店,2025-01-05 07:30:00,1/5/2025 8:18:44 AM,1/5/2025 9:20:00 AM,357244.55,2771968.478
03,2025-01-05,瑞芳DC,DZ03,KPD3801,1001016840,向陽店,2025-01-05 07:30:00,1/5/2025 8:26:35 AM,1/5/2025 9:30:00 AM,357534.235,2772028.88
03,2025-01-05,瑞芳DC,DZ04,KPD3801,1001022011,中視店,2025-01-05 07:30:00,1/5/2025 8:34:59 AM,1/5/2025 9:40:00 AM,358094.986,2772140.491
03,2025-01-05,瑞芳DC,DZ05,KPD3801,1001020277,重陽店,2025-01-05 07:30:00,1/5/2025 8:45:20 AM,1/5/2025 9:50:00 AM,357823.311,2772207.091
03,2025-01-05,瑞芳DC,DZ06,KPD3801,1001022836,台塑店,2025-01-05 07:30:00,1/5/2025 8:59:59 AM,1/5/2025 10:00:00 AM,356728.766,2772522.09
03,2025-01-05,瑞芳DC,DZ07,KPD3801,1001023079,南港車站店,2025-01-05 07:30:00,1/5/2025 9:17:14 AM,1/5/2025 10:10:00 AM,358669.188,2771780.932
03,2025-01-05,瑞芳DC,DZ08,KPD3801,1001023213,南港生技店,2025-01-05 07:30:00,1/5/2025 9:44:25 AM,1/5/2025 10:30:00 AM,358943.324,2771694.453
03,2025-01-05,瑞芳DC,DZ09,KPD3801,1001020998,港忠店,2025-01-05 07:30:00,1/5/2025 10:00:41 AM,1/5/2025 10:40:00 AM,359553.863,2771808.725
03,2025-01-05,瑞芳DC,DZ10,KPD3801,1001019031,中研店,2025-01-05 07:30:00,1/5/2025 10:08:03 AM,1/5/2025 10:50:00 AM,359343.914,2771189.961
03,2025-01-05,瑞芳DC,DZ11,KPD3801,1001019502,研究院店,2025-01-05 07:30:00,1/5/2025 10:16:59 AM,1/5/2025 11:00:00 AM,359449.734,2770984.432
03,2025-01-05,瑞芳DC,DZDC,KPD3801,3001888888,瑞芳ＤＣ,2025-01-05 07:30:00,1/5/2025 10:55:32 AM,1/5/2025 11:40:00 AM,375487.619,2777331.953
03,2025-01-07,瑞芳DC,GLDC,KPD3801,S3001888888,瑞芳ＤＣ,2025-01-07 11:00:00,1/7/2025 12:23:54 PM,,375487.619,2777331.953
03,2025-01-07,瑞芳DC,GL01,KPD3801,1001024040,大森店,2025-01-07 11:00:00,1/7/2025 1:00:24 PM,1/7/2025 1:30:00 PM,351469.953,2769777.842
03,2025-01-07,瑞芳DC,GL02,KPD3801,1001018052,興南店,2025-01-07 11:00:00,1/7/2025 1:12:25 PM,1/7/2025 1:40:00 PM,352204.549,2769621.491
03,2025-01-07,瑞芳DC,GL03,KPD3801,1001015818,興和店,2025-01-07 11:00:00,1/7/2025 1:20:23 PM,1/7/2025 1:50:00 PM,352243.073,2769110.59
03,2025-01-07,瑞芳DC,GL04,KPD3801,1001020399,義安店,2025-01-07 11:00:00,1/7/2025 1:30:38 PM,1/7/2025 1:50:00 PM,352631.846,2769633.57
03,2025-01-07,瑞芳DC,GL05,KPD3801,1001022593,義興店,2025-01-07 11:00:00,1/7/2025 1:12:25 PM,1/7/2025 2:00:00 PM,352286.322,2769692.886
03,2025-01-07,瑞芳DC,GL06,KPD3801,1001024734,復豐店,2025-01-07 11:00:00,1/7/2025 2:05:47 PM,1/7/2025 2:10:00 PM,352283.176,2769749.399
03,2025-01-07,瑞芳DC,GL07,KPD3801,1001022950,懷生店,2025-01-07 11:00:00,1/7/2025 2:22:22 PM,1/7/2025 2:20:00 PM,352283.176,2769749.399
03,2025-01-07,瑞芳DC,GL08,KPD3801,1001019760,正興店,2025-01-07 11:00:00,1/7/2025 2:36:08 PM,1/7/2025 2:30:00 PM,351991.937,2770553.905
03,2025-01-07,瑞芳DC,GL09,KPD3801,1001021455,濟南二店,2025-01-07 11:00:00,1/7/2025 2:48:24 PM,1/7/2025 2:40:00 PM,351234.804,2770454.567
03,2025-01-07,瑞芳DC,GL10,KPD3801,1001019674,新北科店,2025-01-07 11:00:00,1/7/2025 3:01:39 PM,1/7/2025 2:50:00 PM,351196.72,2770866.909
03,2025-01-07,瑞芳DC,GL11,KPD3801,1001016573,北科店,2025-01-07 11:00:00,1/7/2025 3:20:34 PM,1/7/2025 3:00:00 PM,351651.361,2770806.472
03,2025-01-07,瑞芳DC,GL12,KPD3801,1001018581,昌隆店,2025-01-07 11:00:00,1/7/2025 3:34:11 PM,1/7/2025 3:10:00 PM,351864.837,2770824.725
03,2025-01-07,瑞芳DC,GLDC,KPD3801,3001888888,瑞芳ＤＣ,2025-01-07 11:00:00,1/7/2025 4:45:11 PM,1/7/2025 4:11:00 PM,375487.619,2777331.953
03,2025-01-08,瑞芳DC,DLDC,KPD3801,S3001888888,瑞芳ＤＣ,2025-01-08 06:20:00,1/8/2025 7:23:01 AM,,375487.619,2777331.953
03,2025-01-08,瑞芳DC,DL02,KPD3801,1001020485,新湖店,2025-01-08 06:20:00,1/8/2025 7:58:14 AM,1/8/2025 8:50:00 AM,356192.905,2773120.817
03,2025-01-08,瑞芳DC,DL03,KPD3801,1001022211,行善公宅店,2025-01-08 06:20:00,1/8/2025 8:27:01 AM,1/8/2025 9:00:00 AM,356097.196,2772584.503
03,2025-01-08,瑞芳DC,DL04,KPD3801,1001022932,行善店,2025-01-08 06:20:00,1/8/2025 8:44:14 AM,1/8/2025 9:10:00 AM,356356.893,2772767.611
03,2025-01-08,瑞芳DC,DL05,KPD3801,1001022680,興華店,2025-01-08 06:20:00,1/8/2025 9:06:47 AM,1/8/2025 9:20:00 AM,358516.977,2772109.03
03,2025-01-08,瑞芳DC,DL06,KPD3801,1001015973,國興店,2025-01-08 06:20:00,1/8/2025 9:26:01 AM,1/8/2025 9:40:00 AM,359837.984,2770670.794
03,2025-01-08,瑞芳DC,DL07,KPD3801,1001021880,胡適店,2025-01-08 06:20:00,1/8/2025 9:32:09 AM,1/8/2025 9:50:00 AM,359766.303,2770586.98
03,2025-01-08,瑞芳DC,DL08,KPD3801,1001024055,汐止鑫宜興店,2025-01-08 06:20:00,1/8/2025 9:55:16 AM,1/8/2025 10:00:00 AM,360091.053,2770502.424
03,2025-01-08,瑞芳DC,DL09,KPD3801,1001020368,新莊研店,2025-01-08 06:20:00,1/8/2025 10:09:30 AM,1/8/2025 10:10:00 AM,360073.962,2770265.899
03,2025-01-08,瑞芳DC,DL10,KPD3801,1001022562,富康店,2025-01-08 06:20:00,1/8/2025 10:19:52 AM,1/8/2025 10:20:00 AM,359648.525,2771656.842
03,2025-01-08,瑞芳DC,DL11,KPD3801,1001024141,汐止力行店,2025-01-08 06:20:00,1/8/2025 10:19:52 AM,1/8/2025 10:30:00 AM,359694.885,2771578.569
03,2025-01-08,瑞芳DC,DL12,KPD3801,1001020924,汐止橫科店,2025-01-08 06:20:00,1/8/2025 10:38:40 AM,1/8/2025 10:40:00 AM,359867.032,2771266.72
03,2025-01-08,瑞芳DC,DL13,KPD3801,1001024003,舊莊店,2025-01-08 06:20:00,1/8/2025 9:40:16 AM,1/8/2025 10:50:00 AM,,
03,2025-01-08,瑞芳DC,DLDC,KPD3801,3001888888,瑞芳ＤＣ,2025-01-08 06:20:00,1/8/2025 11:19:03 AM,1/8/2025 11:15:00 AM,375487.619,2777331.953
03,2025-01-08,瑞芳DC,GLDC,KPD3801,S3001888888,瑞芳ＤＣ,2025-01-08 11:00:00,1/8/2025 12:14:31 PM,,375487.619,2777331.953
03,2025-01-08,瑞芳DC,GL01,KPD3801,1001024040,大森店,2025-01-08 11:00:00,1/8/2025 12:57:44 PM,1/8/2025 1:30:00 PM,351469.953,2769777.842
03,2025-01-08,瑞芳DC,GL02,KPD3801,1001018052,興南店,2025-01-08 11:00:00,1/8/2025 1:14:40 PM,1/8/2025 1:40:00 PM,352204.549,2769621.491
03,2025-01-08,瑞芳DC,GL03,KPD3801,1001015818,興和店,2025-01-08 11:00:00,1/8/2025 1:27:50 PM,1/8/2025 1:50:00 PM,352243.073,2769110.59
03,2025-01-08,瑞芳DC,GL04,KPD3801,1001020399,義安店,2025-01-08 11:00:00,1/8/2025 1:39:42 PM,1/8/2025 1:50:00 PM,352631.846,2769633.57
03,2025-01-08,瑞芳DC,GL05,KPD3801,1001022593,義興店,2025-01-08 11:00:00,1/8/2025 1:14:40 PM,1/8/2025 2:00:00 PM,352286.322,2769692.886
03,2025-01-08,瑞芳DC,GL06,KPD3801,1001024734,復豐店,2025-01-08 11:00:00,1/8/2025 2:06:45 PM,1/8/2025 2:10:00 PM,352283.176,2769749.399
03,2025-01-08,瑞芳DC,GL07,KPD3801,1001022950,懷生店,2025-01-08 11:00:00,1/8/2025 2:18:58 PM,1/8/2025 2:20:00 PM,352283.176,2769749.399
03,2025-01-08,瑞芳DC,GL08,KPD3801,1001019760,正興店,2025-01-08 11:00:00,1/8/2025 2:31:15 PM,1/8/2025 2:30:00 PM,351991.937,2770553.905
03,2025-01-08,瑞芳DC,GL09,KPD3801,1001021455,濟南二店,2025-01-08 11:00:00,1/8/2025 2:39:44 PM,1/8/2025 2:40:00 PM,351234.804,2770454.567
03,2025-01-08,瑞芳DC,GL10,KPD3801,1001019674,新北科店,2025-01-08 11:00:00,1/8/2025 2:59:51 PM,1/8/2025 2:50:00 PM,351196.72,2770866.909
03,2025-01-08,瑞芳DC,GL11,KPD3801,1001016573,北科店,2025-01-08 11:00:00,1/8/2025 3:21:04 PM,1/8/2025 3:00:00 PM,351651.361,2770806.472
03,2025-01-08,瑞芳DC,GL12,KPD3801,1001018581,昌隆店,2025-01-08 11:00:00,1/8/2025 3:31:46 PM,1/8/2025 3:10:00 PM,351864.837,2770824.725
03,2025-01-08,瑞芳DC,GLDC,KPD3801,3001888888,瑞芳ＤＣ,2025-01-08 11:00:00,1/8/2025 4:30:18 PM,1/8/2025 4:11:00 PM,375487.619,2777331.953
03,2025-01-09,瑞芳DC,DLDC,KPD3801,S3001888888,瑞芳ＤＣ,2025-01-09 06:20:00,1/9/2025 7:15:56 AM,,375487.619,2777331.953
03,2025-01-09,瑞芳DC,DL02,KPD3801,1001020485,新湖店,2025-01-09 06:20:00,1/9/2025 7:55:10 AM,1/9/2025 8:50:00 AM,356192.905,2773120.817
03,2025-01-09,瑞芳DC,DL03,KPD3801,1001022211,行善公宅店,2025-01-09 06:20:00,1/9/2025 8:17:44 AM,1/9/2025 9:00:00 AM,356097.196,2772584.503
03,2025-01-09,瑞芳DC,DL04,KPD3801,1001022932,行善店,2025-01-09 06:20:00,1/9/2025 8:30:39 AM,1/9/2025 9:10:00 AM,356356.893,2772767.611
03,2025-01-09,瑞芳DC,DL05,KPD3801,1001022680,興華店,2025-01-09 06:20:00,1/9/2025 8:54:44 AM,1/9/2025 9:20:00 AM,358516.977,2772109.03
03,2025-01-09,瑞芳DC,DL06,KPD3801,1001015973,國興店,2025-01-09 06:20:00,1/9/2025 9:18:23 AM,1/9/2025 9:40:00 AM,359837.984,2770670.794
03,2025-01-09,瑞芳DC,DL07,KPD3801,1001021880,胡適店,2025-01-09 06:20:00,1/9/2025 9:25:34 AM,1/9/2025 9:50:00 AM,359766.303,2770586.98
03,2025-01-09,瑞芳DC,DL08,KPD3801,1001024055,汐止鑫宜興店,2025-01-09 06:20:00,1/9/2025 9:38:40 AM,1/9/2025 10:00:00 AM,360091.053,2770502.424
03,2025-01-09,瑞芳DC,DL09,KPD3801,1001020368,新莊研店,2025-01-09 06:20:00,1/9/2025 9:50:47 AM,1/9/2025 10:10:00 AM,360073.962,2770265.899
03,2025-01-09,瑞芳DC,DL10,KPD3801,1001022562,富康店,2025-01-09 06:20:00,1/9/2025 10:01:18 AM,1/9/2025 10:20:00 AM,359648.525,2771656.842
03,2025-01-09,瑞芳DC,DL11,KPD3801,1001024141,汐止力行店,2025-01-09 06:20:00,1/9/2025 10:01:18 AM,1/9/2025 10:30:00 AM,359694.885,2771578.569
03,2025-01-09,瑞芳DC,DL12,KPD3801,1001020924,汐止橫科店,2025-01-09 06:20:00,1/9/2025 10:15:32 AM,1/9/2025 10:40:00 AM,359867.032,2771266.72
03,2025-01-09,瑞芳DC,DL13,KPD3801,1001024003,舊莊店,2025-01-09 06:20:00,1/9/2025 9:30:53 AM,1/9/2025 10:50:00 AM,,
03,2025-01-09,瑞芳DC,DLDC,KPD3801,3001888888,瑞芳ＤＣ,2025-01-09 06:20:00,1/9/2025 10:48:27 AM,1/9/2025 11:15:00 AM,375487.619,2777331.953
03,2025-01-09,瑞芳DC,GLDC,KPD3801,S3001888888,瑞芳ＤＣ,2025-01-09 11:00:00,1/9/2025 11:39:08 AM,,375487.619,2777331.953
03,2025-01-09,瑞芳DC,GL01,KPD3801,1001024040,大森店,2025-01-09 11:00:00,1/9/2025 12:40:14 PM,1/9/2025 1:30:00 PM,351469.953,2769777.842
03,2025-01-09,瑞芳DC,GL02,KPD3801,1001018052,興南店,2025-01-09 11:00:00,1/9/2025 12:53:27 PM,1/9/2025 1:40:00 PM,352204.549,2769621.491
03,2025-01-09,瑞芳DC,GL03,KPD3801,1001015818,興和店,2025-01-09 11:00:00,1/9/2025 1:00:14 PM,1/9/2025 1:50:00 PM,352243.073,2769110.59
03,2025-01-09,瑞芳DC,GL04,KPD3801,1001020399,義安店,2025-01-09 11:00:00,1/9/2025 1:12:47 PM,1/9/2025 1:50:00 PM,352631.846,2769633.57
03,2025-01-09,瑞芳DC,GL05,KPD3801,1001022593,義興店,2025-01-09 11:00:00,1/9/2025 12:53:27 PM,1/9/2025 2:00:00 PM,352286.322,2769692.886
03,2025-01-09,瑞芳DC,GL06,KPD3801,1001024734,復豐店,2025-01-09 11:00:00,1/9/2025 1:35:10 PM,1/9/2025 2:10:00 PM,352283.176,2769749.399
03,2025-01-09,瑞芳DC,GL07,KPD3801,1001022950,懷生店,2025-01-09 11:00:00,1/9/2025 1:52:15 PM,1/9/2025 2:20:00 PM,352283.176,2769749.399
03,2025-01-09,瑞芳DC,GL08,KPD3801,1001019760,正興店,2025-01-09 11:00:00,1/9/2025 2:00:53 PM,1/9/2025 2:30:00 PM,351991.937,2770553.905
03,2025-01-09,瑞芳DC,GL09,KPD3801,1001021455,濟南二店,2025-01-09 11:00:00,1/9/2025 2:12:27 PM,1/9/2025 2:40:00 PM,351234.804,2770454.567
03,2025-01-09,瑞芳DC,GL10,KPD3801,1001019674,新北科店,2025-01-09 11:00:00,1/9/2025 2:23:13 PM,1/9/2025 2:50:00 PM,351196.72,2770866.909
03,2025-01-09,瑞芳DC,GL11,KPD3801,1001016573,北科店,2025-01-09 11:00:00,1/9/2025 2:44:53 PM,1/9/2025 3:00:00 PM,351651.361,2770806.472
03,2025-01-09,瑞芳DC,GL12,KPD3801,1001018581,昌隆店,2025-01-09 11:00:00,1/9/2025 3:07:41 PM,1/9/2025 3:10:00 PM,351864.837,2770824.725
03,2025-01-09,瑞芳DC,GLDC,KPD3801,3001888888,瑞芳ＤＣ,2025-01-09 11:00:00,1/9/2025 3:58:56 PM,1/9/2025 4:11:00 PM,375487.619,2777331.953
03,2025-01-10,瑞芳DC,DLDC,KPD3801,S3001888888,瑞芳ＤＣ,2025-01-10 06:20:00,,,375487.619,2777331.953
03,2025-01-10,瑞芳DC,DL02,KPD3801,1001020485,新湖店,2025-01-10 06:20:00,1/10/2025 7:54:45 AM,1/10/2025 8:50:00 AM,356192.905,2773120.817
03,2025-01-10,瑞芳DC,DL03,KPD3801,1001022211,行善公宅店,2025-01-10 06:20:00,1/10/2025 8:18:43 AM,1/10/2025 9:00:00 AM,356097.196,2772584.503
03,2025-01-10,瑞芳DC,DL04,KPD3801,1001022932,行善店,2025-01-10 06:20:00,1/10/2025 8:26:06 AM,1/10/2025 9:10:00 AM,356356.893,2772767.611
03,2025-01-10,瑞芳DC,DL05,KPD3801,1001022680,興華店,2025-01-10 06:20:00,1/10/2025 8:45:32 AM,1/10/2025 9:20:00 AM,358516.977,2772109.03
03,2025-01-10,瑞芳DC,DL06,KPD3801,1001015973,國興店,2025-01-10 06:20:00,1/10/2025 9:03:38 AM,1/10/2025 9:40:00 AM,359837.984,2770670.794
03,2025-01-10,瑞芳DC,DL07,KPD3801,1001021880,胡適店,2025-01-10 06:20:00,1/10/2025 9:10:47 AM,1/10/2025 9:50:00 AM,359766.303,2770586.98
03,2025-01-10,瑞芳DC,DL08,KPD3801,1001024003,舊莊店,2025-01-10 06:20:00,1/10/2025 9:17:25 AM,1/10/2025 10:00:00 AM,,
03,2025-01-10,瑞芳DC,DL09,KPD3801,1001024055,汐止鑫宜興店,2025-01-10 06:20:00,1/10/2025 9:24:59 AM,1/10/2025 10:10:00 AM,360091.053,2770502.424
03,2025-01-10,瑞芳DC,DL10,KPD3801,1001020368,新莊研店,2025-01-10 06:20:00,1/10/2025 9:34:55 AM,1/10/2025 10:20:00 AM,360073.962,2770265.899
03,2025-01-10,瑞芳DC,DL11,KPD3801,1001022562,富康店,2025-01-10 06:20:00,1/10/2025 9:45:09 AM,1/10/2025 10:30:00 AM,359648.525,2771656.842
03,2025-01-10,瑞芳DC,DL12,KPD3801,1001024141,汐止力行店,2025-01-10 06:20:00,1/10/2025 9:45:09 AM,1/10/2025 10:40:00 AM,359694.885,2771578.569
03,2025-01-10,瑞芳DC,DL13,KPD3801,1001020924,汐止橫科店,2025-01-10 06:20:00,1/10/2025 9:57:08 AM,1/10/2025 10:50:00 AM,359867.032,2771266.72
03,2025-01-10,瑞芳DC,DLDC,KPD3801,3001888888,瑞芳ＤＣ,2025-01-10 06:20:00,1/10/2025 10:43:00 AM,1/10/2025 11:15:00 AM,375487.619,2777331.953
03,2025-01-10,瑞芳DC,GLDC,KPD3801,S3001888888,瑞芳ＤＣ,2025-01-10 11:00:00,1/10/2025 11:32:43 AM,,375487.619,2777331.953
03,2025-01-10,瑞芳DC,GL01,KPD3801,1001024040,大森店,2025-01-10 11:00:00,1/10/2025 12:43:48 PM,1/10/2025 1:30:00 PM,351469.953,2769777.842
03,2025-01-10,瑞芳DC,GL02,KPD3801,1001018052,興南店,2025-01-10 11:00:00,1/10/2025 12:54:06 PM,1/10/2025 1:40:00 PM,352204.549,2769621.491
03,2025-01-10,瑞芳DC,GL03,KPD3801,1001015818,興和店,2025-01-10 11:00:00,1/10/2025 1:05:41 PM,1/10/2025 1:50:00 PM,352243.073,2769110.59
03,2025-01-10,瑞芳DC,GL04,KPD3801,1001020399,義安店,2025-01-10 11:00:00,1/10/2025 1:18:33 PM,1/10/2025 1:50:00 PM,352631.846,2769633.57
03,2025-01-10,瑞芳DC,GL05,KPD3801,1001022593,義興店,2025-01-10 11:00:00,1/10/2025 12:54:06 PM,1/10/2025 2:00:00 PM,352286.322,2769692.886
03,2025-01-10,瑞芳DC,GL06,KPD3801,1001024734,復豐店,2025-01-10 11:00:00,1/10/2025 1:48:56 PM,1/10/2025 2:10:00 PM,352283.176,2769749.399
03,2025-01-10,瑞芳DC,GL07,KPD3801,1001022950,懷生店,2025-01-10 11:00:00,1/10/2025 2:03:40 PM,1/10/2025 2:20:00 PM,352283.176,2769749.399
03,2025-01-10,瑞芳DC,GL08,KPD3801,1001019760,正興店,2025-01-10 11:00:00,1/10/2025 2:21:02 PM,1/10/2025 2:30:00 PM,351991.937,2770553.905
03,2025-01-10,瑞芳DC,GL09,KPD3801,1001021455,濟南二店,2025-01-10 11:00:00,1/10/2025 2:33:45 PM,1/10/2025 2:40:00 PM,351234.804,2770454.567
03,2025-01-10,瑞芳DC,GL10,KPD3801,1001019674,新北科店,2025-01-10 11:00:00,1/10/2025 2:43:48 PM,1/10/2025 2:50:00 PM,351196.72,2770866.909
03,2025-01-10,瑞芳DC,GL11,KPD3801,1001016573,北科店,2025-01-10 11:00:00,1/10/2025 2:58:18 PM,1/10/2025 3:00:00 PM,351651.361,2770806.472
03,2025-01-10,瑞芳DC,GL12,KPD3801,1001018581,昌隆店,2025-01-10 11:00:00,1/10/2025 3:11:03 PM,1/10/2025 3:10:00 PM,351864.837,2770824.725
03,2025-01-10,瑞芳DC,GLDC,KPD3801,3001888888,瑞芳ＤＣ,2025-01-10 11:00:00,1/10/2025 3:54:13 PM,1/10/2025 4:11:00 PM,375487.619,2777331.953
03,2025-01-12,瑞芳DC,DLDC,KPD3801,S3001888888,瑞芳ＤＣ,2025-01-12 06:20:00,1/12/2025 7:14:03 AM,,375487.619,2777331.953
03,2025-01-12,瑞芳DC,DL02,KPD3801,1001020485,新湖店,2025-01-12 06:20:00,1/12/2025 7:50:56 AM,1/12/2025 8:50:00 AM,356192.905,2773120.817
03,2025-01-12,瑞芳DC,DL03,KPD3801,1001022211,行善公宅店,2025-01-12 06:20:00,1/12/2025 8:00:54 AM,1/12/2025 9:00:00 AM,356097.196,2772584.503
03,2025-01-12,瑞芳DC,DL04,KPD3801,1001022932,行善店,2025-01-12 06:20:00,1/12/2025 8:09:41 AM,1/12/2025 9:10:00 AM,356356.893,2772767.611
03,2025-01-12,瑞芳DC,DL05,KPD3801,1001022680,興華店,2025-01-12 06:20:00,1/12/2025 8:25:24 AM,1/12/2025 9:20:00 AM,358516.977,2772109.03
03,2025-01-12,瑞芳DC,DL06,KPD3801,1001015973,國興店,2025-01-12 06:20:00,1/12/2025 8:36:13 AM,1/12/2025 9:40:00 AM,359837.984,2770670.794
03,2025-01-12,瑞芳DC,DL07,KPD3801,1001021880,胡適店,2025-01-12 06:20:00,1/12/2025 8:42:56 AM,1/12/2025 9:50:00 AM,359766.303,2770586.98
03,2025-01-12,瑞芳DC,DL08,KPD3801,1001024003,舊莊店,2025-01-12 06:20:00,1/12/2025 8:48:18 AM,1/12/2025 10:00:00 AM,,
03,2025-01-12,瑞芳DC,DL09,KPD3801,1001024055,汐止鑫宜興店,2025-01-12 06:20:00,1/12/2025 9:01:15 AM,1/12/2025 10:10:00 AM,360091.053,2770502.424
03,2025-01-12,瑞芳DC,DL10,KPD3801,1001020368,新莊研店,2025-01-12 06:20:00,1/12/2025 9:09:22 AM,1/12/2025 10:20:00 AM,360073.962,2770265.899
03,2025-01-12,瑞芳DC,DL11,KPD3801,1001022562,富康店,2025-01-12 06:20:00,1/12/2025 9:23:45 AM,1/12/2025 10:30:00 AM,359648.525,2771656.842
03,2025-01-12,瑞芳DC,DL12,KPD3801,1001024141,汐止力行店,2025-01-12 06:20:00,1/12/2025 9:23:45 AM,1/12/2025 10:40:00 AM,359694.885,2771578.569
03,2025-01-12,瑞芳DC,DL13,KPD3801,1001020924,汐止橫科店,2025-01-12 06:20:00,1/12/2025 9:43:30 AM,1/12/2025 10:50:00 AM,359867.032,2771266.72
03,2025-01-12,瑞芳DC,DLDC,KPD3801,3001888888,瑞芳ＤＣ,2025-01-12 06:20:00,1/12/2025 10:28:21 AM,1/12/2025 11:15:00 AM,375487.619,2777331.953
03,2025-01-12,瑞芳DC,GLDC,KPD3801,S3001888888,瑞芳ＤＣ,2025-01-12 11:00:00,1/12/2025 11:20:02 AM,,375487.619,2777331.953
03,2025-01-12,瑞芳DC,GR02,KPD3801,1001016473,國泰店,2025-01-12 11:00:00,1/12/2025 11:58:17 AM,1/12/2025 1:10:00 PM,353235.271,2770016.848
03,2025-01-12,瑞芳DC,GR03,KPD3801,1001018206,吉泰店,2025-01-12 11:00:00,1/12/2025 11:55:50 AM,1/12/2025 1:20:00 PM,353352.038,2770063.196
03,2025-01-12,瑞芳DC,GL01,KPD3801,1001024040,大森店,2025-01-12 11:00:00,1/12/2025 12:40:49 PM,1/12/2025 1:30:00 PM,351469.953,2769777.842
03,2025-01-12,瑞芳DC,GL02,KPD3801,1001018052,興南店,2025-01-12 11:00:00,1/12/2025 12:53:24 PM,1/12/2025 1:40:00 PM,352204.549,2769621.491
03,2025-01-12,瑞芳DC,GL03,KPD3801,1001015818,興和店,2025-01-12 11:00:00,1/12/2025 12:59:22 PM,1/12/2025 1:50:00 PM,352243.073,2769110.59
03,2025-01-12,瑞芳DC,GL04,KPD3801,1001020399,義安店,2025-01-12 11:00:00,1/12/2025 1:12:02 PM,1/12/2025 1:50:00 PM,352631.846,2769633.57
03,2025-01-12,瑞芳DC,GL05,KPD3801,1001022593,義興店,2025-01-12 11:00:00,1/12/2025 12:53:24 PM,1/12/2025 2:00:00 PM,352286.322,2769692.886
03,2025-01-12,瑞芳DC,GL06,KPD3801,1001024734,復豐店,2025-01-12 11:00:00,1/12/2025 1:26:41 PM,1/12/2025 2:10:00 PM,352283.176,2769749.399
03,2025-01-12,瑞芳DC,GL07,KPD3801,1001022950,懷生店,2025-01-12 11:00:00,1/12/2025 1:39:14 PM,1/12/2025 2:20:00 PM,352283.176,2769749.399
03,2025-01-12,瑞芳DC,GL08,KPD3801,1001019760,正興店,2025-01-12 11:00:00,1/12/2025 1:46:41 PM,1/12/2025 2:30:00 PM,351991.937,2770553.905
03,2025-01-12,瑞芳DC,GL09,KPD3801,1001021455,濟南二店,2025-01-12 11:00:00,1/12/2025 1:59:55 PM,1/12/2025 2:40:00 PM,351234.804,2770454.567
03,2025-01-12,瑞芳DC,GL10,KPD3801,1001019674,新北科店,2025-01-12 11:00:00,1/12/2025 2:08:36 PM,1/12/2025 2:50:00 PM,351196.72,2770866.909
03,2025-01-12,瑞芳DC,GL11,KPD3801,1001016573,北科店,2025-01-12 11:00:00,1/12/2025 2:19:33 PM,1/12/2025 3:00:00 PM,351651.361,2770806.472
03,2025-01-12,瑞芳DC,GL12,KPD3801,1001018581,昌隆店,2025-01-12 11:00:00,1/12/2025 2:28:47 PM,1/12/2025 3:10:00 PM,351864.837,2770824.725
03,2025-01-12,瑞芳DC,GLDC,KPD3801,3001888888,瑞芳ＤＣ,2025-01-12 11:00:00,1/12/2025 3:14:37 PM,1/12/2025 4:11:00 PM,375487.619,2777331.953
03,2025-01-15,瑞芳DC,101DC,KPD3801,S3001888888,瑞芳ＤＣ,2025-01-15 07:50:00,1/15/2025 7:14:56 AM,,375487.619,2777331.953
03,2025-01-15,瑞芳DC,DW02,KPD3801,1001019309,新店寶元店,2025-01-15 07:50:00,1/15/2025 8:01:14 AM,1/15/2025 9:00:00 AM,352010.206,2764066.853
03,2025-01-15,瑞芳DC,DW03,KPD3801,1001024193,新店新寶安店,2025-01-15 07:50:00,1/15/2025 8:21:13 AM,1/15/2025 9:10:00 AM,352167.558,2763961.498
03,2025-01-15,瑞芳DC,DW04,KPD3801,1001018298,世景店,2025-01-15 07:50:00,1/15/2025 8:40:20 AM,1/15/2025 9:20:00 AM,352049.724,2764836.346
03,2025-01-15,瑞芳DC,DW05,KPD3801,1001022863,景文店,2025-01-15 07:50:00,1/15/2025 8:49:21 AM,1/15/2025 9:25:00 AM,351968.268,2765004.5
03,2025-01-15,瑞芳DC,DT07,KPD3801,1001023425,新店新寶工店,2025-01-15 07:50:00,1/15/2025 9:07:10 AM,1/15/2025 9:45:00 AM,352994.234,2763781.171
03,2025-01-15,瑞芳DC,DT08,KPD3801,1001015043,新店橋興店,2025-01-15 07:50:00,1/15/2025 9:14:40 AM,1/15/2025 9:55:00 AM,352939.542,2764166.551
03,2025-01-15,瑞芳DC,DK10,KPD3801,1001020039,汐止興中店,2025-01-15 07:50:00,1/15/2025 9:51:18 AM,1/15/2025 10:30:00 AM,361219.223,2773081.775
03,2025-01-15,瑞芳DC,DK11,KPD3801,1001023309,汐止興福店,2025-01-15 07:50:00,1/15/2025 9:58:33 AM,1/15/2025 10:40:00 AM,361075.746,2773121.042
03,2025-01-15,瑞芳DC,101DC,KPD3801,3001888888,瑞芳ＤＣ,2025-01-15 07:50:00,1/15/2025 10:46:21 AM,1/15/2025 11:18:00 AM,375487.619,2777331.953
03,2025-01-15,瑞芳DC,401DC,KPD3801,S3001888888,瑞芳ＤＣ,2025-01-15 12:00:00,1/15/2025 11:40:56 AM,,375487.619,2777331.953
03,2025-01-15,瑞芳DC,GR01,KPD3801,1001023299,光新店,2025-01-15 12:00:00,1/15/2025 12:25:27 PM,1/15/2025 1:00:00 PM,353618.408,2770012.249
03,2025-01-15,瑞芳DC,GR02,KPD3801,1001016473,國泰店,2025-01-15 12:00:00,1/15/2025 12:33:10 PM,1/15/2025 1:10:00 PM,353235.271,2770016.848
03,2025-01-15,瑞芳DC,GR03,KPD3801,1001018206,吉泰店,2025-01-15 12:00:00,1/15/2025 12:41:37 PM,1/15/2025 1:20:00 PM,353352.038,2770063.196
03,2025-01-15,瑞芳DC,GU09,KPD3801,1001017725,敦新店,2025-01-15 12:00:00,1/15/2025 12:54:16 PM,1/15/2025 2:20:00 PM,352854.676,2770068.428
03,2025-01-15,瑞芳DC,GU10,KPD3801,1001021426,敦安店,2025-01-15 12:00:00,1/15/2025 1:08:05 PM,1/15/2025 2:30:00 PM,352915.317,2769742.703
03,2025-01-15,瑞芳DC,GG08,KPD3801,1001024694,瑞亞店,2025-01-15 12:00:00,1/15/2025 1:37:09 PM,1/15/2025 2:35:00 PM,355374.39,2774417.364
03,2025-01-15,瑞芳DC,GG09,KPD3801,1001017978,瑞豐店,2025-01-15 12:00:00,1/15/2025 1:43:44 PM,1/15/2025 2:45:00 PM,355542.416,2774302.601
03,2025-01-15,瑞芳DC,401DC,KPD3801,3001888888,瑞芳ＤＣ,2025-01-15 12:00:00,1/15/2025 7:49:22 AM,1/15/2025 3:02:00 PM,375487.619,2777331.953
03,2025-01-16,瑞芳DC,101DC,KPD3801,S3001888888,瑞芳ＤＣ,2025-01-16 07:50:00,1/16/2025 7:25:15 AM,,375487.619,2777331.953
03,2025-01-16,瑞芳DC,DW02,KPD3801,1001019309,新店寶元店,2025-01-16 07:50:00,1/16/2025 8:03:56 AM,1/16/2025 9:00:00 AM,352010.206,2764066.853
03,2025-01-16,瑞芳DC,DW03,KPD3801,1001024193,新店新寶安店,2025-01-16 07:50:00,1/16/2025 8:17:01 AM,1/16/2025 9:10:00 AM,352167.558,2763961.498
03,2025-01-16,瑞芳DC,DW04,KPD3801,1001018298,世景店,2025-01-16 07:50:00,1/16/2025 8:40:28 AM,1/16/2025 9:20:00 AM,352049.724,2764836.346
03,2025-01-16,瑞芳DC,DT07,KPD3801,1001023425,新店新寶工店,2025-01-16 07:50:00,1/16/2025 9:04:07 AM,1/16/2025 9:45:00 AM,352994.234,2763781.171
03,2025-01-16,瑞芳DC,DT08,KPD3801,1001015043,新店橋興店,2025-01-16 07:50:00,1/16/2025 9:17:17 AM,1/16/2025 9:55:00 AM,352939.542,2764166.551
03,2025-01-16,瑞芳DC,DT09,KPD3801,1001017775,新店寶中店,2025-01-16 07:50:00,1/16/2025 9:28:54 AM,1/16/2025 10:05:00 AM,352565.081,2763838.162
03,2025-01-16,瑞芳DC,DK10,KPD3801,1001020039,汐止興中店,2025-01-16 07:50:00,1/16/2025 10:03:18 AM,1/16/2025 10:30:00 AM,361219.223,2773081.775
03,2025-01-16,瑞芳DC,DK11,KPD3801,1001023309,汐止興福店,2025-01-16 07:50:00,1/16/2025 10:22:29 AM,1/16/2025 10:40:00 AM,361075.746,2773121.042
03,2025-01-16,瑞芳DC,101DC,KPD3801,3001888888,瑞芳ＤＣ,2025-01-16 07:50:00,1/16/2025 10:55:20 AM,1/16/2025 11:17:00 AM,375487.619,2777331.953
03,2025-01-16,瑞芳DC,401DC,KPD3801,S3001888888,瑞芳ＤＣ,2025-01-16 12:00:00,1/16/2025 11:49:45 AM,,375487.619,2777331.953
03,2025-01-16,瑞芳DC,GR01,KPD3801,1001023299,光新店,2025-01-16 12:00:00,1/16/2025 12:30:09 PM,1/16/2025 1:00:00 PM,353618.408,2770012.249
03,2025-01-16,瑞芳DC,GR02,KPD3801,1001016473,國泰店,2025-01-16 12:00:00,1/16/2025 12:45:25 PM,1/16/2025 1:10:00 PM,353235.271,2770016.848
03,2025-01-16,瑞芳DC,GR03,KPD3801,1001018206,吉泰店,2025-01-16 12:00:00,1/16/2025 12:52:55 PM,1/16/2025 1:20:00 PM,353352.038,2770063.196
03,2025-01-16,瑞芳DC,GU09,KPD3801,1001017725,敦新店,2025-01-16 12:00:00,1/16/2025 1:01:42 PM,1/16/2025 2:20:00 PM,352854.676,2770068.428
03,2025-01-16,瑞芳DC,GU10,KPD3801,1001021426,敦安店,2025-01-16 12:00:00,1/16/2025 1:13:43 PM,1/16/2025 2:30:00 PM,352915.317,2769742.703
03,2025-01-16,瑞芳DC,GU11,KPD3801,1001016909,和信店,2025-01-16 12:00:00,1/16/2025 1:22:59 PM,1/16/2025 2:40:00 PM,353106.189,2769754.085
03,2025-01-16,瑞芳DC,GH13,KPD3801,1001020149,新店忠誠店,2025-01-16 12:00:00,1/16/2025 1:53:06 PM,1/16/2025 3:20:00 PM,352074.194,2763209.896
03,2025-01-16,瑞芳DC,GH14,KPD3801,1001023328,新店七張站店,2025-01-16 12:00:00,1/16/2025 1:53:06 PM,1/16/2025 3:30:00 PM,352115.472,2763233.821
03,2025-01-16,瑞芳DC,GH15,KPD3801,1001020253,新店華盛店,2025-01-16 12:00:00,1/16/2025 2:23:09 PM,1/16/2025 3:35:00 PM,351951.519,2762826.395
03,2025-01-16,瑞芳DC,401DC,KPD3801,3001888888,瑞芳ＤＣ,2025-01-16 12:00:00,1/16/2025 3:05:30 PM,1/16/2025 4:23:00 PM,375487.619,2777331.953
03,2025-01-19,瑞芳DC,DLDC,KPD3801,S3001888888,瑞芳ＤＣ,2025-01-19 06:20:00,1/19/2025 7:12:24 AM,,375487.619,2777331.953
03,2025-01-19,瑞芳DC,DL02,KPD3801,1001020485,新湖店,2025-01-19 06:20:00,1/19/2025 7:49:58 AM,1/19/2025 8:50:00 AM,356192.905,2773120.817
03,2025-01-19,瑞芳DC,DL03,KPD3801,1001022211,行善公宅店,2025-01-19 06:20:00,1/19/2025 8:04:13 AM,1/19/2025 9:00:00 AM,356097.196,2772584.503
03,2025-01-19,瑞芳DC,DL04,KPD3801,1001022932,行善店,2025-01-19 06:20:00,1/19/2025 8:10:08 AM,1/19/2025 9:10:00 AM,356356.893,2772767.611
03,2025-01-19,瑞芳DC,DL05,KPD3801,1001022680,興華店,2025-01-19 06:20:00,1/19/2025 8:41:52 AM,1/19/2025 9:20:00 AM,358516.977,2772109.03
03,2025-01-19,瑞芳DC,DL06,KPD3801,1001015973,國興店,2025-01-19 06:20:00,1/19/2025 8:51:30 AM,1/19/2025 9:40:00 AM,359837.984,2770670.794
03,2025-01-19,瑞芳DC,DL07,KPD3801,1001021880,胡適店,2025-01-19 06:20:00,1/19/2025 8:58:23 AM,1/19/2025 9:50:00 AM,359766.303,2770586.98
03,2025-01-19,瑞芳DC,DL08,KPD3801,1001024003,舊莊店,2025-01-19 06:20:00,1/19/2025 9:06:09 AM,1/19/2025 9:50:00 AM,,
03,2025-01-19,瑞芳DC,DL09,KPD3801,1001024055,汐止鑫宜興店,2025-01-19 06:20:00,1/19/2025 9:11:34 AM,1/19/2025 10:00:00 AM,360091.053,2770502.424
03,2025-01-19,瑞芳DC,DL10,KPD3801,1001020368,新莊研店,2025-01-19 06:20:00,1/19/2025 9:25:49 AM,1/19/2025 10:10:00 AM,360073.962,2770265.899
03,2025-01-19,瑞芳DC,DL11,KPD3801,1001022562,富康店,2025-01-19 06:20:00,1/19/2025 9:33:34 AM,1/19/2025 10:20:00 AM,359648.525,2771656.842
03,2025-01-19,瑞芳DC,DL12,KPD3801,1001024141,汐止力行店,2025-01-19 06:20:00,1/19/2025 9:33:34 AM,1/19/2025 10:30:00 AM,359694.885,2771578.569
03,2025-01-19,瑞芳DC,DL13,KPD3801,1001020924,汐止橫科店,2025-01-19 06:20:00,1/19/2025 9:47:26 AM,1/19/2025 10:40:00 AM,359867.032,2771266.72
03,2025-01-19,瑞芳DC,DLDC,KPD3801,3001888888,瑞芳ＤＣ,2025-01-19 06:20:00,1/19/2025 10:25:03 AM,1/19/2025 11:05:00 AM,375487.619,2777331.953
03,2025-01-19,瑞芳DC,GLDC,KPD3801,S3001888888,瑞芳ＤＣ,2025-01-19 11:00:00,1/19/2025 11:18:54 AM,,375487.619,2777331.953
03,2025-01-19,瑞芳DC,GL01,KPD3801,1001024040,大森店,2025-01-19 11:00:00,1/19/2025 12:01:59 PM,1/19/2025 1:30:00 PM,351469.953,2769777.842
03,2025-01-19,瑞芳DC,GL02,KPD3801,1001018052,興南店,2025-01-19 11:00:00,1/19/2025 12:56:10 PM,1/19/2025 1:40:00 PM,352204.549,2769621.491
03,2025-01-19,瑞芳DC,GL03,KPD3801,1001015818,興和店,2025-01-19 11:00:00,1/19/2025 1:07:40 PM,1/19/2025 1:50:00 PM,352243.073,2769110.59
03,2025-01-19,瑞芳DC,GL04,KPD3801,1001020399,義安店,2025-01-19 11:00:00,1/19/2025 1:27:11 PM,1/19/2025 1:50:00 PM,352631.846,2769633.57
03,2025-01-19,瑞芳DC,GL05,KPD3801,1001022593,義興店,2025-01-19 11:00:00,1/19/2025 12:56:10 PM,1/19/2025 2:00:00 PM,352286.322,2769692.886
03,2025-01-19,瑞芳DC,GL06,KPD3801,1001024734,復豐店,2025-01-19 11:00:00,1/19/2025 1:47:28 PM,1/19/2025 2:10:00 PM,352283.176,2769749.399
03,2025-01-19,瑞芳DC,GL07,KPD3801,1001022950,懷生店,2025-01-19 11:00:00,1/19/2025 2:03:43 PM,1/19/2025 2:20:00 PM,352283.176,2769749.399
03,2025-01-19,瑞芳DC,GL08,KPD3801,1001019760,正興店,2025-01-19 11:00:00,1/19/2025 2:14:17 PM,1/19/2025 2:30:00 PM,351991.937,2770553.905
03,2025-01-19,瑞芳DC,GL09,KPD3801,1001021455,濟南二店,2025-01-19 11:00:00,1/19/2025 2:29:19 PM,1/19/2025 2:40:00 PM,351234.804,2770454.567
03,2025-01-19,瑞芳DC,GL10,KPD3801,1001019674,新北科店,2025-01-19 11:00:00,1/19/2025 2:35:59 PM,1/19/2025 2:50:00 PM,351196.72,2770866.909
03,2025-01-19,瑞芳DC,GL12,KPD3801,1001018581,昌隆店,2025-01-19 11:00:00,1/19/2025 2:49:55 PM,1/19/2025 3:10:00 PM,351864.837,2770824.725
03,2025-01-19,瑞芳DC,GLDC,KPD3801,3001888888,瑞芳ＤＣ,2025-01-19 11:00:00,1/19/2025 3:34:37 PM,1/19/2025 4:11:00 PM,375487.619,2777331.953
03,2025-01-20,瑞芳DC,DLDC,KPD3801,S3001888888,瑞芳ＤＣ,2025-01-20 06:20:00,1/20/2025 7:21:01 AM,,375487.619,2777331.953
03,2025-01-20,瑞芳DC,DL02,KPD3801,1001020485,新湖店,2025-01-20 06:20:00,1/20/2025 7:56:51 AM,1/20/2025 8:50:00 AM,356192.905,2773120.817
03,2025-01-20,瑞芳DC,DL03,KPD3801,1001022211,行善公宅店,2025-01-20 06:20:00,1/20/2025 8:12:36 AM,1/20/2025 9:00:00 AM,356097.196,2772584.503
03,2025-01-20,瑞芳DC,DL04,KPD3801,1001022932,行善店,2025-01-20 06:20:00,1/20/2025 8:24:21 AM,1/20/2025 9:10:00 AM,356356.893,2772767.611
03,2025-01-20,瑞芳DC,DL05,KPD3801,1001022680,興華店,2025-01-20 06:20:00,1/20/2025 8:47:06 AM,1/20/2025 9:20:00 AM,358516.977,2772109.03
03,2025-01-20,瑞芳DC,DL06,KPD3801,1001015973,國興店,2025-01-20 06:20:00,1/20/2025 9:06:14 AM,1/20/2025 9:40:00 AM,359837.984,2770670.794
03,2025-01-20,瑞芳DC,DL07,KPD3801,1001021880,胡適店,2025-01-20 06:20:00,1/20/2025 9:09:32 AM,1/20/2025 9:50:00 AM,359766.303,2770586.98
03,2025-01-20,瑞芳DC,DL08,KPD3801,1001024003,舊莊店,2025-01-20 06:20:00,1/20/2025 9:16:19 AM,1/20/2025 9:50:00 AM,,
03,2025-01-20,瑞芳DC,DL09,KPD3801,1001024055,汐止鑫宜興店,2025-01-20 06:20:00,1/20/2025 9:22:30 AM,1/20/2025 10:00:00 AM,360091.053,2770502.424
03,2025-01-20,瑞芳DC,DL10,KPD3801,1001020368,新莊研店,2025-01-20 06:20:00,1/20/2025 9:30:05 AM,1/20/2025 10:10:00 AM,360073.962,2770265.899
03,2025-01-20,瑞芳DC,DL11,KPD3801,1001022562,富康店,2025-01-20 06:20:00,1/20/2025 9:42:59 AM,1/20/2025 10:20:00 AM,359648.525,2771656.842
03,2025-01-20,瑞芳DC,DL12,KPD3801,1001024141,汐止力行店,2025-01-20 06:20:00,1/20/2025 9:42:59 AM,1/20/2025 10:30:00 AM,359694.885,2771578.569
03,2025-01-20,瑞芳DC,DL13,KPD3801,1001020924,汐止橫科店,2025-01-20 06:20:00,1/20/2025 9:58:44 AM,1/20/2025 10:40:00 AM,359867.032,2771266.72
03,2025-01-20,瑞芳DC,DK11,KPD3801,1001023309,汐止興福店,2025-01-20 06:20:00,1/20/2025 10:35:56 AM,1/20/2025 10:40:00 AM,361075.746,2773121.042
03,2025-01-20,瑞芳DC,DLDC,KPD3801,3001888888,瑞芳ＤＣ,2025-01-20 06:20:00,1/20/2025 11:09:35 AM,1/20/2025 11:05:00 AM,375487.619,2777331.953
03,2025-01-20,瑞芳DC,GLDC,KPD3801,S3001888888,瑞芳ＤＣ,2025-01-20 11:00:00,1/20/2025 11:49:31 AM,,375487.619,2777331.953
03,2025-01-20,瑞芳DC,GL01,KPD3801,1001024040,大森店,2025-01-20 11:00:00,1/20/2025 12:58:43 PM,1/20/2025 1:30:00 PM,351469.953,2769777.842
03,2025-01-20,瑞芳DC,GL03,KPD3801,1001015818,興和店,2025-01-20 11:00:00,1/20/2025 1:12:52 PM,1/20/2025 1:50:00 PM,352243.073,2769110.59
03,2025-01-20,瑞芳DC,GL04,KPD3801,1001020399,義安店,2025-01-20 11:00:00,1/20/2025 1:23:02 PM,1/20/2025 1:50:00 PM,352631.846,2769633.57
03,2025-01-20,瑞芳DC,GL05,KPD3801,1001022593,義興店,2025-01-20 11:00:00,1/20/2025 1:38:45 PM,1/20/2025 2:00:00 PM,352286.322,2769692.886
03,2025-01-20,瑞芳DC,GL06,KPD3801,1001024734,復豐店,2025-01-20 11:00:00,1/20/2025 1:56:10 PM,1/20/2025 2:10:00 PM,352283.176,2769749.399
03,2025-01-20,瑞芳DC,GL07,KPD3801,1001022950,懷生店,2025-01-20 11:00:00,1/20/2025 2:06:10 PM,1/20/2025 2:20:00 PM,352283.176,2769749.399
03,2025-01-20,瑞芳DC,GP06,KPD3801,1001023922,興忠店,2025-01-20 11:00:00,1/20/2025 1:19:09 PM,1/20/2025 2:05:00 PM,352222.571,2770379.988
03,2025-01-20,瑞芳DC,GL08,KPD3801,1001019760,正興店,2025-01-20 11:00:00,1/20/2025 2:26:09 PM,1/20/2025 2:30:00 PM,351991.937,2770553.905
03,2025-01-20,瑞芳DC,GL09,KPD3801,1001021455,濟南二店,2025-01-20 11:00:00,1/20/2025 2:36:05 PM,1/20/2025 2:40:00 PM,351234.804,2770454.567
03,2025-01-20,瑞芳DC,GL10,KPD3801,1001019674,新北科店,2025-01-20 11:00:00,1/20/2025 2:45:46 PM,1/20/2025 2:50:00 PM,351196.72,2770866.909
03,2025-01-20,瑞芳DC,GL11,KPD3801,1001016573,北科店,2025-01-20 11:00:00,1/20/2025 2:59:02 PM,1/20/2025 3:00:00 PM,351651.361,2770806.472
03,2025-01-20,瑞芳DC,GL12,KPD3801,1001018581,昌隆店,2025-01-20 11:00:00,1/20/2025 3:05:55 PM,1/20/2025 3:10:00 PM,351864.837,2770824.725
03,2025-01-20,瑞芳DC,GLDC,KPD3801,3001888888,瑞芳ＤＣ,2025-01-20 11:00:00,1/20/2025 3:47:42 PM,1/20/2025 4:11:00 PM,375487.619,2777331.953
12,2025-01-21,瑞芳DC,QCDC,KPD3801,S3001888888,瑞芳ＤＣ,2025-01-21 06:00:00,1/21/2025 7:02:50 AM,,375487.619,2777331.953
12,2025-01-21,瑞芳DC,QC01,KPD3801,1001022801,國立教育店,2025-01-21 06:00:00,1/21/2025 7:37:49 AM,1/21/2025 8:50:00 AM,352509.442,2768574.801
12,2025-01-21,瑞芳DC,QC02,KPD3801,1001021426,敦安店,2025-01-21 06:00:00,1/21/2025 8:01:12 AM,1/21/2025 9:00:00 AM,352915.317,2769742.703
12,2025-01-21,瑞芳DC,QC03,KPD3801,1001016909,和信店,2025-01-21 06:00:00,1/21/2025 8:09:04 AM,1/21/2025 9:05:00 AM,353106.189,2769754.085
12,2025-01-21,瑞芳DC,QC04,KPD3801,1001016838,光復南路店,2025-01-21 06:00:00,1/21/2025 8:13:47 AM,1/21/2025 9:10:00 AM,353691.926,2769865.632
12,2025-01-21,瑞芳DC,QC05,KPD3801,1001023044,忠孝光復店,2025-01-21 06:00:00,1/21/2025 8:23:40 AM,1/21/2025 9:20:00 AM,353530.085,2770524.594
12,2025-01-21,瑞芳DC,QC06,KPD3801,1001022463,國父紀念館店,2025-01-21 06:00:00,1/21/2025 8:28:22 AM,1/21/2025 9:25:00 AM,353625.778,2770310.738
12,2025-01-21,瑞芳DC,QC07,KPD3801,1001023299,光新店,2025-01-21 06:00:00,1/21/2025 8:35:00 AM,1/21/2025 9:30:00 AM,353618.408,2770012.249
12,2025-01-21,瑞芳DC,QC08,KPD3801,1001016473,國泰店,2025-01-21 06:00:00,1/21/2025 8:37:15 AM,1/21/2025 9:35:00 AM,353235.271,2770016.848
12,2025-01-21,瑞芳DC,QC09,KPD3801,1001018206,吉泰店,2025-01-21 06:00:00,,1/21/2025 9:40:00 AM,353352.038,2770063.196
12,2025-01-21,瑞芳DC,QC10,KPD3801,1001021555,義和店,2025-01-21 06:00:00,1/21/2025 8:45:57 AM,1/21/2025 9:45:00 AM,353297.606,2769707.058
12,2025-01-21,瑞芳DC,QC11,KPD3801,1001020523,新貿店,2025-01-21 06:00:00,1/21/2025 8:56:19 AM,1/21/2025 9:50:00 AM,353773.176,2769652.851
12,2025-01-21,瑞芳DC,QC12,KPD3801,1001023830,南山廣場店,2025-01-21 06:00:00,1/21/2025 9:00:56 AM,1/21/2025 10:00:00 AM,354609.693,2769765.502
12,2025-01-21,瑞芳DC,QC13,KPD3801,1001015953,大道店,2025-01-21 06:00:00,1/21/2025 9:25:21 AM,1/21/2025 10:25:00 AM,356178.662,2770453.011
12,2025-01-21,瑞芳DC,QC14,KPD3801,1001024176,廣慈店,2025-01-21 06:00:00,1/21/2025 9:32:56 AM,1/21/2025 10:30:00 AM,,
12,2025-01-21,瑞芳DC,QC15,KPD3801,1001022592,新中坡店,2025-01-21 06:00:00,1/21/2025 9:45:10 AM,1/21/2025 10:30:00 AM,356428.07,2770435.016
12,2025-01-21,瑞芳DC,QC16,KPD3801,1001021889,協和店,2025-01-21 06:00:00,1/21/2025 9:49:55 AM,1/21/2025 10:45:00 AM,356254.178,2770680.117
12,2025-01-21,瑞芳DC,QC17,KPD3801,1001022958,新成鑫店,2025-01-21 06:00:00,1/21/2025 9:52:39 AM,1/21/2025 10:50:00 AM,356351.469,2770848.59
12,2025-01-21,瑞芳DC,QC18,KPD3801,1001022235,忠信店,2025-01-21 06:00:00,1/21/2025 10:00:55 AM,1/21/2025 10:55:00 AM,355453.529,2770499.437
12,2025-01-21,瑞芳DC,QC19,KPD3801,1001023114,厚雅店,2025-01-21 06:00:00,,1/21/2025 11:00:00 AM,354771.066,2770729.386
12,2025-01-21,瑞芳DC,QC20,KPD3801,1001020276,永隆店,2025-01-21 06:00:00,1/21/2025 10:09:12 AM,1/21/2025 11:05:00 AM,354431.669,2770602.111
12,2025-01-21,瑞芳DC,QC21,KPD3801,1001020750,新忠隆店,2025-01-21 06:00:00,1/21/2025 10:09:12 AM,1/21/2025 11:10:00 AM,354622.236,2770581.384
12,2025-01-21,瑞芳DC,QC22,KPD3801,1001020400,聯合店,2025-01-21 06:00:00,1/21/2025 10:21:54 AM,1/21/2025 11:15:00 AM,354249.165,2770650.414
12,2025-01-21,瑞芳DC,QCDC,KPD3801,3001888888,瑞芳ＤＣ,2025-01-21 06:00:00,1/21/2025 11:19:38 AM,1/21/2025 11:49:00 AM,375487.619,2777331.953
03,2025-01-23,瑞芳DC,401DC,KPD3801,S3001888888,瑞芳ＤＣ,2025-01-23 07:55:00,1/23/2025 7:21:44 AM,,375487.619,2777331.953
03,2025-01-23,瑞芳DC,DT03,KPD3801,1001015188,新店統寶店,2025-01-23 07:55:00,1/23/2025 7:52:56 AM,1/23/2025 9:05:00 AM,352747.249,2763024.13
03,2025-01-23,瑞芳DC,DT04,KPD3801,1001022916,新店新寶橋店,2025-01-23 07:55:00,1/23/2025 8:40:12 AM,1/23/2025 9:05:00 AM,352287.474,2763191.535
03,2025-01-23,瑞芳DC,DW02,KPD3801,1001019309,新店寶元店,2025-01-23 07:55:00,1/23/2025 8:52:43 AM,1/23/2025 9:00:00 AM,352010.206,2764066.853
03,2025-01-23,瑞芳DC,DW03,KPD3801,1001024193,新店新寶安店,2025-01-23 07:55:00,1/23/2025 9:02:59 AM,1/23/2025 9:10:00 AM,352167.558,2763961.498
03,2025-01-23,瑞芳DC,DH10,KPD3801,1001023135,基隆華復店,2025-01-23 07:55:00,1/23/2025 9:44:13 AM,1/23/2025 10:00:00 AM,,
03,2025-01-23,瑞芳DC,DH11,KPD3801,1001021863,基隆中山店,2025-01-23 07:55:00,1/23/2025 9:56:29 AM,1/23/2025 10:10:00 AM,,
03,2025-01-23,瑞芳DC,DI16,KPD3801,1001022465,基隆信一店,2025-01-23 07:55:00,1/23/2025 10:18:41 AM,1/23/2025 11:00:00 AM,372845.628,2780127.846
03,2025-01-23,瑞芳DC,401DC,KPD3801,3001888888,瑞芳ＤＣ,2025-01-23 07:55:00,1/23/2025 11:11:05 AM,1/23/2025 11:22:00 AM,375487.619,2777331.953
03,2025-01-23,瑞芳DC,403DC,KPD3801,S3001888888,瑞芳ＤＣ,2025-01-23 12:20:00,1/23/2025 11:54:14 AM,,375487.619,2777331.953
03,2025-01-23,瑞芳DC,GM02,KPD3801,1001022463,國父紀念館店,2025-01-23 12:20:00,1/23/2025 12:34:06 PM,1/23/2025 1:20:00 PM,353625.778,2770310.738
03,2025-01-23,瑞芳DC,GR01,KPD3801,1001023299,光新店,2025-01-23 12:20:00,1/23/2025 12:52:28 PM,1/23/2025 1:00:00 PM,353618.408,2770012.249
03,2025-01-23,瑞芳DC,GR02,KPD3801,1001016473,國泰店,2025-01-23 12:20:00,1/23/2025 1:03:44 PM,1/23/2025 1:10:00 PM,353235.271,2770016.848
03,2025-01-23,瑞芳DC,GR03,KPD3801,1001018206,吉泰店,2025-01-23 12:20:00,1/23/2025 1:09:45 PM,1/23/2025 1:20:00 PM,353352.038,2770063.196
03,2025-01-23,瑞芳DC,GR04,KPD3801,1001021555,義和店,2025-01-23 12:20:00,1/23/2025 1:19:05 PM,1/23/2025 1:30:00 PM,353297.606,2769707.058
03,2025-01-23,瑞芳DC,GU09,KPD3801,1001017725,敦新店,2025-01-23 12:20:00,1/23/2025 1:37:32 PM,1/23/2025 2:20:00 PM,352854.676,2770068.428
03,2025-01-23,瑞芳DC,GU10,KPD3801,1001021426,敦安店,2025-01-23 12:20:00,1/23/2025 1:52:40 PM,1/23/2025 2:30:00 PM,352915.317,2769742.703
03,2025-01-23,瑞芳DC,GU11,KPD3801,1001016909,和信店,2025-01-23 12:20:00,1/23/2025 2:04:01 PM,1/23/2025 2:40:00 PM,353106.189,2769754.085
03,2025-01-23,瑞芳DC,403DC,KPD3801,3001888888,瑞芳ＤＣ,2025-01-23 12:20:00,1/23/2025 2:59:15 PM,1/23/2025 3:24:00 PM,375487.619,2777331.953
03,2025-01-24,瑞芳DC,DLDC,KPD3801,S3001888888,瑞芳ＤＣ,2025-01-24 06:20:00,1/24/2025 7:25:05 AM,,375487.619,2777331.953
03,2025-01-24,瑞芳DC,DL02,KPD3801,1001020485,新湖店,2025-01-24 06:20:00,1/24/2025 7:54:47 AM,1/24/2025 8:50:00 AM,356192.905,2773120.817
03,2025-01-24,瑞芳DC,DL03,KPD3801,1001022211,行善公宅店,2025-01-24 06:20:00,1/24/2025 8:30:44 AM,1/24/2025 9:00:00 AM,356097.196,2772584.503
03,2025-01-24,瑞芳DC,DL04,KPD3801,1001022932,行善店,2025-01-24 06:20:00,1/24/2025 8:37:57 AM,1/24/2025 9:10:00 AM,356356.893,2772767.611
03,2025-01-24,瑞芳DC,DL05,KPD3801,1001022680,興華店,2025-01-24 06:20:00,1/24/2025 8:56:21 AM,1/24/2025 9:20:00 AM,358516.977,2772109.03
03,2025-01-24,瑞芳DC,DL06,KPD3801,1001015973,國興店,2025-01-24 06:20:00,1/24/2025 9:16:25 AM,1/24/2025 9:40:00 AM,359837.984,2770670.794
03,2025-01-24,瑞芳DC,DL07,KPD3801,1001021880,胡適店,2025-01-24 06:20:00,1/24/2025 9:18:38 AM,1/24/2025 9:50:00 AM,359766.303,2770586.98
03,2025-01-24,瑞芳DC,DL08,KPD3801,1001024003,舊莊店,2025-01-24 06:20:00,1/24/2025 9:25:33 AM,1/24/2025 9:50:00 AM,,
03,2025-01-24,瑞芳DC,DL09,KPD3801,1001024055,汐止鑫宜興店,2025-01-24 06:20:00,1/24/2025 9:37:51 AM,1/24/2025 10:00:00 AM,360091.053,2770502.424
03,2025-01-24,瑞芳DC,DL10,KPD3801,1001020368,新莊研店,2025-01-24 06:20:00,1/24/2025 9:46:34 AM,1/24/2025 10:10:00 AM,360073.962,2770265.899
03,2025-01-24,瑞芳DC,DL11,KPD3801,1001022562,富康店,2025-01-24 06:20:00,1/24/2025 9:58:41 AM,1/24/2025 10:20:00 AM,359648.525,2771656.842
03,2025-01-24,瑞芳DC,DL12,KPD3801,1001024141,汐止力行店,2025-01-24 06:20:00,1/24/2025 9:58:41 AM,1/24/2025 10:30:00 AM,359694.885,2771578.569
03,2025-01-24,瑞芳DC,DL13,KPD3801,1001020924,汐止橫科店,2025-01-24 06:20:00,1/24/2025 10:12:53 AM,1/24/2025 10:40:00 AM,359867.032,2771266.72
03,2025-01-24,瑞芳DC,DK10,KPD3801,1001020039,汐止興中店,2025-01-24 06:20:00,1/24/2025 10:28:37 AM,1/24/2025 10:30:00 AM,361219.223,2773081.775
03,2025-01-24,瑞芳DC,DK11,KPD3801,1001023309,汐止興福店,2025-01-24 06:20:00,1/24/2025 10:41:19 AM,1/24/2025 10:40:00 AM,361075.746,2773121.042
03,2025-01-24,瑞芳DC,DLDC,KPD3801,3001888888,瑞芳ＤＣ,2025-01-24 06:20:00,1/24/2025 11:20:10 AM,1/24/2025 11:05:00 AM,375487.619,2777331.953
03,2025-01-24,瑞芳DC,GLDC,KPD3801,S3001888888,瑞芳ＤＣ,2025-01-24 11:00:00,1/24/2025 11:55:05 AM,,375487.619,2777331.953
03,2025-01-24,瑞芳DC,GR01,KPD3801,1001023299,光新店,2025-01-24 11:00:00,1/24/2025 12:48:31 PM,1/24/2025 1:00:00 PM,353618.408,2770012.249
03,2025-01-24,瑞芳DC,GL01,KPD3801,1001024040,大森店,2025-01-24 11:00:00,1/24/2025 1:01:40 PM,1/24/2025 1:30:00 PM,351469.953,2769777.842
03,2025-01-24,瑞芳DC,GL02,KPD3801,1001018052,興南店,2025-01-24 11:00:00,1/24/2025 1:14:53 PM,1/24/2025 1:40:00 PM,352204.549,2769621.491
03,2025-01-24,瑞芳DC,GL03,KPD3801,1001015818,興和店,2025-01-24 11:00:00,1/24/2025 1:22:40 PM,1/24/2025 1:50:00 PM,352243.073,2769110.59
03,2025-01-24,瑞芳DC,GL05,KPD3801,1001022593,義興店,2025-01-24 11:00:00,1/24/2025 1:14:53 PM,1/24/2025 2:00:00 PM,352286.322,2769692.886
03,2025-01-24,瑞芳DC,GL06,KPD3801,1001024734,復豐店,2025-01-24 11:00:00,1/24/2025 1:45:35 PM,1/24/2025 2:10:00 PM,352283.176,2769749.399
03,2025-01-24,瑞芳DC,GL07,KPD3801,1001022950,懷生店,2025-01-24 11:00:00,1/24/2025 1:56:50 PM,1/24/2025 2:20:00 PM,352283.176,2769749.399
03,2025-01-24,瑞芳DC,GL08,KPD3801,1001019760,正興店,2025-01-24 11:00:00,1/24/2025 2:07:07 PM,1/24/2025 2:30:00 PM,351991.937,2770553.905
03,2025-01-24,瑞芳DC,GL09,KPD3801,1001021455,濟南二店,2025-01-24 11:00:00,1/24/2025 2:19:41 PM,1/24/2025 2:40:00 PM,351234.804,2770454.567
03,2025-01-24,瑞芳DC,GL10,KPD3801,1001019674,新北科店,2025-01-24 11:00:00,1/24/2025 2:31:01 PM,1/24/2025 2:50:00 PM,351196.72,2770866.909
03,2025-01-24,瑞芳DC,GL11,KPD3801,1001016573,北科店,2025-01-24 11:00:00,1/24/2025 2:41:13 PM,1/24/2025 3:00:00 PM,351651.361,2770806.472
03,2025-01-24,瑞芳DC,GL12,KPD3801,1001018581,昌隆店,2025-01-24 11:00:00,1/24/2025 2:47:01 PM,1/24/2025 3:10:00 PM,351864.837,2770824.725
03,2025-01-24,瑞芳DC,GLDC,KPD3801,3001888888,瑞芳ＤＣ,2025-01-24 11:00:00,1/24/2025 3:40:27 PM,1/24/2025 4:11:00 PM,375487.619,2777331.953
03,2025-01-27,瑞芳DC,DLDC,KPD3801,S3001888888,瑞芳ＤＣ,2025-01-27 06:20:00,1/27/2025 7:18:01 AM,,375487.619,2777331.953
03,2025-01-27,瑞芳DC,DO01,KPD3801,1001024077,新盛店,2025-01-27 06:20:00,1/27/2025 7:42:36 AM,1/27/2025 9:20:00 AM,341736.421,2785781.339
03,2025-01-27,瑞芳DC,DO02,KPD3801,1001022741,行美店,2025-01-27 06:20:00,1/27/2025 8:01:53 AM,1/27/2025 9:30:00 AM,355981.323,2772023.246
03,2025-01-27,瑞芳DC,DO03,KPD3801,1001017999,民善店,2025-01-27 06:20:00,1/27/2025 8:13:44 AM,1/27/2025 9:40:00 AM,355641.817,2772316.906
03,2025-01-27,瑞芳DC,DL03,KPD3801,1001022211,行善公宅店,2025-01-27 06:20:00,1/27/2025 8:26:52 AM,1/27/2025 9:00:00 AM,356097.196,2772584.503
03,2025-01-27,瑞芳DC,DL04,KPD3801,1001022932,行善店,2025-01-27 06:20:00,1/27/2025 8:34:31 AM,1/27/2025 9:10:00 AM,356356.893,2772767.611
03,2025-01-27,瑞芳DC,DL05,KPD3801,1001022680,興華店,2025-01-27 06:20:00,1/27/2025 8:52:52 AM,1/27/2025 9:20:00 AM,358516.977,2772109.03
03,2025-01-27,瑞芳DC,DL06,KPD3801,1001015973,國興店,2025-01-27 06:20:00,1/27/2025 9:11:53 AM,1/27/2025 9:40:00 AM,359837.984,2770670.794
03,2025-01-27,瑞芳DC,DL07,KPD3801,1001021880,胡適店,2025-01-27 06:20:00,1/27/2025 9:16:14 AM,1/27/2025 9:50:00 AM,359766.303,2770586.98
03,2025-01-27,瑞芳DC,DL08,KPD3801,1001024003,舊莊店,2025-01-27 06:20:00,1/27/2025 9:21:41 AM,1/27/2025 9:50:00 AM,,
03,2025-01-27,瑞芳DC,DL09,KPD3801,1001024055,汐止鑫宜興店,2025-01-27 06:20:00,1/27/2025 9:31:27 AM,1/27/2025 10:00:00 AM,360091.053,2770502.424
03,2025-01-27,瑞芳DC,DL10,KPD3801,1001020368,新莊研店,2025-01-27 06:20:00,1/27/2025 9:40:59 AM,1/27/2025 10:10:00 AM,360073.962,2770265.899
03,2025-01-27,瑞芳DC,DL11,KPD3801,1001022562,富康店,2025-01-27 06:20:00,1/27/2025 10:01:06 AM,1/27/2025 10:20:00 AM,359648.525,2771656.842
03,2025-01-27,瑞芳DC,DL12,KPD3801,1001024141,汐止力行店,2025-01-27 06:20:00,1/27/2025 10:01:06 AM,1/27/2025 10:30:00 AM,359694.885,2771578.569
03,2025-01-27,瑞芳DC,DL13,KPD3801,1001020924,汐止橫科店,2025-01-27 06:20:00,1/27/2025 10:22:50 AM,1/27/2025 10:40:00 AM,359867.032,2771266.72
03,2025-01-27,瑞芳DC,DLDC,KPD3801,3001888888,瑞芳ＤＣ,2025-01-27 06:20:00,1/27/2025 10:51:39 AM,1/27/2025 11:05:00 AM,375487.619,2777331.953
03,2025-01-27,瑞芳DC,GLDC,KPD3801,S3001888888,瑞芳ＤＣ,2025-01-27 11:00:00,1/27/2025 11:28:01 AM,,375487.619,2777331.953
03,2025-01-27,瑞芳DC,GR02,KPD3801,1001016473,國泰店,2025-01-27 11:00:00,1/27/2025 12:06:41 PM,1/27/2025 1:10:00 PM,353235.271,2770016.848
03,2025-01-27,瑞芳DC,GR03,KPD3801,1001018206,吉泰店,2025-01-27 11:00:00,1/27/2025 12:14:07 PM,1/27/2025 1:20:00 PM,353352.038,2770063.196
03,2025-01-27,瑞芳DC,GL01,KPD3801,1001024040,大森店,2025-01-27 11:00:00,1/27/2025 12:25:05 PM,1/27/2025 1:30:00 PM,351469.953,2769777.842
03,2025-01-27,瑞芳DC,GL02,KPD3801,1001018052,興南店,2025-01-27 11:00:00,1/27/2025 12:43:12 PM,1/27/2025 1:40:00 PM,352204.549,2769621.491
03,2025-01-27,瑞芳DC,GL03,KPD3801,1001015818,興和店,2025-01-27 11:00:00,1/27/2025 12:47:19 PM,1/27/2025 1:50:00 PM,352243.073,2769110.59
03,2025-01-27,瑞芳DC,GL05,KPD3801,1001022593,義興店,2025-01-27 11:00:00,1/27/2025 12:55:22 PM,1/27/2025 2:00:00 PM,352286.322,2769692.886
03,2025-01-27,瑞芳DC,GL06,KPD3801,1001024734,復豐店,2025-01-27 11:00:00,1/27/2025 1:02:41 PM,1/27/2025 2:10:00 PM,352283.176,2769749.399
03,2025-01-27,瑞芳DC,GL07,KPD3801,1001022950,懷生店,2025-01-27 11:00:00,1/27/2025 1:12:15 PM,1/27/2025 2:20:00 PM,352283.176,2769749.399
03,2025-01-27,瑞芳DC,GL08,KPD3801,1001019760,正興店,2025-01-27 11:00:00,1/27/2025 1:20:53 PM,1/27/2025 2:30:00 PM,351991.937,2770553.905
03,2025-01-27,瑞芳DC,GL09,KPD3801,1001021455,濟南二店,2025-01-27 11:00:00,1/27/2025 1:29:07 PM,1/27/2025 2:40:00 PM,351234.804,2770454.567
03,2025-01-27,瑞芳DC,GL12,KPD3801,1001018581,昌隆店,2025-01-27 11:00:00,1/27/2025 1:37:52 PM,1/27/2025 3:10:00 PM,351864.837,2770824.725
03,2025-01-27,瑞芳DC,GLDC,KPD3801,3001888888,瑞芳ＤＣ,2025-01-27 11:00:00,1/27/2025 2:18:42 PM,1/27/2025 4:11:00 PM,375487.619,2777331.953
03,2025-01-28,瑞芳DC,101DC,KPD3801,S3001888888,瑞芳ＤＣ,2025-01-28 06:30:00,,,375487.619,2777331.953
03,2025-01-28,瑞芳DC,DD03,KPD3801,1001020099,瑞芳龍川店,2025-01-28 06:30:00,1/28/2025 7:39:05 AM,1/28/2025 8:50:00 AM,378597.574,2777735.335
03,2025-01-28,瑞芳DC,DD04,KPD3801,1001017772,瑞芳傑魚坑店,2025-01-28 06:30:00,1/28/2025 7:49:49 AM,1/28/2025 9:00:00 AM,377514.996,2777999.672
03,2025-01-28,瑞芳DC,DD05,KPD3801,1001023329,基隆暖錠店,2025-01-28 06:30:00,1/28/2025 8:04:36 AM,1/28/2025 9:10:00 AM,373259.22,2776672.275
03,2025-01-28,瑞芳DC,DD06,KPD3801,1001021672,基隆暖港店,2025-01-28 06:30:00,1/28/2025 8:26:22 AM,1/28/2025 9:20:00 AM,371509.865,2777994.555
03,2025-01-28,瑞芳DC,DD07,KPD3801,1001016582,基隆金城店,2025-01-28 06:30:00,1/28/2025 8:38:20 AM,1/28/2025 9:35:00 AM,370245.064,2779307.816
03,2025-01-28,瑞芳DC,DD08,KPD3801,1001014998,基隆情人湖店,2025-01-28 06:30:00,1/28/2025 9:15:52 AM,1/28/2025 9:50:00 AM,368920.326,2782302.419
03,2025-01-28,瑞芳DC,DD09,KPD3801,1001023500,基隆新崙店,2025-01-28 06:30:00,1/28/2025 9:26:42 AM,1/28/2025 9:55:00 AM,369004.579,2782081.676
03,2025-01-28,瑞芳DC,DD10,KPD3801,1001017246,基隆武勝店,2025-01-28 06:30:00,1/28/2025 9:37:44 AM,1/28/2025 10:10:00 AM,368093.149,2782263.246
03,2025-01-28,瑞芳DC,DD11,KPD3801,1001016993,基隆基金店,2025-01-28 06:30:00,1/28/2025 9:57:42 AM,1/28/2025 10:20:00 AM,367701.95,2783165.747
03,2025-01-28,瑞芳DC,DD12,KPD3801,1001023136,野柳新港口店,2025-01-28 06:30:00,1/28/2025 10:25:37 AM,1/28/2025 10:40:00 AM,366982.154,2788454.471
03,2025-01-28,瑞芳DC,DD13,KPD3801,1001017753,萬里頂社店,2025-01-28 06:30:00,1/28/2025 10:39:11 AM,1/28/2025 10:50:00 AM,363688.155,2789006.779
03,2025-01-28,瑞芳DC,DD14,KPD3801,1001020988,金山陽金店,2025-01-28 06:30:00,1/28/2025 10:51:37 AM,1/28/2025 11:00:00 AM,361322.597,2790384.112
03,2025-01-28,瑞芳DC,DD15,KPD3801,1001015029,金山金美店,2025-01-28 06:30:00,1/28/2025 11:04:09 AM,1/28/2025 11:10:00 AM,361740.677,2790685.484
03,2025-01-28,瑞芳DC,DD16,KPD3801,1001018792,金山中山店,2025-01-28 06:30:00,1/28/2025 11:10:53 AM,1/28/2025 11:20:00 AM,361959.052,2790386.0
03,2025-01-28,瑞芳DC,DD17,KPD3801,1001018503,金山金中店,2025-01-28 06:30:00,1/28/2025 11:22:31 AM,1/28/2025 11:30:00 AM,362140.065,2790161.21
03,2025-01-28,瑞芳DC,DD18,KPD3801,1001023131,汐止東科店,2025-01-28 06:30:00,,1/28/2025 1:30:00 PM,362828.16,2772568.134
03,2025-01-28,瑞芳DC,101DC,KPD3801,3001888888,瑞芳ＤＣ,2025-01-28 06:30:00,1/28/2025 12:05:19 PM,1/28/2025 1:30:00 PM,375487.619,2777331.953
03,2025-01-28,瑞芳DC,401DC,KPD3801,S3001888888,瑞芳ＤＣ,2025-01-28 12:59:00,,,375487.619,2777331.953
03,2025-01-28,瑞芳DC,DD20,KPD3801,1001017139,汐止茂盛店,2025-01-28 12:59:00,1/28/2025 12:43:50 PM,1/28/2025 1:50:00 PM,361402.432,2772271.727
03,2025-01-28,瑞芳DC,DD22,KPD3801,1001023271,汐止忠厚店,2025-01-28 12:59:00,1/28/2025 12:50:25 PM,1/28/2025 2:10:00 PM,362087.197,2773132.126
03,2025-01-28,瑞芳DC,DD23,KPD3801,1001023895,汐止樟中店,2025-01-28 12:59:00,1/28/2025 12:57:30 PM,1/28/2025 2:15:00 PM,362194.011,2773057.462
03,2025-01-28,瑞芳DC,DD24,KPD3801,1001021010,汐止樟福店,2025-01-28 12:59:00,1/28/2025 12:59:38 PM,1/28/2025 2:20:00 PM,362239.808,2773214.738
03,2025-01-28,瑞芳DC,DD25,KPD3801,1001023308,汐止新樹店,2025-01-28 12:59:00,1/28/2025 1:06:06 PM,1/28/2025 2:30:00 PM,362100.018,2773540.519
03,2025-01-28,瑞芳DC,DD26,KPD3801,1001017788,汐止福旺店,2025-01-28 12:59:00,1/28/2025 1:15:36 PM,1/28/2025 2:40:00 PM,361779.714,2773416.123
03,2025-01-28,瑞芳DC,DD27,KPD3801,1001019397,汐止長虹店,2025-01-28 12:59:00,1/28/2025 1:27:56 PM,1/28/2025 2:50:00 PM,361330.145,2773227.27
03,2025-01-28,瑞芳DC,DD28,KPD3801,1001023362,汐止福德店,2025-01-28 12:59:00,1/28/2025 1:38:18 PM,1/28/2025 3:00:00 PM,361739.111,2773587.571
03,2025-01-28,瑞芳DC,401DC,KPD3801,3001888888,瑞芳ＤＣ,2025-01-28 12:59:00,1/28/2025 2:09:20 PM,1/28/2025 3:44:00 PM,375487.619,2777331.953
03,2025-01-29,瑞芳DC,DWDC,KPD3801,S3001888888,瑞芳ＤＣ,2025-01-29 06:30:00,1/29/2025 7:15:25 AM,,375487.619,2777331.953
03,2025-01-29,瑞芳DC,DW02,KPD3801,1001019309,新店寶元店,2025-01-29 06:30:00,1/29/2025 7:42:22 AM,1/29/2025 9:00:00 AM,352010.206,2764066.853
03,2025-01-29,瑞芳DC,DW03,KPD3801,1001024193,新店新寶安店,2025-01-29 06:30:00,1/29/2025 8:06:50 AM,1/29/2025 9:10:00 AM,352167.558,2763961.498
03,2025-01-29,瑞芳DC,DW04,KPD3801,1001018298,世景店,2025-01-29 06:30:00,1/29/2025 8:20:28 AM,1/29/2025 9:20:00 AM,352049.724,2764836.346
03,2025-01-29,瑞芳DC,DW05,KPD3801,1001022863,景文店,2025-01-29 06:30:00,1/29/2025 8:36:34 AM,1/29/2025 9:25:00 AM,351968.268,2765004.5
03,2025-01-29,瑞芳DC,DW06,KPD3801,1001016952,景後店,2025-01-29 06:30:00,1/29/2025 8:42:35 AM,1/29/2025 9:30:00 AM,352113.174,2765088.253
03,2025-01-29,瑞芳DC,DW07,KPD3801,1001017661,景中店,2025-01-29 06:30:00,1/29/2025 8:48:22 AM,1/29/2025 9:35:00 AM,352000.445,2765215.151
03,2025-01-29,瑞芳DC,DW08,KPD3801,1001020805,萬慶店,2025-01-29 06:30:00,1/29/2025 8:54:19 AM,1/29/2025 9:40:00 AM,351738.071,2765278.154
03,2025-01-29,瑞芳DC,DW09,KPD3801,1001019599,景和店,2025-01-29 06:30:00,1/29/2025 8:59:07 AM,1/29/2025 9:50:00 AM,351807.927,2765036.299
03,2025-01-29,瑞芳DC,DW10,KPD3801,1001021057,新店順安店,2025-01-29 06:30:00,1/29/2025 9:09:18 AM,1/29/2025 10:00:00 AM,351869.14,2764462.85
03,2025-01-29,瑞芳DC,DW11,KPD3801,1001020986,新店新豐店,2025-01-29 06:30:00,1/29/2025 9:14:53 AM,1/29/2025 10:10:00 AM,351926.989,2763815.492
03,2025-01-29,瑞芳DC,DW12,KPD3801,1001023054,新店民德店,2025-01-29 06:30:00,1/29/2025 9:20:25 AM,1/29/2025 10:15:00 AM,351987.887,2763652.976
03,2025-01-29,瑞芳DC,DW13,KPD3801,1001022536,新店正中店,2025-01-29 06:30:00,1/29/2025 9:25:15 AM,1/29/2025 10:20:00 AM,351316.288,2763356.682
03,2025-01-29,瑞芳DC,DW14,KPD3801,1001015406,新店新百合店,2025-01-29 06:30:00,1/29/2025 9:29:12 AM,1/29/2025 10:30:00 AM,351255.036,2763510.21
03,2025-01-29,瑞芳DC,DW15,KPD3801,1001015042,新店民權店,2025-01-29 06:30:00,1/29/2025 9:39:03 AM,1/29/2025 10:40:00 AM,351485.162,2764075.831
03,2025-01-29,瑞芳DC,DW16,KPD3801,1001022752,新店正民店,2025-01-29 06:30:00,1/29/2025 9:50:08 AM,1/29/2025 11:00:00 AM,351818.922,2762974.895
03,2025-01-29,瑞芳DC,DW17,KPD3801,1001023089,新店中華店,2025-01-29 06:30:00,1/29/2025 9:56:18 AM,1/29/2025 11:10:00 AM,351757.626,2762502.022
03,2025-01-29,瑞芳DC,DW18,KPD3801,1001020252,新店新華店,2025-01-29 06:30:00,1/29/2025 10:05:40 AM,1/29/2025 11:15:00 AM,351889.581,2762341.312
03,2025-01-29,瑞芳DC,DWDC,KPD3801,3001888888,瑞芳ＤＣ,2025-01-29 06:30:00,1/29/2025 11:00:10 AM,1/29/2025 12:06:00 PM,375487.619,2777331.953
03,2025-01-29,瑞芳DC,GWDC,KPD3801,S3001888888,瑞芳ＤＣ,2025-01-29 11:00:00,1/29/2025 11:40:41 AM,,375487.619,2777331.953
03,2025-01-29,瑞芳DC,GJ02,KPD3801,1001019199,新東寶店,2025-01-29 11:00:00,1/29/2025 12:04:26 PM,1/29/2025 1:20:00 PM,354519.794,2771749.588
03,2025-01-29,瑞芳DC,GJ03,KPD3801,1001022679,京兆店,2025-01-29 11:00:00,1/29/2025 12:16:06 PM,1/29/2025 1:30:00 PM,353435.71,2771708.266
03,2025-01-29,瑞芳DC,GW01,KPD3801,1001020486,慶城店,2025-01-29 11:00:00,1/29/2025 12:25:27 PM,1/29/2025 1:00:00 PM,352380.389,2771807.492
03,2025-01-29,瑞芳DC,GW02,KPD3801,1001020127,富泰店,2025-01-29 11:00:00,1/29/2025 12:39:17 PM,1/29/2025 1:10:00 PM,354396.133,2772403.926
03,2025-01-29,瑞芳DC,GW03,KPD3801,1001022759,新東店,2025-01-29 11:00:00,1/29/2025 12:47:00 PM,1/29/2025 1:20:00 PM,354539.784,2772362.782
03,2025-01-29,瑞芳DC,GW04,KPD3801,1001018901,昇東店,2025-01-29 11:00:00,1/29/2025 12:52:14 PM,1/29/2025 1:30:00 PM,354541.158,2772531.341
03,2025-01-29,瑞芳DC,GW05,KPD3801,1001017017,富錦店,2025-01-29 11:00:00,1/29/2025 12:54:22 PM,1/29/2025 1:40:00 PM,354468.539,2772743.838
03,2025-01-29,瑞芳DC,GW06,KPD3801,1001017205,三富店,2025-01-29 11:00:00,1/29/2025 1:18:29 PM,1/29/2025 1:50:00 PM,354254.153,2772723.906
03,2025-01-29,瑞芳DC,GW07,KPD3801,1001023825,塔悠店,2025-01-29 11:00:00,1/29/2025 1:29:31 PM,1/29/2025 2:00:00 PM,354827.211,2772288.184
03,2025-01-29,瑞芳DC,GW09,KPD3801,1001024084,民康店,2025-01-29 11:00:00,1/29/2025 1:35:53 PM,1/29/2025 2:20:00 PM,354313.17,2771973.698
03,2025-01-29,瑞芳DC,GW10,KPD3801,1001016058,松壽店,2025-01-29 11:00:00,1/29/2025 1:43:21 PM,1/29/2025 2:25:00 PM,354096.995,2772080.856
03,2025-01-29,瑞芳DC,GW11,KPD3801,1001016542,松民店,2025-01-29 11:00:00,1/29/2025 1:50:37 PM,1/29/2025 2:30:00 PM,354167.603,2772507.072
03,2025-01-29,瑞芳DC,GW12,KPD3801,1001014959,東豐店,2025-01-29 11:00:00,1/29/2025 2:00:14 PM,1/29/2025 2:40:00 PM,353601.82,2772450.438
03,2025-01-29,瑞芳DC,GW13,KPD3801,1001016262,中央店,2025-01-29 11:00:00,1/29/2025 2:05:59 PM,1/29/2025 2:50:00 PM,353106.356,2772417.453
03,2025-01-29,瑞芳DC,GWDC,KPD3801,3001888888,瑞芳ＤＣ,2025-01-29 11:00:00,1/29/2025 2:56:38 PM,1/29/2025 3:35:00 PM,375487.619,2777331.953
03,2025-01-30,瑞芳DC,DTDC,KPD3801,S3001888888,瑞芳ＤＣ,2025-01-30 06:30:00,1/30/2025 7:19:09 AM,,375487.619,2777331.953
03,2025-01-30,瑞芳DC,DT01,KPD3801,1001021457,新店五豐店,2025-01-30 06:30:00,1/30/2025 7:46:58 AM,1/30/2025 8:45:00 AM,352216.273,2762644.677
03,2025-01-30,瑞芳DC,DT02,KPD3801,1001024191,新店鑫峰店,2025-01-30 06:30:00,1/30/2025 7:59:27 AM,1/30/2025 8:55:00 AM,351644.904,2761393.669
03,2025-01-30,瑞芳DC,DT03,KPD3801,1001015188,新店統寶店,2025-01-30 06:30:00,1/30/2025 8:08:50 AM,1/30/2025 9:05:00 AM,352747.249,2763024.13
03,2025-01-30,瑞芳DC,DT04,KPD3801,1001022916,新店新寶橋店,2025-01-30 06:30:00,1/30/2025 8:18:41 AM,1/30/2025 9:05:00 AM,352287.474,2763191.535
03,2025-01-30,瑞芳DC,DT05,KPD3801,1001023399,新店新文強店,2025-01-30 06:30:00,1/30/2025 8:26:01 AM,1/30/2025 9:25:00 AM,352112.978,2763718.888
03,2025-01-30,瑞芳DC,DT06,KPD3801,1001020317,新店富強店,2025-01-30 06:30:00,1/30/2025 8:36:10 AM,1/30/2025 9:35:00 AM,352272.657,2763835.582
03,2025-01-30,瑞芳DC,DT09,KPD3801,1001017775,新店寶中店,2025-01-30 06:30:00,1/30/2025 8:40:33 AM,1/30/2025 10:05:00 AM,352565.081,2763838.162
03,2025-01-30,瑞芳DC,DT10,KPD3801,1001023350,新店民佳店,2025-01-30 06:30:00,1/30/2025 8:50:58 AM,1/30/2025 10:15:00 AM,351629.265,2764115.747
03,2025-01-30,瑞芳DC,DT11,KPD3801,1001022995,新店慈濟店,2025-01-30 06:30:00,1/30/2025 8:58:42 AM,1/30/2025 10:25:00 AM,351388.155,2764442.647
03,2025-01-30,瑞芳DC,DT12,KPD3801,1001020494,新店大鵬店,2025-01-30 06:30:00,1/30/2025 9:17:33 AM,1/30/2025 10:35:00 AM,351232.121,2764941.549
03,2025-01-30,瑞芳DC,DT13,KPD3801,1001024130,新店鑫泉店,2025-01-30 06:30:00,1/30/2025 9:26:28 AM,1/30/2025 10:45:00 AM,350178.518,2763525.106
03,2025-01-30,瑞芳DC,DT14,KPD3801,1001024131,新店溪園店,2025-01-30 06:30:00,1/30/2025 9:26:28 AM,1/30/2025 10:55:00 AM,350146.381,2763692.036
03,2025-01-30,瑞芳DC,DT15,KPD3801,1001021233,新店公宅店,2025-01-30 06:30:00,1/30/2025 9:43:46 AM,1/30/2025 11:05:00 AM,350432.0,2764001.501
03,2025-01-30,瑞芳DC,DT16,KPD3801,1001023826,新北捷十四張店,2025-01-30 06:30:00,1/30/2025 9:54:49 AM,1/30/2025 11:15:00 AM,,
03,2025-01-30,瑞芳DC,DTDC,KPD3801,3001888888,瑞芳ＤＣ,2025-01-30 06:30:00,1/30/2025 11:04:34 AM,1/30/2025 11:55:00 AM,375487.619,2777331.953
03,2025-01-30,瑞芳DC,GTDC,KPD3801,S3001888888,瑞芳ＤＣ,2025-01-30 11:00:00,1/30/2025 11:51:09 AM,,375487.619,2777331.953
03,2025-01-30,瑞芳DC,GT01,KPD3801,1001022417,汐止興萬店,2025-01-30 11:00:00,1/30/2025 12:10:53 PM,1/30/2025 12:55:00 PM,362997.855,2774484.337
03,2025-01-30,瑞芳DC,GT03,KPD3801,1001019501,汐止祥雲店,2025-01-30 11:00:00,1/30/2025 12:41:27 PM,1/30/2025 1:15:00 PM,362604.246,2775807.436
03,2025-01-30,瑞芳DC,GT04,KPD3801,1001020718,汐止伯爵店,2025-01-30 11:00:00,1/30/2025 12:57:14 PM,1/30/2025 1:20:00 PM,361839.735,2774798.547
03,2025-01-30,瑞芳DC,GT05,KPD3801,1001018859,汐止日月光店,2025-01-30 11:00:00,1/30/2025 1:08:05 PM,1/30/2025 1:30:00 PM,361829.121,2774003.438
03,2025-01-30,瑞芳DC,GT06,KPD3801,1001023876,汐止新水蓮店,2025-01-30 11:00:00,1/30/2025 1:16:40 PM,1/30/2025 1:40:00 PM,361255.457,2774325.112
03,2025-01-30,瑞芳DC,GT07,KPD3801,1001024464,汐止湖前店,2025-01-30 11:00:00,1/30/2025 1:44:25 PM,1/30/2025 1:50:00 PM,361174.558,2773645.829
03,2025-01-30,瑞芳DC,GT08,KPD3801,1001024113,汐止東城店,2025-01-30 11:00:00,1/30/2025 1:47:26 PM,1/30/2025 2:00:00 PM,361138.617,2773526.57
03,2025-01-30,瑞芳DC,GT10,KPD3801,1001018893,康福店,2025-01-30 11:00:00,1/30/2025 1:58:19 PM,1/30/2025 2:20:00 PM,359864.893,2773616.193
03,2025-01-30,瑞芳DC,GT11,KPD3801,1001022617,湖東店,2025-01-30 11:00:00,1/30/2025 2:04:39 PM,1/30/2025 2:30:00 PM,359826.452,2773741.05
03,2025-01-30,瑞芳DC,GT12,KPD3801,1001020319,東安店,2025-01-30 11:00:00,1/30/2025 2:13:50 PM,1/30/2025 2:40:00 PM,359559.111,2773419.493
03,2025-01-30,瑞芳DC,GT13,KPD3801,1001019103,新東湖店,2025-01-30 11:00:00,1/30/2025 2:22:27 PM,1/30/2025 2:50:00 PM,359395.707,2773566.045
03,2025-01-30,瑞芳DC,GT14,KPD3801,1001020130,東茂店,2025-01-30 11:00:00,1/30/2025 2:28:00 PM,1/30/2025 2:50:00 PM,359241.295,2773692.869
03,2025-01-30,瑞芳DC,GT15,KPD3801,1001021293,湖洲店,2025-01-30 11:00:00,1/30/2025 2:34:47 PM,1/30/2025 2:55:00 PM,358866.572,2773686.596
03,2025-01-30,瑞芳DC,GTDC,KPD3801,3001888888,瑞芳ＤＣ,2025-01-30 11:00:00,1/30/2025 3:11:59 PM,1/30/2025 3:46:00 PM,375487.619,2777331.953
03,2025-01-31,瑞芳DC,DTDC,KPD3801,S3001888888,瑞芳ＤＣ,2025-01-31 06:30:00,1/31/2025 7:14:29 AM,,375487.619,2777331.953
03,2025-01-31,瑞芳DC,DT01,KPD3801,1001021457,新店五豐店,2025-01-31 06:30:00,1/31/2025 7:41:29 AM,1/31/2025 8:45:00 AM,352216.273,2762644.677
03,2025-01-31,瑞芳DC,DT02,KPD3801,1001024191,新店鑫峰店,2025-01-31 06:30:00,1/31/2025 8:11:12 AM,1/31/2025 8:55:00 AM,351644.904,2761393.669
03,2025-01-31,瑞芳DC,DT03,KPD3801,1001015188,新店統寶店,2025-01-31 06:30:00,1/31/2025 8:19:50 AM,1/31/2025 9:05:00 AM,352747.249,2763024.13
03,2025-01-31,瑞芳DC,DT04,KPD3801,1001022916,新店新寶橋店,2025-01-31 06:30:00,1/31/2025 8:30:21 AM,1/31/2025 9:05:00 AM,352287.474,2763191.535
03,2025-01-31,瑞芳DC,DT05,KPD3801,1001023399,新店新文強店,2025-01-31 06:30:00,1/31/2025 8:37:07 AM,1/31/2025 9:25:00 AM,352112.978,2763718.888
03,2025-01-31,瑞芳DC,DT06,KPD3801,1001020317,新店富強店,2025-01-31 06:30:00,1/31/2025 8:48:10 AM,1/31/2025 9:35:00 AM,352272.657,2763835.582
03,2025-01-31,瑞芳DC,DT09,KPD3801,1001017775,新店寶中店,2025-01-31 06:30:00,1/31/2025 8:52:22 AM,1/31/2025 10:05:00 AM,352565.081,2763838.162
03,2025-01-31,瑞芳DC,DT10,KPD3801,1001023350,新店民佳店,2025-01-31 06:30:00,1/31/2025 8:59:34 AM,1/31/2025 10:15:00 AM,351629.265,2764115.747
03,2025-01-31,瑞芳DC,DT11,KPD3801,1001022995,新店慈濟店,2025-01-31 06:30:00,1/31/2025 9:05:06 AM,1/31/2025 10:25:00 AM,351388.155,2764442.647
03,2025-01-31,瑞芳DC,DT12,KPD3801,1001020494,新店大鵬店,2025-01-31 06:30:00,1/31/2025 9:17:51 AM,1/31/2025 10:35:00 AM,351232.121,2764941.549
03,2025-01-31,瑞芳DC,DT13,KPD3801,1001024130,新店鑫泉店,2025-01-31 06:30:00,1/31/2025 9:26:19 AM,1/31/2025 10:45:00 AM,350178.518,2763525.106
03,2025-01-31,瑞芳DC,DT14,KPD3801,1001024131,新店溪園店,2025-01-31 06:30:00,1/31/2025 9:26:19 AM,1/31/2025 10:55:00 AM,350146.381,2763692.036
03,2025-01-31,瑞芳DC,DT15,KPD3801,1001021233,新店公宅店,2025-01-31 06:30:00,1/31/2025 9:37:39 AM,1/31/2025 11:05:00 AM,350432.0,2764001.501
03,2025-01-31,瑞芳DC,DT16,KPD3801,1001023826,新北捷十四張店,2025-01-31 06:30:00,1/31/2025 9:45:35 AM,1/31/2025 11:15:00 AM,,
03,2025-01-31,瑞芳DC,DTDC,KPD3801,3001888888,瑞芳ＤＣ,2025-01-31 06:30:00,1/31/2025 10:58:19 AM,1/31/2025 11:55:00 AM,375487.619,2777331.953
03,2025-01-31,瑞芳DC,GTDC,KPD3801,S3001888888,瑞芳ＤＣ,2025-01-31 11:00:00,1/31/2025 11:34:59 AM,,375487.619,2777331.953
03,2025-01-31,瑞芳DC,GT01,KPD3801,1001022417,汐止興萬店,2025-01-31 11:00:00,1/31/2025 11:53:29 AM,1/31/2025 12:55:00 PM,362997.855,2774484.337
03,2025-01-31,瑞芳DC,GT03,KPD3801,1001019501,汐止祥雲店,2025-01-31 11:00:00,1/31/2025 12:13:08 PM,1/31/2025 1:15:00 PM,362604.246,2775807.436
03,2025-01-31,瑞芳DC,GT04,KPD3801,1001020718,汐止伯爵店,2025-01-31 11:00:00,1/31/2025 12:33:05 PM,1/31/2025 1:20:00 PM,361839.735,2774798.547
03,2025-01-31,瑞芳DC,GT05,KPD3801,1001018859,汐止日月光店,2025-01-31 11:00:00,1/31/2025 12:41:03 PM,1/31/2025 1:30:00 PM,361829.121,2774003.438
03,2025-01-31,瑞芳DC,GT06,KPD3801,1001023876,汐止新水蓮店,2025-01-31 11:00:00,1/31/2025 12:52:02 PM,1/31/2025 1:40:00 PM,361255.457,2774325.112
03,2025-01-31,瑞芳DC,GT07,KPD3801,1001024464,汐止湖前店,2025-01-31 11:00:00,1/31/2025 1:04:20 PM,1/31/2025 1:50:00 PM,361174.558,2773645.829
03,2025-01-31,瑞芳DC,GT08,KPD3801,1001024113,汐止東城店,2025-01-31 11:00:00,1/31/2025 1:08:31 PM,1/31/2025 2:00:00 PM,361138.617,2773526.57
03,2025-01-31,瑞芳DC,GT10,KPD3801,1001018893,康福店,2025-01-31 11:00:00,1/31/2025 1:24:14 PM,1/31/2025 2:20:00 PM,359864.893,2773616.193
03,2025-01-31,瑞芳DC,GT11,KPD3801,1001022617,湖東店,2025-01-31 11:00:00,1/31/2025 1:27:44 PM,1/31/2025 2:30:00 PM,359826.452,2773741.05
03,2025-01-31,瑞芳DC,GT12,KPD3801,1001020319,東安店,2025-01-31 11:00:00,1/31/2025 1:38:35 PM,1/31/2025 2:40:00 PM,359559.111,2773419.493
03,2025-01-31,瑞芳DC,GT13,KPD3801,1001019103,新東湖店,2025-01-31 11:00:00,1/31/2025 1:44:50 PM,1/31/2025 2:50:00 PM,359395.707,2773566.045
03,2025-01-31,瑞芳DC,GT14,KPD3801,1001020130,東茂店,2025-01-31 11:00:00,1/31/2025 1:48:26 PM,1/31/2025 2:50:00 PM,359241.295,2773692.869
03,2025-01-31,瑞芳DC,GT15,KPD3801,1001021293,湖洲店,2025-01-31 11:00:00,1/31/2025 1:54:34 PM,1/31/2025 2:55:00 PM,358866.572,2773686.596
03,2025-01-31,瑞芳DC,GTDC,KPD3801,3001888888,瑞芳ＤＣ,2025-01-31 11:00:00,1/31/2025 2:24:58 PM,1/31/2025 3:46:00 PM,375487.619,2777331.953
03,2025-02-01,瑞芳DC,DLDC,KPD3801,S3001888888,瑞芳ＤＣ,2025-02-01 06:20:00,,,375487.619,2777331.953
03,2025-02-01,瑞芳DC,DO01,KPD3801,1001024077,新盛店,2025-02-01 06:20:00,2/1/2025 7:52:26 AM,2/1/2025 9:20:00 AM,341736.421,2785781.339
03,2025-02-01,瑞芳DC,DO02,KPD3801,1001022741,行美店,2025-02-01 06:20:00,2/1/2025 7:58:01 AM,2/1/2025 9:30:00 AM,355981.323,2772023.246
03,2025-02-01,瑞芳DC,DO03,KPD3801,1001017999,民善店,2025-02-01 06:20:00,2/1/2025 8:06:52 AM,2/1/2025 9:40:00 AM,355641.817,2772316.906
03,2025-02-01,瑞芳DC,DL03,KPD3801,1001022211,行善公宅店,2025-02-01 06:20:00,2/1/2025 8:12:06 AM,2/1/2025 9:00:00 AM,356097.196,2772584.503
03,2025-02-01,瑞芳DC,DL04,KPD3801,1001022932,行善店,2025-02-01 06:20:00,2/1/2025 8:16:37 AM,2/1/2025 9:10:00 AM,356356.893,2772767.611
03,2025-02-01,瑞芳DC,DL05,KPD3801,1001022680,興華店,2025-02-01 06:20:00,2/1/2025 8:29:51 AM,2/1/2025 9:20:00 AM,358516.977,2772109.03
03,2025-02-01,瑞芳DC,DL06,KPD3801,1001015973,國興店,2025-02-01 06:20:00,2/1/2025 8:40:41 AM,2/1/2025 9:40:00 AM,359837.984,2770670.794
03,2025-02-01,瑞芳DC,DL07,KPD3801,1001021880,胡適店,2025-02-01 06:20:00,2/1/2025 8:45:46 AM,2/1/2025 9:50:00 AM,359766.303,2770586.98
03,2025-02-01,瑞芳DC,DL08,KPD3801,1001024003,舊莊店,2025-02-01 06:20:00,2/1/2025 8:50:50 AM,2/1/2025 10:00:00 AM,,
03,2025-02-01,瑞芳DC,DL09,KPD3801,1001024055,汐止鑫宜興店,2025-02-01 06:20:00,2/1/2025 8:55:47 AM,2/1/2025 10:10:00 AM,360091.053,2770502.424
03,2025-02-01,瑞芳DC,DL10,KPD3801,1001020368,新莊研店,2025-02-01 06:20:00,2/1/2025 9:14:47 AM,2/1/2025 10:20:00 AM,360073.962,2770265.899
03,2025-02-01,瑞芳DC,DL11,KPD3801,1001022562,富康店,2025-02-01 06:20:00,2/1/2025 9:20:34 AM,2/1/2025 10:30:00 AM,359648.525,2771656.842
03,2025-02-01,瑞芳DC,DL12,KPD3801,1001024141,汐止力行店,2025-02-01 06:20:00,2/1/2025 9:20:34 AM,2/1/2025 10:40:00 AM,359694.885,2771578.569
03,2025-02-01,瑞芳DC,DL13,KPD3801,1001020924,汐止橫科店,2025-02-01 06:20:00,2/1/2025 9:32:45 AM,2/1/2025 10:50:00 AM,359867.032,2771266.72
03,2025-02-01,瑞芳DC,DLDC,KPD3801,3001888888,瑞芳ＤＣ,2025-02-01 06:20:00,2/1/2025 10:01:33 AM,2/1/2025 11:15:00 AM,375487.619,2777331.953
03,2025-02-01,瑞芳DC,GLDC,KPD3801,S3001888888,瑞芳ＤＣ,2025-02-01 11:00:00,2/1/2025 10:43:54 AM,,375487.619,2777331.953
03,2025-02-01,瑞芳DC,GJ05,KPD3801,1001022643,鑫德店,2025-02-01 11:00:00,2/1/2025 12:41:10 PM,2/1/2025 1:50:00 PM,352555.711,2771295.464
03,2025-02-01,瑞芳DC,GJ06,KPD3801,1001023355,台發店,2025-02-01 11:00:00,2/1/2025 12:48:52 PM,2/1/2025 2:00:00 PM,353048.123,2771296.629
03,2025-02-01,瑞芳DC,GJ09,KPD3801,1001021543,新德光店,2025-02-01 11:00:00,2/1/2025 12:58:13 PM,2/1/2025 2:30:00 PM,353326.052,2771084.199
03,2025-02-01,瑞芳DC,GJ08,KPD3801,1001023803,鑫中崙店,2025-02-01 11:00:00,2/1/2025 12:54:14 PM,2/1/2025 2:20:00 PM,,
03,2025-02-01,瑞芳DC,GJ10,KPD3801,1001022827,華視店,2025-02-01 11:00:00,2/1/2025 1:05:42 PM,2/1/2025 2:40:00 PM,353551.227,2770718.673
03,2025-02-01,瑞芳DC,GJ11,KPD3801,1001021798,新大吉店,2025-02-01 11:00:00,2/1/2025 1:14:28 PM,2/1/2025 2:50:00 PM,354177.36,2771428.481
03,2025-02-01,瑞芳DC,GL01,KPD3801,1001024040,大森店,2025-02-01 11:00:00,2/1/2025 11:30:17 AM,2/1/2025 1:30:00 PM,351469.953,2769777.842
03,2025-02-01,瑞芳DC,GL02,KPD3801,1001018052,興南店,2025-02-01 11:00:00,2/1/2025 11:40:56 AM,2/1/2025 1:40:00 PM,352204.549,2769621.491
03,2025-02-01,瑞芳DC,GL03,KPD3801,1001015818,興和店,2025-02-01 11:00:00,2/1/2025 11:49:11 AM,2/1/2025 1:50:00 PM,352243.073,2769110.59
03,2025-02-01,瑞芳DC,GL05,KPD3801,1001022593,義興店,2025-02-01 11:00:00,2/1/2025 11:43:33 AM,2/1/2025 2:00:00 PM,352286.322,2769692.886
03,2025-02-01,瑞芳DC,GL06,KPD3801,1001024734,復豐店,2025-02-01 11:00:00,2/1/2025 12:02:02 PM,2/1/2025 2:10:00 PM,352283.176,2769749.399
03,2025-02-01,瑞芳DC,GL07,KPD3801,1001022950,懷生店,2025-02-01 11:00:00,2/1/2025 12:09:08 PM,2/1/2025 2:20:00 PM,352283.176,2769749.399
03,2025-02-01,瑞芳DC,GL08,KPD3801,1001019760,正興店,2025-02-01 11:00:00,2/1/2025 12:16:36 PM,2/1/2025 2:30:00 PM,351991.937,2770553.905
03,2025-02-01,瑞芳DC,GL09,KPD3801,1001021455,濟南二店,2025-02-01 11:00:00,2/1/2025 12:24:08 PM,2/1/2025 2:40:00 PM,351234.804,2770454.567
03,2025-02-01,瑞芳DC,GL12,KPD3801,1001018581,昌隆店,2025-02-01 11:00:00,2/1/2025 12:35:03 PM,2/1/2025 3:10:00 PM,351864.837,2770824.725
03,2025-02-01,瑞芳DC,GLDC,KPD3801,3001888888,瑞芳ＤＣ,2025-02-01 11:00:00,2/1/2025 1:50:01 PM,2/1/2025 4:11:00 PM,375487.619,2777331.953
03,2025-02-04,瑞芳DC,DLDC,KPD3801,S3001888888,瑞芳ＤＣ,2025-02-04 06:20:00,2/4/2025 7:12:02 AM,,375487.619,2777331.953
03,2025-02-04,瑞芳DC,DL02,KPD3801,1001020485,新湖店,2025-02-04 06:20:00,2/4/2025 7:39:54 AM,2/4/2025 8:50:00 AM,356192.905,2773120.817
03,2025-02-04,瑞芳DC,DL03,KPD3801,1001022211,行善公宅店,2025-02-04 06:20:00,2/4/2025 8:07:06 AM,2/4/2025 9:00:00 AM,356097.196,2772584.503
03,2025-02-04,瑞芳DC,DL04,KPD3801,1001022932,行善店,2025-02-04 06:20:00,2/4/2025 8:29:37 AM,2/4/2025 9:10:00 AM,356356.893,2772767.611
03,2025-02-04,瑞芳DC,DL05,KPD3801,1001022680,興華店,2025-02-04 06:20:00,2/4/2025 8:54:48 AM,2/4/2025 9:20:00 AM,358516.977,2772109.03
03,2025-02-04,瑞芳DC,DL06,KPD3801,1001015973,國興店,2025-02-04 06:20:00,2/4/2025 9:10:47 AM,2/4/2025 9:40:00 AM,359837.984,2770670.794
03,2025-02-04,瑞芳DC,DL07,KPD3801,1001021880,胡適店,2025-02-04 06:20:00,2/4/2025 9:17:07 AM,2/4/2025 9:50:00 AM,359766.303,2770586.98
03,2025-02-04,瑞芳DC,DL08,KPD3801,1001024003,舊莊店,2025-02-04 06:20:00,2/4/2025 9:24:34 AM,2/4/2025 10:00:00 AM,,
03,2025-02-04,瑞芳DC,DL09,KPD3801,1001024055,汐止鑫宜興店,2025-02-04 06:20:00,2/4/2025 9:32:15 AM,2/4/2025 10:10:00 AM,360091.053,2770502.424
03,2025-02-04,瑞芳DC,DL10,KPD3801,1001020368,新莊研店,2025-02-04 06:20:00,2/4/2025 9:44:08 AM,2/4/2025 10:20:00 AM,360073.962,2770265.899
03,2025-02-04,瑞芳DC,DL11,KPD3801,1001022562,富康店,2025-02-04 06:20:00,2/4/2025 10:11:04 AM,2/4/2025 10:30:00 AM,359648.525,2771656.842
03,2025-02-04,瑞芳DC,DL12,KPD3801,1001024141,汐止力行店,2025-02-04 06:20:00,2/4/2025 10:11:04 AM,2/4/2025 10:40:00 AM,359694.885,2771578.569
03,2025-02-04,瑞芳DC,DL13,KPD3801,1001020924,汐止橫科店,2025-02-04 06:20:00,2/4/2025 10:23:06 AM,2/4/2025 10:50:00 AM,359867.032,2771266.72
03,2025-02-04,瑞芳DC,DLDC,KPD3801,3001888888,瑞芳ＤＣ,2025-02-04 06:20:00,2/4/2025 10:55:36 AM,2/4/2025 11:15:00 AM,375487.619,2777331.953
03,2025-02-04,瑞芳DC,GLDC,KPD3801,S3001888888,瑞芳ＤＣ,2025-02-04 11:00:00,2/4/2025 11:31:32 AM,,375487.619,2777331.953
03,2025-02-04,瑞芳DC,GL01,KPD3801,1001024040,大森店,2025-02-04 11:00:00,2/4/2025 12:46:49 PM,2/4/2025 1:30:00 PM,351469.953,2769777.842
03,2025-02-04,瑞芳DC,GL03,KPD3801,1001015818,興和店,2025-02-04 11:00:00,2/4/2025 12:59:58 PM,2/4/2025 1:50:00 PM,352243.073,2769110.59
03,2025-02-04,瑞芳DC,GL04,KPD3801,1001020399,義安店,2025-02-04 11:00:00,2/4/2025 1:13:06 PM,2/4/2025 1:50:00 PM,352631.846,2769633.57
03,2025-02-04,瑞芳DC,GL05,KPD3801,1001022593,義興店,2025-02-04 11:00:00,2/4/2025 1:42:39 PM,2/4/2025 2:00:00 PM,352286.322,2769692.886
03,2025-02-04,瑞芳DC,GL06,KPD3801,1001024734,復豐店,2025-02-04 11:00:00,2/4/2025 2:02:21 PM,2/4/2025 2:10:00 PM,352283.176,2769749.399
03,2025-02-04,瑞芳DC,GL07,KPD3801,1001022950,懷生店,2025-02-04 11:00:00,2/4/2025 2:22:11 PM,2/4/2025 2:20:00 PM,352283.176,2769749.399
03,2025-02-04,瑞芳DC,GL08,KPD3801,1001019760,正興店,2025-02-04 11:00:00,2/4/2025 2:30:33 PM,2/4/2025 2:30:00 PM,351991.937,2770553.905
03,2025-02-04,瑞芳DC,GL09,KPD3801,1001021455,濟南二店,2025-02-04 11:00:00,2/4/2025 2:39:14 PM,2/4/2025 2:40:00 PM,351234.804,2770454.567
03,2025-02-04,瑞芳DC,GL10,KPD3801,1001019674,新北科店,2025-02-04 11:00:00,2/4/2025 2:51:15 PM,2/4/2025 2:50:00 PM,351196.72,2770866.909
03,2025-02-04,瑞芳DC,GL12,KPD3801,1001018581,昌隆店,2025-02-04 11:00:00,2/4/2025 3:09:57 PM,2/4/2025 3:10:00 PM,351864.837,2770824.725
03,2025-02-04,瑞芳DC,GLDC,KPD3801,3001888888,瑞芳ＤＣ,2025-02-04 11:00:00,2/4/2025 3:56:03 PM,2/4/2025 4:11:00 PM,375487.619,2777331.953
03,2025-02-05,瑞芳DC,403DC,KPD3801,S3001888888,瑞芳ＤＣ,2025-02-05 11:00:00,2/5/2025 12:41:06 PM,,375487.619,2777331.953
03,2025-02-05,瑞芳DC,GR02,KPD3801,1001016473,國泰店,2025-02-05 11:00:00,2/5/2025 1:15:06 PM,2/5/2025 1:10:00 PM,353235.271,2770016.848
03,2025-02-05,瑞芳DC,GR03,KPD3801,1001018206,吉泰店,2025-02-05 11:00:00,2/5/2025 1:23:35 PM,2/5/2025 1:20:00 PM,353352.038,2770063.196
03,2025-02-05,瑞芳DC,GR04,KPD3801,1001021555,義和店,2025-02-05 11:00:00,2/5/2025 1:32:36 PM,2/5/2025 1:30:00 PM,353297.606,2769707.058
03,2025-02-05,瑞芳DC,GR05,KPD3801,1001020523,新貿店,2025-02-05 11:00:00,2/5/2025 1:44:56 PM,2/5/2025 1:40:00 PM,353773.176,2769652.851
03,2025-02-05,瑞芳DC,GU12,KPD3801,1001023788,安富店,2025-02-05 11:00:00,2/5/2025 2:02:37 PM,2/5/2025 2:50:00 PM,353054.844,2770230.45
03,2025-02-05,瑞芳DC,GU14,KPD3801,1001020751,龍普店,2025-02-05 11:00:00,2/5/2025 2:13:02 PM,2/5/2025 3:10:00 PM,352965.445,2770546.945
03,2025-02-05,瑞芳DC,403DC,KPD3801,3001888888,瑞芳ＤＣ,2025-02-05 11:00:00,2/5/2025 3:40:00 PM,2/5/2025 3:04:00 PM,375487.619,2777331.953
03,2025-02-07,瑞芳DC,101DC,KPD3801,S3001888888,瑞芳ＤＣ,2025-02-07 12:01:00,2/7/2025 12:16:24 PM,,375487.619,2777331.953
03,2025-02-07,瑞芳DC,GZ01,KPD3801,1001019505,永吉二店,2025-02-07 12:01:00,2/7/2025 12:56:50 PM,2/7/2025 1:00:00 PM,355328.575,2771011.809
03,2025-02-07,瑞芳DC,GZ02,KPD3801,1001022952,寶清店,2025-02-07 12:01:00,2/7/2025 1:05:23 PM,2/7/2025 1:10:00 PM,355188.168,2771454.819
03,2025-02-07,瑞芳DC,GZ03,KPD3801,1001020556,松慈店,2025-02-07 12:01:00,2/7/2025 1:10:24 PM,2/7/2025 1:20:00 PM,355551.114,2771472.505
03,2025-02-07,瑞芳DC,GU05,KPD3801,1001024238,頂好店,2025-02-07 12:01:00,2/7/2025 1:49:03 PM,2/7/2025 1:40:00 PM,,
03,2025-02-07,瑞芳DC,GU06,KPD3801,1001020150,大安店,2025-02-07 12:01:00,2/7/2025 2:05:26 PM,2/7/2025 1:50:00 PM,352494.183,2770861.003
03,2025-02-07,瑞芳DC,GU07,KPD3801,1001019081,忠愛店,2025-02-07 12:01:00,2/7/2025 2:13:37 PM,2/7/2025 2:00:00 PM,352409.602,2770527.687
03,2025-02-07,瑞芳DC,GR12,KPD3801,1001020276,永隆店,2025-02-07 12:01:00,2/7/2025 1:26:13 PM,2/7/2025 2:30:00 PM,354431.669,2770602.111
03,2025-02-07,瑞芳DC,GR13,KPD3801,1001020750,新忠隆店,2025-02-07 12:01:00,2/7/2025 1:26:13 PM,2/7/2025 2:40:00 PM,354622.236,2770581.384
03,2025-02-07,瑞芳DC,GM15,KPD3801,1001023662,新信德店,2025-02-07 12:01:00,2/7/2025 2:50:44 PM,2/7/2025 2:45:00 PM,355361.634,2769538.527
03,2025-02-07,瑞芳DC,101DC,KPD3801,3001888888,瑞芳ＤＣ,2025-02-07 12:01:00,2/7/2025 3:47:49 PM,2/7/2025 3:41:00 PM,375487.619,2777331.953
03,2025-02-08,瑞芳DC,101DC,KPD3801,S3001888888,瑞芳ＤＣ,2025-02-08 11:00:00,2/8/2025 12:31:03 PM,,375487.619,2777331.953
03,2025-02-08,瑞芳DC,GM02,KPD3801,1001022463,國父紀念館店,2025-02-08 11:00:00,2/8/2025 1:08:51 PM,2/8/2025 1:20:00 PM,353625.778,2770310.738
03,2025-02-08,瑞芳DC,GR02,KPD3801,1001016473,國泰店,2025-02-08 11:00:00,2/8/2025 1:19:57 PM,2/8/2025 1:10:00 PM,353235.271,2770016.848
03,2025-02-08,瑞芳DC,GR03,KPD3801,1001018206,吉泰店,2025-02-08 11:00:00,2/8/2025 1:17:03 PM,2/8/2025 1:20:00 PM,353352.038,2770063.196
03,2025-02-08,瑞芳DC,GU04,KPD3801,1001021447,安勝店,2025-02-08 11:00:00,2/8/2025 1:37:53 PM,2/8/2025 1:30:00 PM,352957.671,2770618.117
03,2025-02-08,瑞芳DC,GU05,KPD3801,1001024238,頂好店,2025-02-08 11:00:00,2/8/2025 1:52:53 PM,2/8/2025 1:40:00 PM,,
03,2025-02-08,瑞芳DC,GG09,KPD3801,1001017978,瑞豐店,2025-02-08 11:00:00,2/8/2025 2:17:56 PM,2/8/2025 2:45:00 PM,355542.416,2774302.601
03,2025-02-08,瑞芳DC,101DC,KPD3801,3001888888,瑞芳ＤＣ,2025-02-08 11:00:00,2/8/2025 3:18:39 PM,2/8/2025 3:13:00 PM,375487.619,2777331.953
12,2025-02-09,瑞芳DC,QCDC,KPD3801,S3001888888,瑞芳ＤＣ,2025-02-09 06:00:00,2/9/2025 7:23:45 AM,,375487.619,2777331.953
12,2025-02-09,瑞芳DC,QC01,KPD3801,1001022801,國立教育店,2025-02-09 06:00:00,2/9/2025 7:49:41 AM,2/9/2025 8:50:00 AM,352509.442,2768574.801
12,2025-02-09,瑞芳DC,QC02,KPD3801,1001021426,敦安店,2025-02-09 06:00:00,2/9/2025 8:25:43 AM,2/9/2025 9:00:00 AM,352915.317,2769742.703
12,2025-02-09,瑞芳DC,QC03,KPD3801,1001016909,和信店,2025-02-09 06:00:00,2/9/2025 8:28:58 AM,2/9/2025 9:05:00 AM,353106.189,2769754.085
12,2025-02-09,瑞芳DC,QC04,KPD3801,1001016838,光復南路店,2025-02-09 06:00:00,2/9/2025 8:34:13 AM,2/9/2025 9:10:00 AM,353691.926,2769865.632
12,2025-02-09,瑞芳DC,QC05,KPD3801,1001023044,忠孝光復店,2025-02-09 06:00:00,2/9/2025 8:40:13 AM,2/9/2025 9:20:00 AM,353530.085,2770524.594
12,2025-02-09,瑞芳DC,QC06,KPD3801,1001022463,國父紀念館店,2025-02-09 06:00:00,2/9/2025 8:45:07 AM,2/9/2025 9:25:00 AM,353625.778,2770310.738
12,2025-02-09,瑞芳DC,QC07,KPD3801,1001023299,光新店,2025-02-09 06:00:00,2/9/2025 8:47:35 AM,2/9/2025 9:30:00 AM,353618.408,2770012.249
12,2025-02-09,瑞芳DC,QC08,KPD3801,1001016473,國泰店,2025-02-09 06:00:00,,2/9/2025 9:35:00 AM,353235.271,2770016.848
12,2025-02-09,瑞芳DC,QC09,KPD3801,1001018206,吉泰店,2025-02-09 06:00:00,2/9/2025 8:51:22 AM,2/9/2025 9:40:00 AM,353352.038,2770063.196
12,2025-02-09,瑞芳DC,QC10,KPD3801,1001021555,義和店,2025-02-09 06:00:00,2/9/2025 8:59:12 AM,2/9/2025 9:45:00 AM,353297.606,2769707.058
12,2025-02-09,瑞芳DC,QC11,KPD3801,1001020523,新貿店,2025-02-09 06:00:00,2/9/2025 9:05:39 AM,2/9/2025 9:50:00 AM,353773.176,2769652.851
12,2025-02-09,瑞芳DC,QC12,KPD3801,1001023830,南山廣場店,2025-02-09 06:00:00,,2/9/2025 10:00:00 AM,354609.693,2769765.502
12,2025-02-09,瑞芳DC,QC13,KPD3801,1001015953,大道店,2025-02-09 06:00:00,2/9/2025 9:35:38 AM,2/9/2025 10:25:00 AM,356178.662,2770453.011
12,2025-02-09,瑞芳DC,QC14,KPD3801,1001024176,廣慈店,2025-02-09 06:00:00,2/9/2025 9:25:15 AM,2/9/2025 10:25:00 AM,,
12,2025-02-09,瑞芳DC,QC15,KPD3801,1001022592,新中坡店,2025-02-09 06:00:00,2/9/2025 9:41:43 AM,2/9/2025 10:40:00 AM,356428.07,2770435.016
12,2025-02-09,瑞芳DC,QC16,KPD3801,1001021889,協和店,2025-02-09 06:00:00,2/9/2025 9:45:51 AM,2/9/2025 10:45:00 AM,356254.178,2770680.117
12,2025-02-09,瑞芳DC,QC17,KPD3801,1001022958,新成鑫店,2025-02-09 06:00:00,2/9/2025 9:52:43 AM,2/9/2025 10:50:00 AM,356351.469,2770848.59
12,2025-02-09,瑞芳DC,QC18,KPD3801,1001024262,忠信店,2025-02-09 06:00:00,2/9/2025 10:03:17 AM,2/9/2025 10:55:00 AM,355453.529,2770499.437
12,2025-02-09,瑞芳DC,QC19,KPD3801,1001023114,厚雅店,2025-02-09 06:00:00,2/9/2025 10:15:24 AM,2/9/2025 11:00:00 AM,354771.066,2770729.386
12,2025-02-09,瑞芳DC,QC20,KPD3801,1001020276,永隆店,2025-02-09 06:00:00,2/9/2025 10:21:34 AM,2/9/2025 11:05:00 AM,354431.669,2770602.111
12,2025-02-09,瑞芳DC,QC21,KPD3801,1001020750,新忠隆店,2025-02-09 06:00:00,2/9/2025 10:26:58 AM,2/9/2025 11:10:00 AM,354622.236,2770581.384
12,2025-02-09,瑞芳DC,QC22,KPD3801,1001020400,聯合店,2025-02-09 06:00:00,2/9/2025 10:30:58 AM,2/9/2025 11:15:00 AM,354249.165,2770650.414
12,2025-02-09,瑞芳DC,QCDC,KPD3801,3001888888,瑞芳ＤＣ,2025-02-09 06:00:00,2/9/2025 11:11:37 AM,2/9/2025 11:49:00 AM,375487.619,2777331.953
12,2025-02-09,瑞芳DC,SCDC,KPD3801,S3001888888,瑞芳ＤＣ,2025-02-09 10:30:00,2/9/2025 11:59:45 AM,,375487.619,2777331.953
12,2025-02-09,瑞芳DC,SC01,KPD3801,1001021611,建南店,2025-02-09 10:30:00,2/9/2025 12:31:50 PM,2/9/2025 2:00:00 PM,351556.26,2770550.268
12,2025-02-09,瑞芳DC,SC02,KPD3801,1001021455,濟南二店,2025-02-09 10:30:00,2/9/2025 1:12:09 PM,2/9/2025 2:05:00 PM,351234.804,2770454.567
12,2025-02-09,瑞芳DC,SC03,KPD3801,1001019674,新北科店,2025-02-09 10:30:00,2/9/2025 1:18:05 PM,2/9/2025 2:10:00 PM,351196.72,2770866.909
12,2025-02-09,瑞芳DC,SC04,KPD3801,1001024243,北科店,2025-02-09 10:30:00,2/9/2025 1:28:28 PM,2/9/2025 2:20:00 PM,351651.361,2770806.472
12,2025-02-09,瑞芳DC,SC05,KPD3801,1001018581,昌隆店,2025-02-09 10:30:00,2/9/2025 1:34:34 PM,2/9/2025 2:25:00 PM,351864.837,2770824.725
12,2025-02-09,瑞芳DC,SC06,KPD3801,1001022950,懷生店,2025-02-09 10:30:00,2/9/2025 1:41:13 PM,2/9/2025 2:30:00 PM,352283.176,2769749.399
12,2025-02-09,瑞芳DC,SC07,KPD3801,1001023922,興忠店,2025-02-09 10:30:00,2/9/2025 1:49:25 PM,2/9/2025 2:35:00 PM,352222.571,2770379.988
12,2025-02-09,瑞芳DC,SC08,KPD3801,1001024255,興仁店,2025-02-09 10:30:00,2/9/2025 1:49:25 PM,2/9/2025 2:35:00 PM,352273.658,2770310.254
12,2025-02-09,瑞芳DC,SC09,KPD3801,1001019760,正興店,2025-02-09 10:30:00,2/9/2025 2:04:43 PM,2/9/2025 2:50:00 PM,351991.937,2770553.905
12,2025-02-09,瑞芳DC,SC10,KPD3801,1001022634,金信店,2025-02-09 10:30:00,2/9/2025 2:17:30 PM,2/9/2025 3:00:00 PM,350610.448,2769744.952
12,2025-02-09,瑞芳DC,SC11,KPD3801,1001022941,新生南路店,2025-02-09 10:30:00,2/9/2025 2:29:22 PM,2/9/2025 3:10:00 PM,351160.973,2769794.003
12,2025-02-09,瑞芳DC,SC12,KPD3801,1001024040,大森店,2025-02-09 10:30:00,2/9/2025 2:32:20 PM,2/9/2025 3:15:00 PM,351469.953,2769777.842
12,2025-02-09,瑞芳DC,SC13,KPD3801,1001014695,信美店,2025-02-09 10:30:00,2/9/2025 2:42:08 PM,2/9/2025 3:20:00 PM,351794.203,2769640.301
12,2025-02-09,瑞芳DC,SC14,KPD3801,1001022593,義興店,2025-02-09 10:30:00,2/9/2025 2:50:29 PM,2/9/2025 3:25:00 PM,352286.322,2769692.886
12,2025-02-09,瑞芳DC,SC15,KPD3801,1001024734,復豐店,2025-02-09 10:30:00,2/9/2025 2:52:23 PM,2/9/2025 3:30:00 PM,352283.176,2769749.399
12,2025-02-09,瑞芳DC,SC16,KPD3801,1001021762,復豪店,2025-02-09 10:30:00,2/9/2025 2:56:46 PM,2/9/2025 3:35:00 PM,352203.26,2769881.517
12,2025-02-09,瑞芳DC,SC18,KPD3801,1001022101,建國店,2025-02-09 10:30:00,2/9/2025 3:04:23 PM,2/9/2025 3:45:00 PM,351784.629,2769158.849
12,2025-02-09,瑞芳DC,SC19,KPD3801,1001023184,瑞和店,2025-02-09 10:30:00,2/9/2025 3:11:22 PM,2/9/2025 3:50:00 PM,352028.091,2768917.38
12,2025-02-09,瑞芳DC,SC20,KPD3801,1001015818,興和店,2025-02-09 10:30:00,2/9/2025 3:18:15 PM,2/9/2025 4:00:00 PM,352243.073,2769110.59
12,2025-02-09,瑞芳DC,SC21,KPD3801,1001020399,義安店,2025-02-09 10:30:00,2/9/2025 3:26:55 PM,2/9/2025 4:05:00 PM,352631.846,2769633.57
12,2025-02-09,瑞芳DC,SCDC,KPD3801,3001888888,瑞芳ＤＣ,2025-02-09 10:30:00,,2/9/2025 4:47:00 PM,375487.619,2777331.953
03,2025-02-10,瑞芳DC,DTDC,KPD3801,S3001888888,瑞芳ＤＣ,2025-02-10 06:30:00,2/10/2025 7:27:18 AM,,375487.619,2777331.953
03,2025-02-10,瑞芳DC,DT01,KPD3801,1001021457,新店五豐店,2025-02-10 06:30:00,2/10/2025 8:00:16 AM,2/10/2025 8:45:00 AM,352216.273,2762644.677
03,2025-02-10,瑞芳DC,DT02,KPD3801,1001024191,新店鑫峰店,2025-02-10 06:30:00,2/10/2025 8:20:08 AM,2/10/2025 8:55:00 AM,351644.904,2761393.669
03,2025-02-10,瑞芳DC,DT03,KPD3801,1001015188,新店統寶店,2025-02-10 06:30:00,2/10/2025 8:44:49 AM,2/10/2025 9:05:00 AM,352747.249,2763024.13
03,2025-02-10,瑞芳DC,DT04,KPD3801,1001022916,新店新寶橋店,2025-02-10 06:30:00,2/10/2025 8:57:30 AM,2/10/2025 9:05:00 AM,352287.474,2763191.535
03,2025-02-10,瑞芳DC,DT05,KPD3801,1001023399,新店新文強店,2025-02-10 06:30:00,2/10/2025 9:05:34 AM,2/10/2025 9:25:00 AM,352112.978,2763718.888
03,2025-02-10,瑞芳DC,DT06,KPD3801,1001020317,新店富強店,2025-02-10 06:30:00,2/10/2025 9:12:37 AM,2/10/2025 9:35:00 AM,352272.657,2763835.582
03,2025-02-10,瑞芳DC,DT07,KPD3801,1001023425,新店新寶工店,2025-02-10 06:30:00,2/10/2025 9:19:47 AM,2/10/2025 9:45:00 AM,352994.234,2763781.171
03,2025-02-10,瑞芳DC,DT08,KPD3801,1001015043,新店橋興店,2025-02-10 06:30:00,2/10/2025 9:27:08 AM,2/10/2025 9:55:00 AM,352939.542,2764166.551
03,2025-02-10,瑞芳DC,DT09,KPD3801,1001017775,新店寶中店,2025-02-10 06:30:00,2/10/2025 9:38:49 AM,2/10/2025 10:05:00 AM,352565.081,2763838.162
03,2025-02-10,瑞芳DC,DT10,KPD3801,1001023350,新店民佳店,2025-02-10 06:30:00,2/10/2025 9:51:08 AM,2/10/2025 10:15:00 AM,351629.265,2764115.747
03,2025-02-10,瑞芳DC,DT11,KPD3801,1001022995,新店慈濟店,2025-02-10 06:30:00,2/10/2025 10:00:23 AM,2/10/2025 10:25:00 AM,351388.155,2764442.647
03,2025-02-10,瑞芳DC,DT12,KPD3801,1001020494,新店大鵬店,2025-02-10 06:30:00,2/10/2025 10:32:16 AM,2/10/2025 10:35:00 AM,351232.121,2764941.549
03,2025-02-10,瑞芳DC,DT13,KPD3801,1001024130,新店鑫泉店,2025-02-10 06:30:00,2/10/2025 10:41:47 AM,2/10/2025 10:45:00 AM,350178.518,2763525.106
03,2025-02-10,瑞芳DC,DT14,KPD3801,1001024131,新店溪園店,2025-02-10 06:30:00,2/10/2025 10:41:47 AM,2/10/2025 10:55:00 AM,350146.381,2763692.036
03,2025-02-10,瑞芳DC,DT15,KPD3801,1001021233,新店公宅店,2025-02-10 06:30:00,2/10/2025 10:55:43 AM,2/10/2025 11:05:00 AM,350432.0,2764001.501
03,2025-02-10,瑞芳DC,DT16,KPD3801,1001023826,新北捷十四張店,2025-02-10 06:30:00,2/10/2025 11:07:36 AM,2/10/2025 11:15:00 AM,,
03,2025-02-10,瑞芳DC,DTDC,KPD3801,3001888888,瑞芳ＤＣ,2025-02-10 06:30:00,2/10/2025 12:06:02 PM,2/10/2025 11:55:00 AM,375487.619,2777331.953
03,2025-02-10,瑞芳DC,GTDC,KPD3801,S3001888888,瑞芳ＤＣ,2025-02-10 11:00:00,2/10/2025 12:59:18 PM,,375487.619,2777331.953
03,2025-02-10,瑞芳DC,GT01,KPD3801,1001022417,汐止興萬店,2025-02-10 11:00:00,2/10/2025 1:30:55 PM,2/10/2025 12:55:00 PM,362997.855,2774484.337
03,2025-02-10,瑞芳DC,GT03,KPD3801,1001019501,汐止祥雲店,2025-02-10 11:00:00,2/10/2025 1:40:57 PM,2/10/2025 1:15:00 PM,362604.246,2775807.436
03,2025-02-10,瑞芳DC,GT04,KPD3801,1001020718,汐止伯爵店,2025-02-10 11:00:00,2/10/2025 1:55:38 PM,2/10/2025 1:20:00 PM,361839.735,2774798.547
03,2025-02-10,瑞芳DC,GT05,KPD3801,1001018859,汐止日月光店,2025-02-10 11:00:00,2/10/2025 2:02:48 PM,2/10/2025 1:30:00 PM,361829.121,2774003.438
03,2025-02-10,瑞芳DC,GT06,KPD3801,1001023876,汐止新水蓮店,2025-02-10 11:00:00,2/10/2025 2:13:29 PM,2/10/2025 1:40:00 PM,361255.457,2774325.112
03,2025-02-10,瑞芳DC,GT07,KPD3801,1001024464,汐止湖前店,2025-02-10 11:00:00,2/10/2025 2:38:49 PM,2/10/2025 1:50:00 PM,361174.558,2773645.829
03,2025-02-10,瑞芳DC,GT08,KPD3801,1001024113,汐止東城店,2025-02-10 11:00:00,2/10/2025 2:43:06 PM,2/10/2025 2:00:00 PM,361138.617,2773526.57
03,2025-02-10,瑞芳DC,GT10,KPD3801,1001018893,康福店,2025-02-10 11:00:00,2/10/2025 2:54:31 PM,2/10/2025 2:20:00 PM,359864.893,2773616.193
03,2025-02-10,瑞芳DC,GT11,KPD3801,1001022617,湖東店,2025-02-10 11:00:00,2/10/2025 2:57:09 PM,2/10/2025 2:30:00 PM,359826.452,2773741.05
03,2025-02-10,瑞芳DC,GT12,KPD3801,1001020319,東安店,2025-02-10 11:00:00,2/10/2025 3:10:46 PM,2/10/2025 2:40:00 PM,359559.111,2773419.493
03,2025-02-10,瑞芳DC,GT13,KPD3801,1001019103,新東湖店,2025-02-10 11:00:00,2/10/2025 3:16:19 PM,2/10/2025 2:50:00 PM,359395.707,2773566.045
03,2025-02-10,瑞芳DC,GT14,KPD3801,1001020130,東茂店,2025-02-10 11:00:00,2/10/2025 3:20:30 PM,2/10/2025 2:50:00 PM,359241.295,2773692.869
03,2025-02-10,瑞芳DC,GT15,KPD3801,1001021293,湖洲店,2025-02-10 11:00:00,2/10/2025 3:29:30 PM,2/10/2025 2:55:00 PM,358866.572,2773686.596
03,2025-02-10,瑞芳DC,GTDC,KPD3801,3001888888,瑞芳ＤＣ,2025-02-10 11:00:00,2/10/2025 4:03:43 PM,2/10/2025 3:46:00 PM,375487.619,2777331.953
03,2025-02-11,瑞芳DC,DTDC,KPD3801,S3001888888,瑞芳ＤＣ,2025-02-11 06:30:00,2/11/2025 7:17:30 AM,,375487.619,2777331.953
03,2025-02-11,瑞芳DC,DT01,KPD3801,1001021457,新店五豐店,2025-02-11 06:30:00,2/11/2025 7:50:30 AM,2/11/2025 8:45:00 AM,352216.273,2762644.677
03,2025-02-11,瑞芳DC,DT02,KPD3801,1001024191,新店鑫峰店,2025-02-11 06:30:00,2/11/2025 8:02:35 AM,2/11/2025 8:55:00 AM,351644.904,2761393.669
03,2025-02-11,瑞芳DC,DT03,KPD3801,1001015188,新店統寶店,2025-02-11 06:30:00,2/11/2025 8:12:18 AM,2/11/2025 9:05:00 AM,352747.249,2763024.13
03,2025-02-11,瑞芳DC,DT04,KPD3801,1001022916,新店新寶橋店,2025-02-11 06:30:00,2/11/2025 8:21:32 AM,2/11/2025 9:05:00 AM,352287.474,2763191.535
03,2025-02-11,瑞芳DC,DT05,KPD3801,1001023399,新店新文強店,2025-02-11 06:30:00,2/11/2025 8:28:15 AM,2/11/2025 9:25:00 AM,352112.978,2763718.888
03,2025-02-11,瑞芳DC,DT06,KPD3801,1001020317,新店富強店,2025-02-11 06:30:00,2/11/2025 8:35:19 AM,2/11/2025 9:35:00 AM,352272.657,2763835.582
03,2025-02-11,瑞芳DC,DT07,KPD3801,1001023425,新店新寶工店,2025-02-11 06:30:00,2/11/2025 8:44:58 AM,2/11/2025 9:45:00 AM,352994.234,2763781.171
03,2025-02-11,瑞芳DC,DT08,KPD3801,1001015043,新店橋興店,2025-02-11 06:30:00,2/11/2025 8:55:25 AM,2/11/2025 9:55:00 AM,352939.542,2764166.551
03,2025-02-11,瑞芳DC,DT09,KPD3801,1001017775,新店寶中店,2025-02-11 06:30:00,2/11/2025 9:05:32 AM,2/11/2025 10:05:00 AM,352565.081,2763838.162
03,2025-02-11,瑞芳DC,DT10,KPD3801,1001023350,新店民佳店,2025-02-11 06:30:00,2/11/2025 9:19:14 AM,2/11/2025 10:15:00 AM,351629.265,2764115.747
03,2025-02-11,瑞芳DC,DT11,KPD3801,1001022995,新店慈濟店,2025-02-11 06:30:00,2/11/2025 9:28:32 AM,2/11/2025 10:25:00 AM,351388.155,2764442.647
03,2025-02-11,瑞芳DC,DT12,KPD3801,1001020494,新店大鵬店,2025-02-11 06:30:00,2/11/2025 9:53:39 AM,2/11/2025 10:35:00 AM,351232.121,2764941.549
03,2025-02-11,瑞芳DC,DT13,KPD3801,1001024130,新店鑫泉店,2025-02-11 06:30:00,2/11/2025 10:01:40 AM,2/11/2025 10:45:00 AM,350178.518,2763525.106
03,2025-02-11,瑞芳DC,DT14,KPD3801,1001024131,新店溪園店,2025-02-11 06:30:00,2/11/2025 10:01:40 AM,2/11/2025 10:55:00 AM,350146.381,2763692.036
03,2025-02-11,瑞芳DC,DT15,KPD3801,1001021233,新店公宅店,2025-02-11 06:30:00,2/11/2025 10:15:44 AM,2/11/2025 11:05:00 AM,350432.0,2764001.501
03,2025-02-11,瑞芳DC,DT16,KPD3801,1001023826,新北捷十四張店,2025-02-11 06:30:00,2/11/2025 10:25:46 AM,2/11/2025 11:15:00 AM,,
03,2025-02-11,瑞芳DC,DTDC,KPD3801,3001888888,瑞芳ＤＣ,2025-02-11 06:30:00,2/11/2025 11:21:44 AM,2/11/2025 11:55:00 AM,375487.619,2777331.953
03,2025-02-11,瑞芳DC,GTDC,KPD3801,S3001888888,瑞芳ＤＣ,2025-02-11 11:00:00,2/11/2025 12:07:30 PM,,375487.619,2777331.953
03,2025-02-11,瑞芳DC,GT01,KPD3801,1001022417,汐止興萬店,2025-02-11 11:00:00,2/11/2025 12:30:51 PM,2/11/2025 12:55:00 PM,362997.855,2774484.337
03,2025-02-11,瑞芳DC,GT03,KPD3801,1001019501,汐止祥雲店,2025-02-11 11:00:00,2/11/2025 12:45:42 PM,2/11/2025 1:15:00 PM,362604.246,2775807.436
03,2025-02-11,瑞芳DC,GT04,KPD3801,1001020718,汐止伯爵店,2025-02-11 11:00:00,2/11/2025 12:56:53 PM,2/11/2025 1:20:00 PM,361839.735,2774798.547
03,2025-02-11,瑞芳DC,GT05,KPD3801,1001018859,汐止日月光店,2025-02-11 11:00:00,2/11/2025 1:04:05 PM,2/11/2025 1:30:00 PM,361829.121,2774003.438
03,2025-02-11,瑞芳DC,GT06,KPD3801,1001023876,汐止新水蓮店,2025-02-11 11:00:00,2/11/2025 1:15:04 PM,2/11/2025 1:40:00 PM,361255.457,2774325.112
03,2025-02-11,瑞芳DC,GT07,KPD3801,1001024464,汐止湖前店,2025-02-11 11:00:00,2/11/2025 1:26:55 PM,2/11/2025 1:50:00 PM,361174.558,2773645.829
03,2025-02-11,瑞芳DC,GT08,KPD3801,1001024113,汐止東城店,2025-02-11 11:00:00,2/11/2025 1:31:28 PM,2/11/2025 2:00:00 PM,361138.617,2773526.57
03,2025-02-11,瑞芳DC,GT10,KPD3801,1001018893,康福店,2025-02-11 11:00:00,2/11/2025 1:49:21 PM,2/11/2025 2:20:00 PM,359864.893,2773616.193
03,2025-02-11,瑞芳DC,GT11,KPD3801,1001022617,湖東店,2025-02-11 11:00:00,2/11/2025 1:54:26 PM,2/11/2025 2:30:00 PM,359826.452,2773741.05
03,2025-02-11,瑞芳DC,GT12,KPD3801,1001020319,東安店,2025-02-11 11:00:00,2/11/2025 2:03:03 PM,2/11/2025 2:40:00 PM,359559.111,2773419.493
03,2025-02-11,瑞芳DC,GT13,KPD3801,1001019103,新東湖店,2025-02-11 11:00:00,2/11/2025 2:09:30 PM,2/11/2025 2:50:00 PM,359395.707,2773566.045
03,2025-02-11,瑞芳DC,GT14,KPD3801,1001020130,東茂店,2025-02-11 11:00:00,2/11/2025 2:14:15 PM,2/11/2025 2:50:00 PM,359241.295,2773692.869
03,2025-02-11,瑞芳DC,GT15,KPD3801,1001021293,湖洲店,2025-02-11 11:00:00,2/11/2025 2:22:42 PM,2/11/2025 2:55:00 PM,358866.572,2773686.596
03,2025-02-11,瑞芳DC,GTDC,KPD3801,3001888888,瑞芳ＤＣ,2025-02-11 11:00:00,2/11/2025 2:57:06 PM,2/11/2025 3:46:00 PM,375487.619,2777331.953
04,2025-02-11,瑞芳DC,YIDC,KPD3801,S3001888888,瑞芳ＤＣ,2025-02-11 14:20:00,2/11/2025 3:55:01 PM,,375487.619,2777331.953
04,2025-02-11,瑞芳DC,YI13,KPD3801,1001022699,基隆長樂店,2025-02-11 14:20:00,2/11/2025 4:17:21 PM,2/11/2025 7:10:00 PM,370363.314,2779165.079
04,2025-02-11,瑞芳DC,YI14,KPD3801,1001022103,基隆長庚店,2025-02-11 14:20:00,2/11/2025 4:17:21 PM,2/11/2025 7:20:00 PM,370480.611,2779171.855
04,2025-02-11,瑞芳DC,YI15,KPD3801,1001016733,基隆新安和店,2025-02-11 14:20:00,2/11/2025 4:28:45 PM,2/11/2025 7:30:00 PM,370501.469,2779733.139
04,2025-02-11,瑞芳DC,YI16,KPD3801,1001017009,基隆新樂強店,2025-02-11 14:20:00,2/11/2025 4:35:20 PM,2/11/2025 7:35:00 PM,371396.203,2779960.442
04,2025-02-11,瑞芳DC,YI17,KPD3801,1001021863,基隆中山店,2025-02-11 14:20:00,2/11/2025 4:46:32 PM,2/11/2025 7:50:00 PM,,
04,2025-02-11,瑞芳DC,YI18,KPD3801,1001023135,基隆華復店,2025-02-11 14:20:00,2/11/2025 4:51:23 PM,2/11/2025 8:00:00 PM,,
04,2025-02-11,瑞芳DC,YI19,KPD3801,1001010822,基隆經國店,2025-02-11 14:20:00,2/11/2025 4:58:04 PM,2/11/2025 8:10:00 PM,,
04,2025-02-11,瑞芳DC,YI20,KPD3801,1001023325,基隆鑫橫濱店,2025-02-11 14:20:00,2/11/2025 5:03:41 PM,2/11/2025 8:15:00 PM,,
04,2025-02-11,瑞芳DC,YI21,KPD3801,1001019438,基隆新復興店,2025-02-11 14:20:00,2/11/2025 5:08:18 PM,2/11/2025 8:20:00 PM,,
04,2025-02-11,瑞芳DC,YI22,KPD3801,1001015669,基隆樂華店,2025-02-11 14:20:00,2/11/2025 5:14:29 PM,2/11/2025 8:25:00 PM,,
04,2025-02-11,瑞芳DC,YI23,KPD3801,1001021599,基隆囍旺店,2025-02-11 14:20:00,2/11/2025 5:21:07 PM,2/11/2025 8:30:00 PM,,
04,2025-02-11,瑞芳DC,YI24,KPD3801,1001021686,基隆鑫大慶店,2025-02-11 14:20:00,2/11/2025 5:28:52 PM,2/11/2025 8:40:00 PM,,
04,2025-02-11,瑞芳DC,YIDC,KPD3801,3001888888,瑞芳ＤＣ,2025-02-11 14:20:00,2/11/2025 5:49:09 PM,2/11/2025 9:00:00 PM,375487.619,2777331.953
03,2025-02-12,瑞芳DC,401DC,KPD3801,S3001888888,瑞芳ＤＣ,2025-02-12 12:08:00,2/12/2025 12:19:04 PM,,375487.619,2777331.953
03,2025-02-12,瑞芳DC,GM01,KPD3801,1001023044,忠孝光復店,2025-02-12 12:08:00,2/12/2025 12:57:09 PM,2/12/2025 1:10:00 PM,353530.085,2770524.594
03,2025-02-12,瑞芳DC,GR02,KPD3801,1001016473,國泰店,2025-02-12 12:08:00,2/12/2025 1:10:54 PM,2/12/2025 1:10:00 PM,353235.271,2770016.848
03,2025-02-12,瑞芳DC,GR03,KPD3801,1001018206,吉泰店,2025-02-12 12:08:00,2/12/2025 1:19:56 PM,2/12/2025 1:20:00 PM,353352.038,2770063.196
03,2025-02-12,瑞芳DC,GU06,KPD3801,1001020150,大安店,2025-02-12 12:08:00,2/12/2025 1:32:45 PM,2/12/2025 1:50:00 PM,352494.183,2770861.003
03,2025-02-12,瑞芳DC,GU07,KPD3801,1001019081,忠愛店,2025-02-12 12:08:00,2/12/2025 1:46:59 PM,2/12/2025 2:00:00 PM,352409.602,2770527.687
03,2025-02-12,瑞芳DC,GH13,KPD3801,1001020149,新店忠誠店,2025-02-12 12:08:00,2/12/2025 2:23:30 PM,2/12/2025 3:20:00 PM,352074.194,2763209.896
03,2025-02-12,瑞芳DC,GH14,KPD3801,1001023328,新店七張站店,2025-02-12 12:08:00,2/12/2025 2:23:19 PM,2/12/2025 3:30:00 PM,352115.472,2763233.821
03,2025-02-12,瑞芳DC,401DC,KPD3801,3001888888,瑞芳ＤＣ,2025-02-12 12:08:00,2/12/2025 3:22:29 PM,2/12/2025 3:35:00 PM,375487.619,2777331.953
03,2025-02-13,瑞芳DC,DLDC,KPD3801,S3001888888,瑞芳ＤＣ,2025-02-13 06:20:00,2/13/2025 7:14:04 AM,,375487.619,2777331.953
03,2025-02-13,瑞芳DC,DL02,KPD3801,1001020485,新湖店,2025-02-13 06:20:00,2/13/2025 7:56:51 AM,2/13/2025 8:50:00 AM,356192.905,2773120.817
03,2025-02-13,瑞芳DC,DL03,KPD3801,1001022211,行善公宅店,2025-02-13 06:20:00,2/13/2025 8:19:34 AM,2/13/2025 9:00:00 AM,356097.196,2772584.503
03,2025-02-13,瑞芳DC,DL04,KPD3801,1001022932,行善店,2025-02-13 06:20:00,2/13/2025 8:30:21 AM,2/13/2025 9:10:00 AM,356356.893,2772767.611
03,2025-02-13,瑞芳DC,DL05,KPD3801,1001022680,興華店,2025-02-13 06:20:00,2/13/2025 9:03:19 AM,2/13/2025 9:20:00 AM,358516.977,2772109.03
03,2025-02-13,瑞芳DC,DL06,KPD3801,1001015973,國興店,2025-02-13 06:20:00,2/13/2025 9:16:43 AM,2/13/2025 9:40:00 AM,359837.984,2770670.794
03,2025-02-13,瑞芳DC,DL07,KPD3801,1001021880,胡適店,2025-02-13 06:20:00,2/13/2025 9:22:20 AM,2/13/2025 9:50:00 AM,359766.303,2770586.98
03,2025-02-13,瑞芳DC,DL08,KPD3801,1001024003,舊莊店,2025-02-13 06:20:00,2/13/2025 9:28:16 AM,2/13/2025 10:00:00 AM,,
03,2025-02-13,瑞芳DC,DL09,KPD3801,1001024055,汐止鑫宜興店,2025-02-13 06:20:00,2/13/2025 9:33:59 AM,2/13/2025 10:10:00 AM,360091.053,2770502.424
03,2025-02-13,瑞芳DC,DL10,KPD3801,1001020368,新莊研店,2025-02-13 06:20:00,2/13/2025 9:43:46 AM,2/13/2025 10:20:00 AM,360073.962,2770265.899
03,2025-02-13,瑞芳DC,DL11,KPD3801,1001022562,富康店,2025-02-13 06:20:00,2/13/2025 9:55:03 AM,2/13/2025 10:30:00 AM,359648.525,2771656.842
03,2025-02-13,瑞芳DC,DL12,KPD3801,1001024141,汐止力行店,2025-02-13 06:20:00,2/13/2025 9:55:03 AM,2/13/2025 10:40:00 AM,359694.885,2771578.569
03,2025-02-13,瑞芳DC,DL13,KPD3801,1001020924,汐止橫科店,2025-02-13 06:20:00,2/13/2025 10:06:36 AM,2/13/2025 10:50:00 AM,359867.032,2771266.72
03,2025-02-13,瑞芳DC,DLDC,KPD3801,3001888888,瑞芳ＤＣ,2025-02-13 06:20:00,2/13/2025 10:46:43 AM,2/13/2025 11:15:00 AM,375487.619,2777331.953
03,2025-02-13,瑞芳DC,GLDC,KPD3801,S3001888888,瑞芳ＤＣ,2025-02-13 11:00:00,2/13/2025 11:43:04 AM,,375487.619,2777331.953
03,2025-02-13,瑞芳DC,GL01,KPD3801,1001024040,大森店,2025-02-13 11:00:00,2/13/2025 12:54:15 PM,2/13/2025 1:30:00 PM,351469.953,2769777.842
03,2025-02-13,瑞芳DC,GL03,KPD3801,1001015818,興和店,2025-02-13 11:00:00,2/13/2025 1:05:24 PM,2/13/2025 1:50:00 PM,352243.073,2769110.59
03,2025-02-13,瑞芳DC,GL04,KPD3801,1001020399,義安店,2025-02-13 11:00:00,2/13/2025 1:16:18 PM,2/13/2025 1:50:00 PM,352631.846,2769633.57
03,2025-02-13,瑞芳DC,GL05,KPD3801,1001022593,義興店,2025-02-13 11:00:00,2/13/2025 1:32:28 PM,2/13/2025 2:00:00 PM,352286.322,2769692.886
03,2025-02-13,瑞芳DC,GL06,KPD3801,1001024734,復豐店,2025-02-13 11:00:00,2/13/2025 1:45:35 PM,2/13/2025 2:10:00 PM,352283.176,2769749.399
03,2025-02-13,瑞芳DC,GL07,KPD3801,1001022950,懷生店,2025-02-13 11:00:00,2/13/2025 1:58:57 PM,2/13/2025 2:20:00 PM,352283.176,2769749.399
03,2025-02-13,瑞芳DC,GL08,KPD3801,1001019760,正興店,2025-02-13 11:00:00,2/13/2025 2:17:15 PM,2/13/2025 2:30:00 PM,351991.937,2770553.905
03,2025-02-13,瑞芳DC,GL09,KPD3801,1001021455,濟南二店,2025-02-13 11:00:00,2/13/2025 2:25:48 PM,2/13/2025 2:40:00 PM,351234.804,2770454.567
03,2025-02-13,瑞芳DC,GL10,KPD3801,1001019674,新北科店,2025-02-13 11:00:00,2/13/2025 2:36:33 PM,2/13/2025 2:50:00 PM,351196.72,2770866.909
03,2025-02-13,瑞芳DC,GL11,KPD3801,1001024308,北科店,2025-02-13 11:00:00,2/13/2025 2:50:49 PM,2/13/2025 3:00:00 PM,351651.361,2770806.472
03,2025-02-13,瑞芳DC,GL12,KPD3801,1001018581,昌隆店,2025-02-13 11:00:00,2/13/2025 3:04:02 PM,2/13/2025 3:10:00 PM,351864.837,2770824.725
03,2025-02-13,瑞芳DC,GLDC,KPD3801,3001888888,瑞芳ＤＣ,2025-02-13 11:00:00,2/13/2025 3:39:32 PM,2/13/2025 4:11:00 PM,375487.619,2777331.953
03,2025-02-14,瑞芳DC,DLDC,KPD3801,S3001888888,瑞芳ＤＣ,2025-02-14 06:20:00,2/14/2025 7:27:53 AM,,375487.619,2777331.953
03,2025-02-14,瑞芳DC,DL02,KPD3801,1001020485,新湖店,2025-02-14 06:20:00,2/14/2025 8:05:11 AM,2/14/2025 8:50:00 AM,356192.905,2773120.817
03,2025-02-14,瑞芳DC,DL03,KPD3801,1001022211,行善公宅店,2025-02-14 06:20:00,2/14/2025 8:22:02 AM,2/14/2025 9:00:00 AM,356097.196,2772584.503
03,2025-02-14,瑞芳DC,DL04,KPD3801,1001022932,行善店,2025-02-14 06:20:00,2/14/2025 8:29:42 AM,2/14/2025 9:10:00 AM,356356.893,2772767.611
03,2025-02-14,瑞芳DC,DL05,KPD3801,1001022680,興華店,2025-02-14 06:20:00,2/14/2025 8:54:08 AM,2/14/2025 9:20:00 AM,358516.977,2772109.03
03,2025-02-14,瑞芳DC,DL06,KPD3801,1001015973,國興店,2025-02-14 06:20:00,2/14/2025 9:13:37 AM,2/14/2025 9:40:00 AM,359837.984,2770670.794
03,2025-02-14,瑞芳DC,DL07,KPD3801,1001021880,胡適店,2025-02-14 06:20:00,2/14/2025 9:16:17 AM,2/14/2025 9:50:00 AM,359766.303,2770586.98
03,2025-02-14,瑞芳DC,DL08,KPD3801,1001024003,舊莊店,2025-02-14 06:20:00,2/14/2025 9:24:37 AM,2/14/2025 10:00:00 AM,,
03,2025-02-14,瑞芳DC,DL09,KPD3801,1001024055,汐止鑫宜興店,2025-02-14 06:20:00,2/14/2025 9:30:31 AM,2/14/2025 10:10:00 AM,360091.053,2770502.424
03,2025-02-14,瑞芳DC,DL10,KPD3801,1001020368,新莊研店,2025-02-14 06:20:00,2/14/2025 9:41:41 AM,2/14/2025 10:20:00 AM,360073.962,2770265.899
03,2025-02-14,瑞芳DC,DL11,KPD3801,1001022562,富康店,2025-02-14 06:20:00,2/14/2025 9:53:42 AM,2/14/2025 10:30:00 AM,359648.525,2771656.842
03,2025-02-14,瑞芳DC,DL12,KPD3801,1001024141,汐止力行店,2025-02-14 06:20:00,2/14/2025 9:53:42 AM,2/14/2025 10:40:00 AM,359694.885,2771578.569
03,2025-02-14,瑞芳DC,DL13,KPD3801,1001020924,汐止橫科店,2025-02-14 06:20:00,2/14/2025 10:06:52 AM,2/14/2025 10:50:00 AM,359867.032,2771266.72
03,2025-02-14,瑞芳DC,DLDC,KPD3801,3001888888,瑞芳ＤＣ,2025-02-14 06:20:00,2/14/2025 10:50:15 AM,2/14/2025 11:15:00 AM,375487.619,2777331.953
03,2025-02-14,瑞芳DC,GLDC,KPD3801,S3001888888,瑞芳ＤＣ,2025-02-14 11:00:00,2/14/2025 11:32:53 AM,,375487.619,2777331.953
03,2025-02-14,瑞芳DC,GU03,KPD3801,1001018020,統領店,2025-02-14 11:00:00,2/14/2025 12:15:21 PM,2/14/2025 1:20:00 PM,353064.306,2770643.127
03,2025-02-14,瑞芳DC,GL01,KPD3801,1001024040,大森店,2025-02-14 11:00:00,2/14/2025 1:08:24 PM,2/14/2025 1:30:00 PM,351469.953,2769777.842
03,2025-02-14,瑞芳DC,GL03,KPD3801,1001015818,興和店,2025-02-14 11:00:00,2/14/2025 1:22:20 PM,2/14/2025 1:50:00 PM,352243.073,2769110.59
03,2025-02-14,瑞芳DC,GL04,KPD3801,1001020399,義安店,2025-02-14 11:00:00,2/14/2025 1:33:03 PM,2/14/2025 1:50:00 PM,352631.846,2769633.57
03,2025-02-14,瑞芳DC,GL05,KPD3801,1001022593,義興店,2025-02-14 11:00:00,2/14/2025 1:48:59 PM,2/14/2025 2:00:00 PM,352286.322,2769692.886
03,2025-02-14,瑞芳DC,GL06,KPD3801,1001024734,復豐店,2025-02-14 11:00:00,2/14/2025 1:56:15 PM,2/14/2025 2:10:00 PM,352283.176,2769749.399
03,2025-02-14,瑞芳DC,GL07,KPD3801,1001022950,懷生店,2025-02-14 11:00:00,2/14/2025 2:10:03 PM,2/14/2025 2:20:00 PM,352283.176,2769749.399
03,2025-02-14,瑞芳DC,GL08,KPD3801,1001019760,正興店,2025-02-14 11:00:00,2/14/2025 2:20:36 PM,2/14/2025 2:30:00 PM,351991.937,2770553.905
03,2025-02-14,瑞芳DC,GL09,KPD3801,1001021455,濟南二店,2025-02-14 11:00:00,2/14/2025 2:30:24 PM,2/14/2025 2:40:00 PM,351234.804,2770454.567
03,2025-02-14,瑞芳DC,GL10,KPD3801,1001019674,新北科店,2025-02-14 11:00:00,2/14/2025 2:41:21 PM,2/14/2025 2:50:00 PM,351196.72,2770866.909
03,2025-02-14,瑞芳DC,GL11,KPD3801,1001024308,北科店,2025-02-14 11:00:00,2/14/2025 2:57:33 PM,2/14/2025 3:00:00 PM,351651.361,2770806.472
03,2025-02-14,瑞芳DC,GL12,KPD3801,1001018581,昌隆店,2025-02-14 11:00:00,2/14/2025 3:06:58 PM,2/14/2025 3:10:00 PM,351864.837,2770824.725
03,2025-02-14,瑞芳DC,GLDC,KPD3801,3001888888,瑞芳ＤＣ,2025-02-14 11:00:00,2/14/2025 3:48:46 PM,2/14/2025 4:11:00 PM,375487.619,2777331.953
12,2025-02-16,瑞芳DC,QCDC,KPD3801,S3001888888,瑞芳ＤＣ,2025-02-16 06:00:00,2/16/2025 7:17:38 AM,,375487.619,2777331.953
12,2025-02-16,瑞芳DC,QC01,KPD3801,1001022801,國立教育店,2025-02-16 06:00:00,2/16/2025 7:44:33 AM,2/16/2025 8:50:00 AM,352509.442,2768574.801
12,2025-02-16,瑞芳DC,QC02,KPD3801,1001021426,敦安店,2025-02-16 06:00:00,2/16/2025 8:07:41 AM,2/16/2025 9:00:00 AM,352915.317,2769742.703
12,2025-02-16,瑞芳DC,QC03,KPD3801,1001016909,和信店,2025-02-16 06:00:00,2/16/2025 8:10:47 AM,2/16/2025 9:05:00 AM,353106.189,2769754.085
12,2025-02-16,瑞芳DC,QC04,KPD3801,1001016838,光復南路店,2025-02-16 06:00:00,2/16/2025 8:16:22 AM,2/16/2025 9:10:00 AM,353691.926,2769865.632
12,2025-02-16,瑞芳DC,QC05,KPD3801,1001023044,忠孝光復店,2025-02-16 06:00:00,2/16/2025 8:22:49 AM,2/16/2025 9:20:00 AM,353530.085,2770524.594
12,2025-02-16,瑞芳DC,QC06,KPD3801,1001022463,國父紀念館店,2025-02-16 06:00:00,2/16/2025 8:27:38 AM,2/16/2025 9:25:00 AM,353625.778,2770310.738
12,2025-02-16,瑞芳DC,QC07,KPD3801,1001023299,光新店,2025-02-16 06:00:00,2/16/2025 8:31:47 AM,2/16/2025 9:30:00 AM,353618.408,2770012.249
12,2025-02-16,瑞芳DC,QC08,KPD3801,1001016473,國泰店,2025-02-16 06:00:00,2/16/2025 8:35:21 AM,2/16/2025 9:35:00 AM,353235.271,2770016.848
12,2025-02-16,瑞芳DC,QC09,KPD3801,1001018206,吉泰店,2025-02-16 06:00:00,2/16/2025 8:38:15 AM,2/16/2025 9:40:00 AM,353352.038,2770063.196
12,2025-02-16,瑞芳DC,QC10,KPD3801,1001021555,義和店,2025-02-16 06:00:00,2/16/2025 8:42:31 AM,2/16/2025 9:45:00 AM,353297.606,2769707.058
12,2025-02-16,瑞芳DC,QC11,KPD3801,1001020523,新貿店,2025-02-16 06:00:00,2/16/2025 8:48:06 AM,2/16/2025 9:50:00 AM,353773.176,2769652.851
12,2025-02-16,瑞芳DC,QC12,KPD3801,1001023830,南山廣場店,2025-02-16 06:00:00,,2/16/2025 10:00:00 AM,354609.693,2769765.502
12,2025-02-16,瑞芳DC,QC13,KPD3801,1001015953,大道店,2025-02-16 06:00:00,2/16/2025 9:12:14 AM,2/16/2025 10:25:00 AM,356178.662,2770453.011
12,2025-02-16,瑞芳DC,QC14,KPD3801,1001024176,廣慈店,2025-02-16 06:00:00,2/16/2025 9:01:57 AM,2/16/2025 10:25:00 AM,,
12,2025-02-16,瑞芳DC,QC15,KPD3801,1001022592,新中坡店,2025-02-16 06:00:00,2/16/2025 9:16:47 AM,2/16/2025 10:40:00 AM,356428.07,2770435.016
12,2025-02-16,瑞芳DC,QC16,KPD3801,1001021889,協和店,2025-02-16 06:00:00,2/16/2025 9:24:37 AM,2/16/2025 10:45:00 AM,356254.178,2770680.117
12,2025-02-16,瑞芳DC,QC17,KPD3801,1001022958,新成鑫店,2025-02-16 06:00:00,2/16/2025 9:28:49 AM,2/16/2025 10:50:00 AM,356351.469,2770848.59
12,2025-02-16,瑞芳DC,QC18,KPD3801,1001024262,忠信店,2025-02-16 06:00:00,2/16/2025 9:40:53 AM,2/16/2025 10:55:00 AM,355453.529,2770499.437
12,2025-02-16,瑞芳DC,QC19,KPD3801,1001023114,厚雅店,2025-02-16 06:00:00,2/16/2025 9:46:22 AM,2/16/2025 11:00:00 AM,354771.066,2770729.386
12,2025-02-16,瑞芳DC,QC20,KPD3801,1001020276,永隆店,2025-02-16 06:00:00,2/16/2025 9:53:40 AM,2/16/2025 11:05:00 AM,354431.669,2770602.111
12,2025-02-16,瑞芳DC,QC21,KPD3801,1001020750,新忠隆店,2025-02-16 06:00:00,2/16/2025 9:53:40 AM,2/16/2025 11:10:00 AM,354622.236,2770581.384
12,2025-02-16,瑞芳DC,QC22,KPD3801,1001020400,聯合店,2025-02-16 06:00:00,2/16/2025 9:58:22 AM,2/16/2025 11:15:00 AM,354249.165,2770650.414
12,2025-02-16,瑞芳DC,QCDC,KPD3801,3001888888,瑞芳ＤＣ,2025-02-16 06:00:00,2/16/2025 10:38:12 AM,2/16/2025 11:49:00 AM,375487.619,2777331.953
12,2025-02-16,瑞芳DC,SCDC,KPD3801,S3001888888,瑞芳ＤＣ,2025-02-16 10:30:00,2/16/2025 11:24:08 AM,,375487.619,2777331.953
12,2025-02-16,瑞芳DC,SC01,KPD3801,1001021611,建南店,2025-02-16 10:30:00,2/16/2025 11:59:26 AM,2/16/2025 2:00:00 PM,351556.26,2770550.268
12,2025-02-16,瑞芳DC,SC02,KPD3801,1001021455,濟南二店,2025-02-16 10:30:00,2/16/2025 12:05:46 PM,2/16/2025 2:05:00 PM,351234.804,2770454.567
12,2025-02-16,瑞芳DC,SC03,KPD3801,1001019674,新北科店,2025-02-16 10:30:00,2/16/2025 12:10:47 PM,2/16/2025 2:10:00 PM,351196.72,2770866.909
12,2025-02-16,瑞芳DC,SC04,KPD3801,1001024308,北科店,2025-02-16 10:30:00,2/16/2025 12:20:47 PM,2/16/2025 2:20:00 PM,351651.361,2770806.472
12,2025-02-16,瑞芳DC,SC05,KPD3801,1001018581,昌隆店,2025-02-16 10:30:00,2/16/2025 12:24:48 PM,2/16/2025 2:25:00 PM,351864.837,2770824.725
12,2025-02-16,瑞芳DC,SC06,KPD3801,1001022950,懷生店,2025-02-16 10:30:00,2/16/2025 12:33:21 PM,2/16/2025 2:30:00 PM,352283.176,2769749.399
12,2025-02-16,瑞芳DC,SC07,KPD3801,1001023922,興忠店,2025-02-16 10:30:00,2/16/2025 12:39:18 PM,2/16/2025 2:35:00 PM,352222.571,2770379.988
12,2025-02-16,瑞芳DC,SC08,KPD3801,1001024255,興仁店,2025-02-16 10:30:00,2/16/2025 12:39:18 PM,2/16/2025 2:35:00 PM,352273.658,2770310.254
12,2025-02-16,瑞芳DC,SC09,KPD3801,1001019760,正興店,2025-02-16 10:30:00,2/16/2025 12:53:47 PM,2/16/2025 2:50:00 PM,351991.937,2770553.905
12,2025-02-16,瑞芳DC,SC10,KPD3801,1001022634,金信店,2025-02-16 10:30:00,2/16/2025 1:04:59 PM,2/16/2025 3:00:00 PM,350610.448,2769744.952
12,2025-02-16,瑞芳DC,SC11,KPD3801,1001022941,新生南路店,2025-02-16 10:30:00,2/16/2025 1:13:44 PM,2/16/2025 3:10:00 PM,351160.973,2769794.003
12,2025-02-16,瑞芳DC,SC12,KPD3801,1001024040,大森店,2025-02-16 10:30:00,2/16/2025 1:16:51 PM,2/16/2025 3:15:00 PM,351469.953,2769777.842
12,2025-02-16,瑞芳DC,SC13,KPD3801,1001014695,信美店,2025-02-16 10:30:00,2/16/2025 1:25:46 PM,2/16/2025 3:20:00 PM,351794.203,2769640.301
12,2025-02-16,瑞芳DC,SC14,KPD3801,1001022593,義興店,2025-02-16 10:30:00,2/16/2025 1:30:44 PM,2/16/2025 3:25:00 PM,352286.322,2769692.886
12,2025-02-16,瑞芳DC,SC15,KPD3801,1001024734,復豐店,2025-02-16 10:30:00,2/16/2025 1:34:21 PM,2/16/2025 3:30:00 PM,352283.176,2769749.399
12,2025-02-16,瑞芳DC,SC16,KPD3801,1001021762,復豪店,2025-02-16 10:30:00,2/16/2025 1:46:43 PM,2/16/2025 3:35:00 PM,352203.26,2769881.517
12,2025-02-16,瑞芳DC,SC18,KPD3801,1001022101,建國店,2025-02-16 10:30:00,2/16/2025 1:52:02 PM,2/16/2025 3:45:00 PM,351784.629,2769158.849
12,2025-02-16,瑞芳DC,SC19,KPD3801,1001023184,瑞和店,2025-02-16 10:30:00,2/16/2025 1:56:05 PM,2/16/2025 3:50:00 PM,352028.091,2768917.38
12,2025-02-16,瑞芳DC,SC20,KPD3801,1001015818,興和店,2025-02-16 10:30:00,2/16/2025 2:01:55 PM,2/16/2025 4:00:00 PM,352243.073,2769110.59
12,2025-02-16,瑞芳DC,SC21,KPD3801,1001020399,義安店,2025-02-16 10:30:00,2/16/2025 2:07:57 PM,2/16/2025 4:05:00 PM,352631.846,2769633.57
12,2025-02-16,瑞芳DC,SCDC,KPD3801,3001888888,瑞芳ＤＣ,2025-02-16 10:30:00,2/16/2025 2:48:17 PM,2/16/2025 4:47:00 PM,375487.619,2777331.953
03,2025-02-19,瑞芳DC,GWDC,KPD3801,S3001888888,瑞芳ＤＣ,2025-02-19 11:00:00,,,375487.619,2777331.953
03,2025-02-19,瑞芳DC,GR06,KPD3801,1001018742,京盛店,2025-02-19 11:00:00,2/19/2025 12:59:50 PM,2/19/2025 1:50:00 PM,353273.91,2771670.861
03,2025-02-19,瑞芳DC,GW01,KPD3801,1001020486,慶城店,2025-02-19 11:00:00,2/19/2025 1:22:38 PM,2/19/2025 1:00:00 PM,352380.389,2771807.492
03,2025-02-19,瑞芳DC,GW02,KPD3801,1001020127,富泰店,2025-02-19 11:00:00,2/19/2025 1:39:26 PM,2/19/2025 1:10:00 PM,354396.133,2772403.926
03,2025-02-19,瑞芳DC,GW03,KPD3801,1001022759,新東店,2025-02-19 11:00:00,2/19/2025 1:41:48 PM,2/19/2025 1:20:00 PM,354539.784,2772362.782
03,2025-02-19,瑞芳DC,GW04,KPD3801,1001018901,昇東店,2025-02-19 11:00:00,2/19/2025 1:52:03 PM,2/19/2025 1:30:00 PM,354541.158,2772531.341
03,2025-02-19,瑞芳DC,GW05,KPD3801,1001017017,富錦店,2025-02-19 11:00:00,2/19/2025 1:56:04 PM,2/19/2025 1:40:00 PM,354468.539,2772743.838
03,2025-02-19,瑞芳DC,GW06,KPD3801,1001017205,三富店,2025-02-19 11:00:00,2/19/2025 2:01:29 PM,2/19/2025 1:50:00 PM,354254.153,2772723.906
03,2025-02-19,瑞芳DC,GW07,KPD3801,1001023825,塔悠店,2025-02-19 11:00:00,2/19/2025 2:11:05 PM,2/19/2025 2:00:00 PM,354827.211,2772288.184
03,2025-02-19,瑞芳DC,GW09,KPD3801,1001024084,民康店,2025-02-19 11:00:00,2/19/2025 2:20:53 PM,2/19/2025 2:20:00 PM,354313.17,2771973.698
03,2025-02-19,瑞芳DC,GW10,KPD3801,1001016058,松壽店,2025-02-19 11:00:00,2/19/2025 2:30:49 PM,2/19/2025 2:25:00 PM,354096.995,2772080.856
03,2025-02-19,瑞芳DC,GW11,KPD3801,1001016542,松民店,2025-02-19 11:00:00,2/19/2025 2:37:42 PM,2/19/2025 2:30:00 PM,354167.603,2772507.072
03,2025-02-19,瑞芳DC,GW12,KPD3801,1001014959,東豐店,2025-02-19 11:00:00,2/19/2025 2:43:52 PM,2/19/2025 2:40:00 PM,353601.82,2772450.438
03,2025-02-19,瑞芳DC,GW13,KPD3801,1001016262,中央店,2025-02-19 11:00:00,2/19/2025 2:48:04 PM,2/19/2025 2:50:00 PM,353106.356,2772417.453
03,2025-02-19,瑞芳DC,GWDC,KPD3801,3001888888,瑞芳ＤＣ,2025-02-19 11:00:00,2/19/2025 3:35:01 PM,2/19/2025 3:35:00 PM,375487.619,2777331.953
04,2025-02-22,瑞芳DC,401DC,KPD3801,S3001888888,瑞芳ＤＣ,2025-02-22 07:50:00,,,375487.619,2777331.953
04,2025-02-22,瑞芳DC,,KPD3801,1001023707,大巨蛋店,2025-02-22 07:50:00,2/22/2025 10:22:52 AM,2/22/2025 9:00:00 AM,,
04,2025-02-22,瑞芳DC,401DC,KPD3801,3001888888,瑞芳ＤＣ,2025-02-22 07:50:00,2/22/2025 9:13:18 AM,2/22/2025 9:38:00 AM,375487.619,2777331.953
03,2025-02-25,瑞芳DC,402DC,KPD3801,S3001888888,瑞芳ＤＣ,2025-02-25 08:36:00,,,375487.619,2777331.953
03,2025-02-25,瑞芳DC,DN05,KPD3801,1001020836,松安店,2025-02-25 08:36:00,2/25/2025 8:41:04 AM,2/25/2025 9:35:00 AM,355622.027,2770488.98
03,2025-02-25,瑞芳DC,DN06,KPD3801,1001024262,忠信店,2025-02-25 08:36:00,2/25/2025 8:45:20 AM,2/25/2025 9:50:00 AM,355453.529,2770499.437
03,2025-02-25,瑞芳DC,DW10,KPD3801,1001021057,新店順安店,2025-02-25 08:36:00,2/25/2025 9:13:13 AM,2/25/2025 10:00:00 AM,351869.14,2764462.85
03,2025-02-25,瑞芳DC,DW11,KPD3801,1001020986,新店新豐店,2025-02-25 08:36:00,2/25/2025 9:23:46 AM,2/25/2025 10:10:00 AM,351926.989,2763815.492
03,2025-02-25,瑞芳DC,DT12,KPD3801,1001020494,新店大鵬店,2025-02-25 08:36:00,2/25/2025 9:37:55 AM,2/25/2025 10:35:00 AM,351232.121,2764941.549
03,2025-02-25,瑞芳DC,DT13,KPD3801,1001024130,新店鑫泉店,2025-02-25 08:36:00,2/25/2025 9:46:40 AM,2/25/2025 10:45:00 AM,350178.518,2763525.106
03,2025-02-25,瑞芳DC,DT14,KPD3801,1001024131,新店溪園店,2025-02-25 08:36:00,2/25/2025 9:46:40 AM,2/25/2025 10:55:00 AM,350146.381,2763692.036
03,2025-02-25,瑞芳DC,DT15,KPD3801,1001021233,新店公宅店,2025-02-25 08:36:00,2/25/2025 10:01:08 AM,2/25/2025 11:05:00 AM,350432.0,2764001.501
03,2025-02-25,瑞芳DC,402DC,KPD3801,3001888888,瑞芳ＤＣ,2025-02-25 08:36:00,2/25/2025 10:52:54 AM,2/25/2025 12:04:00 PM,375487.619,2777331.953
03,2025-02-25,瑞芳DC,404DC,KPD3801,S3001888888,瑞芳ＤＣ,2025-02-25 11:00:00,2/25/2025 11:45:49 AM,,375487.619,2777331.953
03,2025-02-25,瑞芳DC,GU04,KPD3801,1001021447,安勝店,2025-02-25 11:00:00,2/25/2025 12:31:18 PM,2/25/2025 1:30:00 PM,352957.671,2770618.117
03,2025-02-25,瑞芳DC,GU05,KPD3801,1001024238,頂好店,2025-02-25 11:00:00,2/25/2025 1:29:59 PM,2/25/2025 1:40:00 PM,,
03,2025-02-25,瑞芳DC,GP06,KPD3801,1001023922,興忠店,2025-02-25 11:00:00,2/25/2025 1:40:34 PM,2/25/2025 2:05:00 PM,352222.571,2770379.988
03,2025-02-25,瑞芳DC,GI08,KPD3801,1001016837,明興店,2025-02-25 11:00:00,2/25/2025 2:18:24 PM,2/25/2025 2:20:00 PM,354132.294,2764855.22
03,2025-02-25,瑞芳DC,GH13,KPD3801,1001020149,新店忠誠店,2025-02-25 11:00:00,2/25/2025 2:39:12 PM,2/25/2025 3:20:00 PM,352074.194,2763209.896
03,2025-02-25,瑞芳DC,404DC,KPD3801,3001888888,瑞芳ＤＣ,2025-02-25 11:00:00,2/25/2025 3:27:48 PM,2/25/2025 3:37:00 PM,375487.619,2777331.953
03,2025-02-26,瑞芳DC,DTDC,KPD3801,S3001888888,瑞芳ＤＣ,2025-02-26 06:30:00,2/26/2025 7:26:17 AM,,375487.619,2777331.953
03,2025-02-26,瑞芳DC,DT01,KPD3801,1001021457,新店五豐店,2025-02-26 06:30:00,2/26/2025 8:03:58 AM,2/26/2025 8:45:00 AM,352216.273,2762644.677
03,2025-02-26,瑞芳DC,DT02,KPD3801,1001024191,新店鑫峰店,2025-02-26 06:30:00,2/26/2025 8:14:11 AM,2/26/2025 8:55:00 AM,351644.904,2761393.669
03,2025-02-26,瑞芳DC,DT03,KPD3801,1001015188,新店統寶店,2025-02-26 06:30:00,2/26/2025 8:26:33 AM,2/26/2025 9:05:00 AM,352747.249,2763024.13
03,2025-02-26,瑞芳DC,DT04,KPD3801,1001022916,新店新寶橋店,2025-02-26 06:30:00,2/26/2025 8:39:33 AM,2/26/2025 9:05:00 AM,352287.474,2763191.535
03,2025-02-26,瑞芳DC,DT05,KPD3801,1001023399,新店新文強店,2025-02-26 06:30:00,2/26/2025 8:49:16 AM,2/26/2025 9:25:00 AM,352112.978,2763718.888
03,2025-02-26,瑞芳DC,DT10,KPD3801,1001023350,新店民佳店,2025-02-26 06:30:00,2/26/2025 9:29:15 AM,2/26/2025 10:15:00 AM,351629.265,2764115.747
03,2025-02-26,瑞芳DC,DT11,KPD3801,1001022995,新店慈濟店,2025-02-26 06:30:00,2/26/2025 9:37:01 AM,2/26/2025 10:25:00 AM,351388.155,2764442.647
03,2025-02-26,瑞芳DC,DT12,KPD3801,1001020494,新店大鵬店,2025-02-26 06:30:00,2/26/2025 10:05:56 AM,2/26/2025 10:35:00 AM,351232.121,2764941.549
03,2025-02-26,瑞芳DC,DT13,KPD3801,1001024130,新店鑫泉店,2025-02-26 06:30:00,2/26/2025 10:15:34 AM,2/26/2025 10:45:00 AM,350178.518,2763525.106
03,2025-02-26,瑞芳DC,DT14,KPD3801,1001024131,新店溪園店,2025-02-26 06:30:00,2/26/2025 10:15:34 AM,2/26/2025 10:55:00 AM,350146.381,2763692.036
03,2025-02-26,瑞芳DC,DT15,KPD3801,1001021233,新店公宅店,2025-02-26 06:30:00,2/26/2025 10:26:36 AM,2/26/2025 11:05:00 AM,350432.0,2764001.501
03,2025-02-26,瑞芳DC,DT16,KPD3801,1001023826,新北捷十四張店,2025-02-26 06:30:00,2/26/2025 10:37:20 AM,2/26/2025 11:15:00 AM,,
03,2025-02-26,瑞芳DC,DTDC,KPD3801,3001888888,瑞芳ＤＣ,2025-02-26 06:30:00,2/26/2025 11:28:30 AM,2/26/2025 11:55:00 AM,375487.619,2777331.953
03,2025-02-26,瑞芳DC,GTDC,KPD3801,S3001888888,瑞芳ＤＣ,2025-02-26 11:00:00,2/26/2025 12:14:17 PM,,375487.619,2777331.953
03,2025-02-26,瑞芳DC,GT01,KPD3801,1001022417,汐止興萬店,2025-02-26 11:00:00,2/26/2025 12:44:48 PM,2/26/2025 12:55:00 PM,362997.855,2774484.337
03,2025-02-26,瑞芳DC,GT03,KPD3801,1001019501,汐止祥雲店,2025-02-26 11:00:00,2/26/2025 1:31:49 PM,2/26/2025 1:15:00 PM,362604.246,2775807.436
03,2025-02-26,瑞芳DC,GT04,KPD3801,1001020718,汐止伯爵店,2025-02-26 11:00:00,2/26/2025 1:44:25 PM,2/26/2025 1:20:00 PM,361839.735,2774798.547
03,2025-02-26,瑞芳DC,GT05,KPD3801,1001018859,汐止日月光店,2025-02-26 11:00:00,2/26/2025 1:52:15 PM,2/26/2025 1:30:00 PM,361829.121,2774003.438
03,2025-02-26,瑞芳DC,GT06,KPD3801,1001023876,汐止新水蓮店,2025-02-26 11:00:00,2/26/2025 2:06:42 PM,2/26/2025 1:40:00 PM,361255.457,2774325.112
03,2025-02-26,瑞芳DC,GT07,KPD3801,1001024464,汐止湖前店,2025-02-26 11:00:00,2/26/2025 2:21:35 PM,2/26/2025 1:50:00 PM,361174.558,2773645.829
03,2025-02-26,瑞芳DC,GT08,KPD3801,1001024113,汐止東城店,2025-02-26 11:00:00,2/26/2025 2:25:46 PM,2/26/2025 2:00:00 PM,361138.617,2773526.57
03,2025-02-26,瑞芳DC,GT10,KPD3801,1001018893,康福店,2025-02-26 11:00:00,2/26/2025 2:36:42 PM,2/26/2025 2:20:00 PM,359864.893,2773616.193
03,2025-02-26,瑞芳DC,GT11,KPD3801,1001022617,湖東店,2025-02-26 11:00:00,2/26/2025 2:41:30 PM,2/26/2025 2:30:00 PM,359826.452,2773741.05
03,2025-02-26,瑞芳DC,GT12,KPD3801,1001020319,東安店,2025-02-26 11:00:00,2/26/2025 2:49:15 PM,2/26/2025 2:40:00 PM,359559.111,2773419.493
03,2025-02-26,瑞芳DC,GT13,KPD3801,1001019103,新東湖店,2025-02-26 11:00:00,2/26/2025 3:01:34 PM,2/26/2025 2:50:00 PM,359395.707,2773566.045
03,2025-02-26,瑞芳DC,GT14,KPD3801,1001020130,東茂店,2025-02-26 11:00:00,2/26/2025 3:07:48 PM,2/26/2025 2:50:00 PM,359241.295,2773692.869
03,2025-02-26,瑞芳DC,GT15,KPD3801,1001021293,湖洲店,2025-02-26 11:00:00,2/26/2025 3:17:43 PM,2/26/2025 2:55:00 PM,358866.572,2773686.596
03,2025-02-26,瑞芳DC,GT16,KPD3801,1001019598,護校店,2025-02-26 11:00:00,2/26/2025 3:27:26 PM,2/26/2025 3:00:00 PM,358933.83,2774270.102
03,2025-02-26,瑞芳DC,GTDC,KPD3801,3001888888,瑞芳ＤＣ,2025-02-26 11:00:00,2/26/2025 4:05:24 PM,2/26/2025 3:48:00 PM,375487.619,2777331.953
03,2025-02-27,瑞芳DC,DZDC,KPD3801,S3001888888,瑞芳ＤＣ,2025-02-27 06:30:00,2/27/2025 7:12:43 AM,,375487.619,2777331.953
03,2025-02-27,瑞芳DC,DZ01,KPD3801,1001021647,小彎公宅店,2025-02-27 06:30:00,2/27/2025 7:47:16 AM,2/27/2025 9:10:00 AM,357313.808,2772357.857
03,2025-02-27,瑞芳DC,DZ02,KPD3801,1001020641,港成店,2025-02-27 06:30:00,2/27/2025 8:10:45 AM,2/27/2025 9:20:00 AM,357244.55,2771968.478
03,2025-02-27,瑞芳DC,DZ03,KPD3801,1001016840,向陽店,2025-02-27 06:30:00,2/27/2025 8:20:14 AM,2/27/2025 9:30:00 AM,357534.235,2772028.88
03,2025-02-27,瑞芳DC,DZ04,KPD3801,1001022011,中視店,2025-02-27 06:30:00,2/27/2025 8:29:06 AM,2/27/2025 9:40:00 AM,358094.986,2772140.491
03,2025-02-27,瑞芳DC,DZ05,KPD3801,1001020277,重陽店,2025-02-27 06:30:00,2/27/2025 8:41:19 AM,2/27/2025 9:50:00 AM,357823.311,2772207.091
03,2025-02-27,瑞芳DC,DZ06,KPD3801,1001022836,台塑店,2025-02-27 06:30:00,2/27/2025 8:59:36 AM,2/27/2025 10:00:00 AM,356728.766,2772522.09
03,2025-02-27,瑞芳DC,DZ07,KPD3801,1001024704,南港車站店,2025-02-27 06:30:00,2/27/2025 9:18:22 AM,2/27/2025 10:10:00 AM,358669.188,2771780.932
03,2025-02-27,瑞芳DC,DZ08,KPD3801,1001023213,南港生技店,2025-02-27 06:30:00,2/27/2025 9:33:44 AM,2/27/2025 10:30:00 AM,358943.324,2771694.453
03,2025-02-27,瑞芳DC,DZ09,KPD3801,1001020998,港忠店,2025-02-27 06:30:00,2/27/2025 9:41:03 AM,2/27/2025 10:40:00 AM,359553.863,2771808.725
03,2025-02-27,瑞芳DC,DZ10,KPD3801,1001019031,中研店,2025-02-27 06:30:00,2/27/2025 9:48:13 AM,2/27/2025 10:50:00 AM,359343.914,2771189.961
03,2025-02-27,瑞芳DC,DZ11,KPD3801,1001019502,研究院店,2025-02-27 06:30:00,2/27/2025 9:59:14 AM,2/27/2025 11:00:00 AM,359449.734,2770984.432
03,2025-02-27,瑞芳DC,DK10,KPD3801,1001020039,汐止興中店,2025-02-27 06:30:00,2/27/2025 10:23:48 AM,2/27/2025 10:30:00 AM,361219.223,2773081.775
03,2025-02-27,瑞芳DC,DZDC,KPD3801,3001888888,瑞芳ＤＣ,2025-02-27 06:30:00,2/27/2025 11:13:45 AM,2/27/2025 11:40:00 AM,375487.619,2777331.953
03,2025-02-27,瑞芳DC,GTDC,KPD3801,S3001888888,瑞芳ＤＣ,2025-02-27 11:00:00,2/27/2025 11:55:43 AM,,375487.619,2777331.953
03,2025-02-27,瑞芳DC,GT01,KPD3801,1001022417,汐止興萬店,2025-02-27 11:00:00,2/27/2025 12:16:44 PM,2/27/2025 12:55:00 PM,362997.855,2774484.337
03,2025-02-27,瑞芳DC,GT03,KPD3801,1001019501,汐止祥雲店,2025-02-27 11:00:00,2/27/2025 12:23:33 PM,2/27/2025 1:15:00 PM,362604.246,2775807.436
03,2025-02-27,瑞芳DC,GT04,KPD3801,1001020718,汐止伯爵店,2025-02-27 11:00:00,2/27/2025 12:34:17 PM,2/27/2025 1:20:00 PM,361839.735,2774798.547
03,2025-02-27,瑞芳DC,GT05,KPD3801,1001018859,汐止日月光店,2025-02-27 11:00:00,2/27/2025 12:41:34 PM,2/27/2025 1:30:00 PM,361829.121,2774003.438
03,2025-02-27,瑞芳DC,GT06,KPD3801,1001023876,汐止新水蓮店,2025-02-27 11:00:00,2/27/2025 12:52:11 PM,2/27/2025 1:40:00 PM,361255.457,2774325.112
03,2025-02-27,瑞芳DC,GT07,KPD3801,1001024464,汐止湖前店,2025-02-27 11:00:00,2/27/2025 1:04:24 PM,2/27/2025 1:50:00 PM,361174.558,2773645.829
03,2025-02-27,瑞芳DC,GT08,KPD3801,1001024113,汐止東城店,2025-02-27 11:00:00,2/27/2025 1:09:36 PM,2/27/2025 2:00:00 PM,361138.617,2773526.57
03,2025-02-27,瑞芳DC,GT10,KPD3801,1001018893,康福店,2025-02-27 11:00:00,2/27/2025 1:24:26 PM,2/27/2025 2:20:00 PM,359864.893,2773616.193
03,2025-02-27,瑞芳DC,GT11,KPD3801,1001022617,湖東店,2025-02-27 11:00:00,2/27/2025 1:27:18 PM,2/27/2025 2:30:00 PM,359826.452,2773741.05
03,2025-02-27,瑞芳DC,GT12,KPD3801,1001020319,東安店,2025-02-27 11:00:00,2/27/2025 1:35:14 PM,2/27/2025 2:40:00 PM,359559.111,2773419.493
03,2025-02-27,瑞芳DC,GT13,KPD3801,1001019103,新東湖店,2025-02-27 11:00:00,2/27/2025 1:41:29 PM,2/27/2025 2:50:00 PM,359395.707,2773566.045
03,2025-02-27,瑞芳DC,GT14,KPD3801,1001020130,東茂店,2025-02-27 11:00:00,2/27/2025 1:47:28 PM,2/27/2025 2:50:00 PM,359241.295,2773692.869
03,2025-02-27,瑞芳DC,GT15,KPD3801,1001021293,湖洲店,2025-02-27 11:00:00,2/27/2025 1:55:15 PM,2/27/2025 2:55:00 PM,358866.572,2773686.596
03,2025-02-27,瑞芳DC,GT16,KPD3801,1001019598,護校店,2025-02-27 11:00:00,2/27/2025 2:05:01 PM,2/27/2025 3:00:00 PM,358933.83,2774270.102
03,2025-02-27,瑞芳DC,GTDC,KPD3801,3001888888,瑞芳ＤＣ,2025-02-27 11:00:00,2/27/2025 2:44:43 PM,2/27/2025 3:48:00 PM,375487.619,2777331.953
03,2025-02-28,瑞芳DC,DTDC,KPD3801,S3001888888,瑞芳ＤＣ,2025-02-28 06:30:00,2/28/2025 7:19:37 AM,,375487.619,2777331.953
03,2025-02-28,瑞芳DC,DT01,KPD3801,1001021457,新店五豐店,2025-02-28 06:30:00,2/28/2025 8:01:12 AM,2/28/2025 8:45:00 AM,352216.273,2762644.677
03,2025-02-28,瑞芳DC,DT02,KPD3801,1001024191,新店鑫峰店,2025-02-28 06:30:00,2/28/2025 8:11:54 AM,2/28/2025 8:55:00 AM,351644.904,2761393.669
03,2025-02-28,瑞芳DC,DT03,KPD3801,1001015188,新店統寶店,2025-02-28 06:30:00,2/28/2025 8:20:54 AM,2/28/2025 9:05:00 AM,352747.249,2763024.13
03,2025-02-28,瑞芳DC,DT04,KPD3801,1001022916,新店新寶橋店,2025-02-28 06:30:00,2/28/2025 8:30:21 AM,2/28/2025 9:05:00 AM,352287.474,2763191.535
03,2025-02-28,瑞芳DC,DT05,KPD3801,1001023399,新店新文強店,2025-02-28 06:30:00,2/28/2025 8:40:13 AM,2/28/2025 9:25:00 AM,352112.978,2763718.888
03,2025-02-28,瑞芳DC,DT07,KPD3801,1001023425,新店新寶工店,2025-02-28 06:30:00,2/28/2025 8:51:52 AM,2/28/2025 9:45:00 AM,352994.234,2763781.171
03,2025-02-28,瑞芳DC,DT09,KPD3801,1001017775,新店寶中店,2025-02-28 06:30:00,2/28/2025 8:55:28 AM,2/28/2025 10:05:00 AM,352565.081,2763838.162
03,2025-02-28,瑞芳DC,DT10,KPD3801,1001023350,新店民佳店,2025-02-28 06:30:00,2/28/2025 9:08:21 AM,2/28/2025 10:15:00 AM,351629.265,2764115.747
03,2025-02-28,瑞芳DC,DT11,KPD3801,1001022995,新店慈濟店,2025-02-28 06:30:00,2/28/2025 9:12:39 AM,2/28/2025 10:25:00 AM,351388.155,2764442.647
03,2025-02-28,瑞芳DC,DT12,KPD3801,1001020494,新店大鵬店,2025-02-28 06:30:00,2/28/2025 9:32:10 AM,2/28/2025 10:35:00 AM,351232.121,2764941.549
03,2025-02-28,瑞芳DC,DT13,KPD3801,1001024130,新店鑫泉店,2025-02-28 06:30:00,2/28/2025 9:41:32 AM,2/28/2025 10:45:00 AM,350178.518,2763525.106
03,2025-02-28,瑞芳DC,DT14,KPD3801,1001024131,新店溪園店,2025-02-28 06:30:00,2/28/2025 9:41:32 AM,2/28/2025 10:55:00 AM,350146.381,2763692.036
03,2025-02-28,瑞芳DC,DT15,KPD3801,1001021233,新店公宅店,2025-02-28 06:30:00,2/28/2025 9:58:40 AM,2/28/2025 11:05:00 AM,350432.0,2764001.501
03,2025-02-28,瑞芳DC,DT16,KPD3801,1001023826,新北捷十四張店,2025-02-28 06:30:00,2/28/2025 10:11:28 AM,2/28/2025 11:15:00 AM,,
03,2025-02-28,瑞芳DC,DTDC,KPD3801,3001888888,瑞芳ＤＣ,2025-02-28 06:30:00,2/28/2025 11:25:30 AM,2/28/2025 11:55:00 AM,375487.619,2777331.953
03,2025-02-28,瑞芳DC,GTDC,KPD3801,S3001888888,瑞芳ＤＣ,2025-02-28 11:00:00,2/28/2025 12:04:07 PM,,375487.619,2777331.953
03,2025-02-28,瑞芳DC,GT01,KPD3801,1001022417,汐止興萬店,2025-02-28 11:00:00,2/28/2025 12:32:44 PM,2/28/2025 12:55:00 PM,362997.855,2774484.337
03,2025-02-28,瑞芳DC,GT03,KPD3801,1001019501,汐止祥雲店,2025-02-28 11:00:00,2/28/2025 1:01:03 PM,2/28/2025 1:15:00 PM,362604.246,2775807.436
03,2025-02-28,瑞芳DC,GT04,KPD3801,1001020718,汐止伯爵店,2025-02-28 11:00:00,2/28/2025 1:14:53 PM,2/28/2025 1:20:00 PM,361839.735,2774798.547
03,2025-02-28,瑞芳DC,GT05,KPD3801,1001018859,汐止日月光店,2025-02-28 11:00:00,2/28/2025 1:22:06 PM,2/28/2025 1:30:00 PM,361829.121,2774003.438
03,2025-02-28,瑞芳DC,GT06,KPD3801,1001023876,汐止新水蓮店,2025-02-28 11:00:00,2/28/2025 1:33:51 PM,2/28/2025 1:40:00 PM,361255.457,2774325.112
03,2025-02-28,瑞芳DC,GT07,KPD3801,1001024464,汐止湖前店,2025-02-28 11:00:00,2/28/2025 1:53:33 PM,2/28/2025 1:50:00 PM,361174.558,2773645.829
03,2025-02-28,瑞芳DC,GT08,KPD3801,1001024113,汐止東城店,2025-02-28 11:00:00,2/28/2025 1:56:43 PM,2/28/2025 2:00:00 PM,361138.617,2773526.57
03,2025-02-28,瑞芳DC,GT10,KPD3801,1001018893,康福店,2025-02-28 11:00:00,2/28/2025 2:12:53 PM,2/28/2025 2:20:00 PM,359864.893,2773616.193
03,2025-02-28,瑞芳DC,GT11,KPD3801,1001022617,湖東店,2025-02-28 11:00:00,2/28/2025 2:18:34 PM,2/28/2025 2:30:00 PM,359826.452,2773741.05
03,2025-02-28,瑞芳DC,GT12,KPD3801,1001020319,東安店,2025-02-28 11:00:00,2/28/2025 2:27:50 PM,2/28/2025 2:40:00 PM,359559.111,2773419.493
03,2025-02-28,瑞芳DC,GT13,KPD3801,1001019103,新東湖店,2025-02-28 11:00:00,2/28/2025 2:35:19 PM,2/28/2025 2:50:00 PM,359395.707,2773566.045
03,2025-02-28,瑞芳DC,GT14,KPD3801,1001020130,東茂店,2025-02-28 11:00:00,2/28/2025 2:42:06 PM,2/28/2025 2:50:00 PM,359241.295,2773692.869
03,2025-02-28,瑞芳DC,GT15,KPD3801,1001021293,湖洲店,2025-02-28 11:00:00,2/28/2025 2:52:04 PM,2/28/2025 2:55:00 PM,358866.572,2773686.596
03,2025-02-28,瑞芳DC,GTDC,KPD3801,3001888888,瑞芳ＤＣ,2025-02-28 11:00:00,2/28/2025 3:37:24 PM,2/28/2025 3:46:00 PM,375487.619,2777331.953
03,2025-03-02,瑞芳DC,DLDC,KPD3801,S3001888888,瑞芳ＤＣ,2025-03-02 06:20:00,,,375487.619,2777331.953
03,2025-03-02,瑞芳DC,DF02,KPD3801,1001021983,基隆暖東店,2025-03-02 06:20:00,3/2/2025 7:26:01 AM,3/2/2025 8:40:00 AM,371742.253,2776824.534
03,2025-03-02,瑞芳DC,DL02,KPD3801,1001020485,新湖店,2025-03-02 06:20:00,,3/2/2025 8:50:00 AM,356192.905,2773120.817
03,2025-03-02,瑞芳DC,DL03,KPD3801,1001022211,行善公宅店,2025-03-02 06:20:00,3/2/2025 7:52:36 AM,3/2/2025 9:00:00 AM,356097.196,2772584.503
03,2025-03-02,瑞芳DC,DL04,KPD3801,1001022932,行善店,2025-03-02 06:20:00,3/2/2025 8:27:52 AM,3/2/2025 9:10:00 AM,356356.893,2772767.611
03,2025-03-02,瑞芳DC,DL05,KPD3801,1001022680,興華店,2025-03-02 06:20:00,3/2/2025 8:48:39 AM,3/2/2025 9:20:00 AM,358516.977,2772109.03
03,2025-03-02,瑞芳DC,DL06,KPD3801,1001015973,國興店,2025-03-02 06:20:00,3/2/2025 9:00:42 AM,3/2/2025 9:40:00 AM,359837.984,2770670.794
03,2025-03-02,瑞芳DC,DL07,KPD3801,1001021880,胡適店,2025-03-02 06:20:00,3/2/2025 9:05:57 AM,3/2/2025 9:50:00 AM,359766.303,2770586.98
03,2025-03-02,瑞芳DC,DL08,KPD3801,1001024003,舊莊店,2025-03-02 06:20:00,3/2/2025 9:12:29 AM,3/2/2025 10:00:00 AM,,
03,2025-03-02,瑞芳DC,DL09,KPD3801,1001024055,汐止鑫宜興店,2025-03-02 06:20:00,3/2/2025 9:20:25 AM,3/2/2025 10:10:00 AM,360091.053,2770502.424
03,2025-03-02,瑞芳DC,DL10,KPD3801,1001020368,新莊研店,2025-03-02 06:20:00,3/2/2025 9:27:19 AM,3/2/2025 10:20:00 AM,360073.962,2770265.899
03,2025-03-02,瑞芳DC,DL11,KPD3801,1001022562,富康店,2025-03-02 06:20:00,3/2/2025 9:38:17 AM,3/2/2025 10:30:00 AM,359648.525,2771656.842
03,2025-03-02,瑞芳DC,DL12,KPD3801,1001024141,汐止力行店,2025-03-02 06:20:00,3/2/2025 9:38:17 AM,3/2/2025 10:40:00 AM,359694.885,2771578.569
03,2025-03-02,瑞芳DC,DL13,KPD3801,1001020924,汐止橫科店,2025-03-02 06:20:00,3/2/2025 9:50:46 AM,3/2/2025 10:50:00 AM,359867.032,2771266.72
03,2025-03-02,瑞芳DC,DLDC,KPD3801,3001888888,瑞芳ＤＣ,2025-03-02 06:20:00,3/2/2025 10:28:18 AM,3/2/2025 11:15:00 AM,375487.619,2777331.953
03,2025-03-02,瑞芳DC,GLDC,KPD3801,S3001888888,瑞芳ＤＣ,2025-03-02 11:00:00,3/2/2025 11:17:46 AM,,375487.619,2777331.953
03,2025-03-02,瑞芳DC,GL01,KPD3801,1001024040,大森店,2025-03-02 11:00:00,3/2/2025 12:57:50 PM,3/2/2025 1:30:00 PM,351469.953,2769777.842
03,2025-03-02,瑞芳DC,GL02,KPD3801,1001018052,興南店,2025-03-02 11:00:00,3/2/2025 1:09:00 PM,3/2/2025 1:40:00 PM,352204.549,2769621.491
03,2025-03-02,瑞芳DC,GL03,KPD3801,1001015818,興和店,2025-03-02 11:00:00,3/2/2025 1:20:13 PM,3/2/2025 1:50:00 PM,352243.073,2769110.59
03,2025-03-02,瑞芳DC,GL04,KPD3801,1001020399,義安店,2025-03-02 11:00:00,3/2/2025 1:36:34 PM,3/2/2025 1:50:00 PM,352631.846,2769633.57
03,2025-03-02,瑞芳DC,GL05,KPD3801,1001022593,義興店,2025-03-02 11:00:00,3/2/2025 1:09:00 PM,3/2/2025 2:00:00 PM,352286.322,2769692.886
03,2025-03-02,瑞芳DC,GL06,KPD3801,1001024734,復豐店,2025-03-02 11:00:00,3/2/2025 1:56:42 PM,3/2/2025 2:10:00 PM,352283.176,2769749.399
03,2025-03-02,瑞芳DC,GL07,KPD3801,1001022950,懷生店,2025-03-02 11:00:00,3/2/2025 2:09:15 PM,3/2/2025 2:20:00 PM,352283.176,2769749.399
03,2025-03-02,瑞芳DC,GL08,KPD3801,1001019760,正興店,2025-03-02 11:00:00,3/2/2025 2:16:34 PM,3/2/2025 2:30:00 PM,351991.937,2770553.905
03,2025-03-02,瑞芳DC,GL09,KPD3801,1001021455,濟南二店,2025-03-02 11:00:00,3/2/2025 2:25:46 PM,3/2/2025 2:40:00 PM,351234.804,2770454.567
03,2025-03-02,瑞芳DC,GL11,KPD3801,1001024308,北科店,2025-03-02 11:00:00,3/2/2025 2:38:39 PM,3/2/2025 3:00:00 PM,351651.361,2770806.472
03,2025-03-02,瑞芳DC,GL12,KPD3801,1001018581,昌隆店,2025-03-02 11:00:00,3/2/2025 2:56:17 PM,3/2/2025 3:10:00 PM,351864.837,2770824.725
03,2025-03-02,瑞芳DC,GLDC,KPD3801,3001888888,瑞芳ＤＣ,2025-03-02 11:00:00,3/2/2025 3:33:47 PM,3/2/2025 4:11:00 PM,375487.619,2777331.953
03,2025-03-03,瑞芳DC,DLDC,KPD3801,S3001888888,瑞芳ＤＣ,2025-03-03 06:20:00,3/3/2025 7:17:58 AM,,375487.619,2777331.953
03,2025-03-03,瑞芳DC,DL02,KPD3801,1001020485,新湖店,2025-03-03 06:20:00,3/3/2025 7:51:56 AM,3/3/2025 8:50:00 AM,356192.905,2773120.817
03,2025-03-03,瑞芳DC,DL03,KPD3801,1001022211,行善公宅店,2025-03-03 06:20:00,3/3/2025 8:21:42 AM,3/3/2025 9:00:00 AM,356097.196,2772584.503
03,2025-03-03,瑞芳DC,DL04,KPD3801,1001022932,行善店,2025-03-03 06:20:00,3/3/2025 8:34:31 AM,3/3/2025 9:10:00 AM,356356.893,2772767.611
03,2025-03-03,瑞芳DC,DL05,KPD3801,1001022680,興華店,2025-03-03 06:20:00,3/3/2025 8:56:29 AM,3/3/2025 9:20:00 AM,358516.977,2772109.03
03,2025-03-03,瑞芳DC,DL06,KPD3801,1001015973,國興店,2025-03-03 06:20:00,3/3/2025 9:13:44 AM,3/3/2025 9:40:00 AM,359837.984,2770670.794
03,2025-03-03,瑞芳DC,DL07,KPD3801,1001021880,胡適店,2025-03-03 06:20:00,3/3/2025 9:19:18 AM,3/3/2025 9:50:00 AM,359766.303,2770586.98
03,2025-03-03,瑞芳DC,DL08,KPD3801,1001024003,舊莊店,2025-03-03 06:20:00,3/3/2025 9:25:38 AM,3/3/2025 10:00:00 AM,,
03,2025-03-03,瑞芳DC,DL09,KPD3801,1001024055,汐止鑫宜興店,2025-03-03 06:20:00,3/3/2025 9:32:05 AM,3/3/2025 10:10:00 AM,360091.053,2770502.424
03,2025-03-03,瑞芳DC,DL10,KPD3801,1001020368,新莊研店,2025-03-03 06:20:00,3/3/2025 9:45:15 AM,3/3/2025 10:20:00 AM,360073.962,2770265.899
03,2025-03-03,瑞芳DC,DL11,KPD3801,1001022562,富康店,2025-03-03 06:20:00,3/3/2025 9:55:12 AM,3/3/2025 10:30:00 AM,359648.525,2771656.842
03,2025-03-03,瑞芳DC,DL12,KPD3801,1001024141,汐止力行店,2025-03-03 06:20:00,3/3/2025 9:55:12 AM,3/3/2025 10:40:00 AM,359694.885,2771578.569
03,2025-03-03,瑞芳DC,DL13,KPD3801,1001020924,汐止橫科店,2025-03-03 06:20:00,3/3/2025 10:16:40 AM,3/3/2025 10:50:00 AM,359867.032,2771266.72
03,2025-03-03,瑞芳DC,DLDC,KPD3801,3001888888,瑞芳ＤＣ,2025-03-03 06:20:00,3/3/2025 10:52:46 AM,3/3/2025 11:15:00 AM,375487.619,2777331.953
03,2025-03-03,瑞芳DC,GLDC,KPD3801,S3001888888,瑞芳ＤＣ,2025-03-03 11:00:00,3/3/2025 11:43:58 AM,,375487.619,2777331.953
03,2025-03-03,瑞芳DC,GL01,KPD3801,1001024040,大森店,2025-03-03 11:00:00,3/3/2025 12:49:48 PM,3/3/2025 1:30:00 PM,351469.953,2769777.842
03,2025-03-03,瑞芳DC,GL02,KPD3801,1001018052,興南店,2025-03-03 11:00:00,3/3/2025 1:01:01 PM,3/3/2025 1:40:00 PM,352204.549,2769621.491
03,2025-03-03,瑞芳DC,GL03,KPD3801,1001015818,興和店,2025-03-03 11:00:00,3/3/2025 1:11:31 PM,3/3/2025 1:50:00 PM,352243.073,2769110.59
03,2025-03-03,瑞芳DC,GL05,KPD3801,1001022593,義興店,2025-03-03 11:00:00,3/3/2025 1:01:01 PM,3/3/2025 2:00:00 PM,352286.322,2769692.886
03,2025-03-03,瑞芳DC,GL06,KPD3801,1001024734,復豐店,2025-03-03 11:00:00,3/3/2025 1:29:47 PM,3/3/2025 2:10:00 PM,352283.176,2769749.399
03,2025-03-03,瑞芳DC,GL07,KPD3801,1001022950,懷生店,2025-03-03 11:00:00,3/3/2025 1:39:00 PM,3/3/2025 2:20:00 PM,352283.176,2769749.399
03,2025-03-03,瑞芳DC,GL08,KPD3801,1001019760,正興店,2025-03-03 11:00:00,3/3/2025 1:52:24 PM,3/3/2025 2:30:00 PM,351991.937,2770553.905
03,2025-03-03,瑞芳DC,GL09,KPD3801,1001021455,濟南二店,2025-03-03 11:00:00,3/3/2025 2:03:34 PM,3/3/2025 2:40:00 PM,351234.804,2770454.567
03,2025-03-03,瑞芳DC,GL10,KPD3801,1001019674,新北科店,2025-03-03 11:00:00,3/3/2025 2:11:06 PM,3/3/2025 2:50:00 PM,351196.72,2770866.909
03,2025-03-03,瑞芳DC,GL11,KPD3801,1001024308,北科店,2025-03-03 11:00:00,3/3/2025 2:29:00 PM,3/3/2025 3:00:00 PM,351651.361,2770806.472
03,2025-03-03,瑞芳DC,GL12,KPD3801,1001018581,昌隆店,2025-03-03 11:00:00,3/3/2025 2:44:24 PM,3/3/2025 3:10:00 PM,351864.837,2770824.725
03,2025-03-03,瑞芳DC,GLDC,KPD3801,3001888888,瑞芳ＤＣ,2025-03-03 11:00:00,3/3/2025 3:31:04 PM,3/3/2025 4:11:00 PM,375487.619,2777331.953
03,2025-03-04,瑞芳DC,DTDC,KPD3801,S3001888888,瑞芳ＤＣ,2025-03-04 06:30:00,3/4/2025 7:14:39 AM,,375487.619,2777331.953
03,2025-03-04,瑞芳DC,DT01,KPD3801,1001021457,新店五豐店,2025-03-04 06:30:00,3/4/2025 7:50:17 AM,3/4/2025 8:45:00 AM,352216.273,2762644.677
03,2025-03-04,瑞芳DC,DT02,KPD3801,1001024191,新店鑫峰店,2025-03-04 06:30:00,3/4/2025 7:59:07 AM,3/4/2025 8:50:00 AM,351644.904,2761393.669
03,2025-03-04,瑞芳DC,DT04,KPD3801,1001022916,新店新寶橋店,2025-03-04 06:30:00,3/4/2025 8:15:24 AM,3/4/2025 9:05:00 AM,352287.474,2763191.535
03,2025-03-04,瑞芳DC,DT05,KPD3801,1001023399,新店新文強店,2025-03-04 06:30:00,3/4/2025 8:25:27 AM,3/4/2025 9:15:00 AM,352112.978,2763718.888
03,2025-03-04,瑞芳DC,DT10,KPD3801,1001023350,新店民佳店,2025-03-04 06:30:00,3/4/2025 8:43:08 AM,3/4/2025 9:50:00 AM,351629.265,2764115.747
03,2025-03-04,瑞芳DC,DT11,KPD3801,1001022995,新店慈濟店,2025-03-04 06:30:00,3/4/2025 8:51:26 AM,3/4/2025 9:55:00 AM,351388.155,2764442.647
03,2025-03-04,瑞芳DC,DT12,KPD3801,1001020494,新店大鵬店,2025-03-04 06:30:00,3/4/2025 9:17:54 AM,3/4/2025 10:15:00 AM,351232.121,2764941.549
03,2025-03-04,瑞芳DC,DT13,KPD3801,1001024130,新店鑫泉店,2025-03-04 06:30:00,3/4/2025 9:26:05 AM,3/4/2025 10:25:00 AM,350178.518,2763525.106
03,2025-03-04,瑞芳DC,DT14,KPD3801,1001024131,新店溪園店,2025-03-04 06:30:00,3/4/2025 9:26:05 AM,3/4/2025 10:30:00 AM,350146.381,2763692.036
03,2025-03-04,瑞芳DC,DT16,KPD3801,1001021233,新店公宅店,2025-03-04 06:30:00,3/4/2025 9:45:48 AM,3/4/2025 10:40:00 AM,350432.0,2764001.501
03,2025-03-04,瑞芳DC,DT17,KPD3801,1001023826,新北捷十四張店,2025-03-04 06:30:00,3/4/2025 9:55:46 AM,3/4/2025 10:45:00 AM,,
03,2025-03-04,瑞芳DC,DTDC,KPD3801,3001888888,瑞芳ＤＣ,2025-03-04 06:30:00,3/4/2025 10:47:38 AM,3/4/2025 11:25:00 AM,375487.619,2777331.953
03,2025-03-04,瑞芳DC,GTDC,KPD3801,S3001888888,瑞芳ＤＣ,2025-03-04 11:00:00,3/4/2025 11:50:39 AM,,375487.619,2777331.953
03,2025-03-04,瑞芳DC,GT01,KPD3801,1001022417,汐止興萬店,2025-03-04 11:00:00,3/4/2025 12:22:03 PM,3/4/2025 12:55:00 PM,362997.855,2774484.337
03,2025-03-04,瑞芳DC,GT03,KPD3801,1001019501,汐止祥雲店,2025-03-04 11:00:00,3/4/2025 12:40:07 PM,3/4/2025 1:05:00 PM,362604.246,2775807.436
03,2025-03-04,瑞芳DC,GT04,KPD3801,1001020718,汐止伯爵店,2025-03-04 11:00:00,3/4/2025 12:52:44 PM,3/4/2025 1:20:00 PM,361839.735,2774798.547
03,2025-03-04,瑞芳DC,GT05,KPD3801,1001018859,汐止日月光店,2025-03-04 11:00:00,3/4/2025 1:05:38 PM,3/4/2025 1:30:00 PM,361829.121,2774003.438
03,2025-03-04,瑞芳DC,GT06,KPD3801,1001023876,汐止新水蓮店,2025-03-04 11:00:00,3/4/2025 1:19:23 PM,3/4/2025 1:40:00 PM,361255.457,2774325.112
03,2025-03-04,瑞芳DC,GT07,KPD3801,1001024464,汐止湖前店,2025-03-04 11:00:00,3/4/2025 1:41:54 PM,3/4/2025 1:50:00 PM,361174.558,2773645.829
03,2025-03-04,瑞芳DC,GT08,KPD3801,1001024113,汐止東城店,2025-03-04 11:00:00,3/4/2025 1:44:53 PM,3/4/2025 1:55:00 PM,361138.617,2773526.57
03,2025-03-04,瑞芳DC,GT10,KPD3801,1001018893,康福店,2025-03-04 11:00:00,3/4/2025 1:54:21 PM,3/4/2025 2:05:00 PM,359864.893,2773616.193
03,2025-03-04,瑞芳DC,GT11,KPD3801,1001022617,湖東店,2025-03-04 11:00:00,3/4/2025 1:59:26 PM,3/4/2025 2:10:00 PM,359826.452,2773741.05
03,2025-03-04,瑞芳DC,GT12,KPD3801,1001020319,東安店,2025-03-04 11:00:00,3/4/2025 2:09:16 PM,3/4/2025 2:20:00 PM,359559.111,2773419.493
03,2025-03-04,瑞芳DC,GT13,KPD3801,1001019103,新東湖店,2025-03-04 11:00:00,3/4/2025 2:16:37 PM,3/4/2025 2:25:00 PM,359395.707,2773566.045
03,2025-03-04,瑞芳DC,GT14,KPD3801,1001020130,東茂店,2025-03-04 11:00:00,3/4/2025 2:20:43 PM,3/4/2025 2:30:00 PM,359241.295,2773692.869
03,2025-03-04,瑞芳DC,GT15,KPD3801,1001021293,湖洲店,2025-03-04 11:00:00,3/4/2025 2:29:27 PM,3/4/2025 2:40:00 PM,358866.572,2773686.596
03,2025-03-04,瑞芳DC,GTDC,KPD3801,3001888888,瑞芳ＤＣ,2025-03-04 11:00:00,3/4/2025 3:04:14 PM,3/4/2025 3:35:00 PM,375487.619,2777331.953
04,2025-03-04,瑞芳DC,103DC,KPD3801,S3001888888,瑞芳ＤＣ,2025-03-04 15:26:00,,,375487.619,2777331.953
04,2025-03-04,瑞芳DC,YI00,KPD3801,1001022899,基隆瑞發店,2025-03-04 15:26:00,3/4/2025 4:24:37 PM,3/4/2025 6:00:00 PM,373690.349,2776735.669
04,2025-03-04,瑞芳DC,YI01,KPD3801,1001024844,基隆吉市店,2025-03-04 15:26:00,3/4/2025 4:44:17 PM,3/4/2025 6:05:00 PM,373560.137,2775973.443
04,2025-03-04,瑞芳DC,YI02,KPD3801,1001023329,基隆暖錠店,2025-03-04 15:26:00,3/4/2025 4:54:19 PM,3/4/2025 6:10:00 PM,373259.22,2776672.275
04,2025-03-04,瑞芳DC,YI03,KPD3801,1001021132,基隆暖鑫店,2025-03-04 15:26:00,3/4/2025 5:03:33 PM,3/4/2025 6:15:00 PM,371808.319,2776074.75
04,2025-03-04,瑞芳DC,YI04,KPD3801,1001021336,基隆暖盛店,2025-03-04 15:26:00,3/4/2025 5:19:24 PM,3/4/2025 6:20:00 PM,371587.811,2776673.3
04,2025-03-04,瑞芳DC,YI05,KPD3801,1001021983,基隆暖東店,2025-03-04 15:26:00,3/4/2025 5:11:39 PM,3/4/2025 6:25:00 PM,371742.253,2776824.534
04,2025-03-04,瑞芳DC,YI06,KPD3801,1001023688,八堵車站店,2025-03-04 15:26:00,3/4/2025 5:30:24 PM,3/4/2025 6:30:00 PM,371023.007,2777790.096
04,2025-03-04,瑞芳DC,YI07,KPD3801,1001021672,基隆暖港店,2025-03-04 15:26:00,3/4/2025 5:38:22 PM,3/4/2025 6:35:00 PM,371509.865,2777994.555
04,2025-03-04,瑞芳DC,YI08,KPD3801,1001023062,基隆鑫樂富店,2025-03-04 15:26:00,3/4/2025 5:57:06 PM,3/4/2025 6:45:00 PM,369789.794,2779207.515
04,2025-03-04,瑞芳DC,YI09,KPD3801,1001021828,基隆龍騰店,2025-03-04 15:26:00,3/4/2025 6:05:48 PM,3/4/2025 6:50:00 PM,369965.414,2780124.947
04,2025-03-04,瑞芳DC,YI10,KPD3801,1001019962,基隆樂利店,2025-03-04 15:26:00,3/4/2025 6:17:03 PM,3/4/2025 6:55:00 PM,369379.943,2779852.206
04,2025-03-04,瑞芳DC,YI11,KPD3801,1001018585,基隆新樂群店,2025-03-04 15:26:00,3/4/2025 6:22:14 PM,3/4/2025 7:00:00 PM,369703.959,2779803.651
04,2025-03-04,瑞芳DC,YI12,KPD3801,1001016582,基隆金城店,2025-03-04 15:26:00,3/4/2025 6:32:43 PM,3/4/2025 7:05:00 PM,370245.064,2779307.816
04,2025-03-04,瑞芳DC,103DC,KPD3801,3001888888,瑞芳ＤＣ,2025-03-04 15:26:00,3/4/2025 6:57:38 PM,3/4/2025 8:36:00 PM,375487.619,2777331.953
12,2025-03-07,瑞芳DC,QCDC,KPD3801,S3001888888,瑞芳ＤＣ,2025-03-07 06:00:00,3/7/2025 7:08:05 AM,,375487.619,2777331.953
12,2025-03-07,瑞芳DC,QC01,KPD3801,1001022801,國立教育店,2025-03-07 06:00:00,3/7/2025 7:47:42 AM,3/7/2025 8:30:00 AM,352509.442,2768574.801
12,2025-03-07,瑞芳DC,QC02,KPD3801,1001021426,敦安店,2025-03-07 06:00:00,3/7/2025 8:04:30 AM,3/7/2025 8:40:00 AM,352915.317,2769742.703
12,2025-03-07,瑞芳DC,QC03,KPD3801,1001016909,和信店,2025-03-07 06:00:00,3/7/2025 8:11:07 AM,3/7/2025 8:45:00 AM,353106.189,2769754.085
12,2025-03-07,瑞芳DC,QC04,KPD3801,1001016838,光復南路店,2025-03-07 06:00:00,3/7/2025 8:37:42 AM,3/7/2025 8:50:00 AM,353691.926,2769865.632
12,2025-03-07,瑞芳DC,QC05,KPD3801,1001023044,忠孝光復店,2025-03-07 06:00:00,3/7/2025 8:50:22 AM,3/7/2025 9:00:00 AM,353530.085,2770524.594
12,2025-03-07,瑞芳DC,QC06,KPD3801,1001022463,國父紀念館店,2025-03-07 06:00:00,3/7/2025 8:57:02 AM,3/7/2025 9:05:00 AM,353625.778,2770310.738
12,2025-03-07,瑞芳DC,QC07,KPD3801,1001023299,光新店,2025-03-07 06:00:00,3/7/2025 9:05:05 AM,3/7/2025 9:10:00 AM,353618.408,2770012.249
12,2025-03-07,瑞芳DC,QC08,KPD3801,1001016473,國泰店,2025-03-07 06:00:00,3/7/2025 9:06:36 AM,3/7/2025 9:15:00 AM,353235.271,2770016.848
12,2025-03-07,瑞芳DC,QC09,KPD3801,1001018206,吉泰店,2025-03-07 06:00:00,3/7/2025 9:14:10 AM,3/7/2025 9:20:00 AM,353352.038,2770063.196
12,2025-03-07,瑞芳DC,QC10,KPD3801,1001021555,義和店,2025-03-07 06:00:00,3/7/2025 9:17:57 AM,3/7/2025 9:25:00 AM,353297.606,2769707.058
12,2025-03-07,瑞芳DC,QC11,KPD3801,1001020523,新貿店,2025-03-07 06:00:00,3/7/2025 9:26:55 AM,3/7/2025 9:30:00 AM,353773.176,2769652.851
12,2025-03-07,瑞芳DC,QC12,KPD3801,1001023830,南山廣場店,2025-03-07 06:00:00,3/7/2025 9:36:03 AM,3/7/2025 9:40:00 AM,354609.693,2769765.502
12,2025-03-07,瑞芳DC,QC13,KPD3801,1001015953,大道店,2025-03-07 06:00:00,3/7/2025 10:16:33 AM,3/7/2025 10:05:00 AM,356178.662,2770453.011
12,2025-03-07,瑞芳DC,QC14,KPD3801,1001024176,廣慈店,2025-03-07 06:00:00,3/7/2025 10:10:06 AM,3/7/2025 10:05:00 AM,,
12,2025-03-07,瑞芳DC,QC15,KPD3801,1001022592,新中坡店,2025-03-07 06:00:00,3/7/2025 10:21:19 AM,3/7/2025 10:20:00 AM,356428.07,2770435.016
12,2025-03-07,瑞芳DC,QC16,KPD3801,1001021889,協和店,2025-03-07 06:00:00,3/7/2025 10:29:57 AM,3/7/2025 10:25:00 AM,356254.178,2770680.117
12,2025-03-07,瑞芳DC,QC17,KPD3801,1001022958,新成鑫店,2025-03-07 06:00:00,3/7/2025 10:33:50 AM,3/7/2025 10:30:00 AM,356351.469,2770848.59
12,2025-03-07,瑞芳DC,QC18,KPD3801,1001024262,忠信店,2025-03-07 06:00:00,3/7/2025 10:43:26 AM,3/7/2025 10:35:00 AM,355453.529,2770499.437
12,2025-03-07,瑞芳DC,QC19,KPD3801,1001023114,厚雅店,2025-03-07 06:00:00,3/7/2025 10:49:03 AM,3/7/2025 10:40:00 AM,354771.066,2770729.386
12,2025-03-07,瑞芳DC,QC20,KPD3801,1001020276,永隆店,2025-03-07 06:00:00,3/7/2025 10:56:59 AM,3/7/2025 10:45:00 AM,354431.669,2770602.111
12,2025-03-07,瑞芳DC,QC21,KPD3801,1001020750,新忠隆店,2025-03-07 06:00:00,3/7/2025 11:00:04 AM,3/7/2025 10:50:00 AM,354622.236,2770581.384
12,2025-03-07,瑞芳DC,QC22,KPD3801,1001020400,聯合店,2025-03-07 06:00:00,3/7/2025 11:04:35 AM,3/7/2025 10:55:00 AM,354249.165,2770650.414
12,2025-03-07,瑞芳DC,QCDC,KPD3801,3001888888,瑞芳ＤＣ,2025-03-07 06:00:00,3/7/2025 11:49:39 AM,3/7/2025 11:33:00 AM,375487.619,2777331.953
03,2025-03-09,瑞芳DC,DLDC,KPD3801,S3001888888,瑞芳ＤＣ,2025-03-09 06:20:00,3/9/2025 7:14:40 AM,,375487.619,2777331.953
03,2025-03-09,瑞芳DC,DL02,KPD3801,1001020485,新湖店,2025-03-09 06:20:00,3/9/2025 7:36:09 AM,3/9/2025 8:50:00 AM,356192.905,2773120.817
03,2025-03-09,瑞芳DC,DL03,KPD3801,1001022211,行善公宅店,2025-03-09 06:20:00,3/9/2025 8:08:42 AM,3/9/2025 9:00:00 AM,356097.196,2772584.503
03,2025-03-09,瑞芳DC,DL04,KPD3801,1001022932,行善店,2025-03-09 06:20:00,3/9/2025 8:14:31 AM,3/9/2025 9:10:00 AM,356356.893,2772767.611
03,2025-03-09,瑞芳DC,DL05,KPD3801,1001022680,興華店,2025-03-09 06:20:00,3/9/2025 8:33:21 AM,3/9/2025 9:20:00 AM,358516.977,2772109.03
03,2025-03-09,瑞芳DC,DL06,KPD3801,1001015973,國興店,2025-03-09 06:20:00,3/9/2025 8:48:20 AM,3/9/2025 9:40:00 AM,359837.984,2770670.794
03,2025-03-09,瑞芳DC,DL07,KPD3801,1001021880,胡適店,2025-03-09 06:20:00,3/9/2025 8:53:45 AM,3/9/2025 9:50:00 AM,359766.303,2770586.98
03,2025-03-09,瑞芳DC,DL08,KPD3801,1001024003,舊莊店,2025-03-09 06:20:00,3/9/2025 9:03:12 AM,3/9/2025 10:00:00 AM,,
03,2025-03-09,瑞芳DC,DL09,KPD3801,1001024055,汐止鑫宜興店,2025-03-09 06:20:00,3/9/2025 9:10:46 AM,3/9/2025 10:10:00 AM,360091.053,2770502.424
03,2025-03-09,瑞芳DC,DL10,KPD3801,1001020368,新莊研店,2025-03-09 06:20:00,3/9/2025 9:17:42 AM,3/9/2025 10:20:00 AM,360073.962,2770265.899
03,2025-03-09,瑞芳DC,DL11,KPD3801,1001022562,富康店,2025-03-09 06:20:00,3/9/2025 9:31:23 AM,3/9/2025 10:30:00 AM,359648.525,2771656.842
03,2025-03-09,瑞芳DC,DL12,KPD3801,1001024141,汐止力行店,2025-03-09 06:20:00,3/9/2025 9:31:23 AM,3/9/2025 10:40:00 AM,359694.885,2771578.569
03,2025-03-09,瑞芳DC,DL13,KPD3801,1001020924,汐止橫科店,2025-03-09 06:20:00,3/9/2025 9:45:05 AM,3/9/2025 10:50:00 AM,359867.032,2771266.72
03,2025-03-09,瑞芳DC,DLDC,KPD3801,3001888888,瑞芳ＤＣ,2025-03-09 06:20:00,,3/9/2025 11:15:00 AM,375487.619,2777331.953
03,2025-03-09,瑞芳DC,GLDC,KPD3801,S3001888888,瑞芳ＤＣ,2025-03-09 11:00:00,3/9/2025 11:41:10 AM,,375487.619,2777331.953
03,2025-03-09,瑞芳DC,GL01,KPD3801,1001024040,大森店,2025-03-09 11:00:00,3/9/2025 12:37:06 PM,3/9/2025 1:30:00 PM,351469.953,2769777.842
03,2025-03-09,瑞芳DC,GL02,KPD3801,1001018052,興南店,2025-03-09 11:00:00,3/9/2025 12:48:49 PM,3/9/2025 1:40:00 PM,352204.549,2769621.491
03,2025-03-09,瑞芳DC,GL03,KPD3801,1001015818,興和店,2025-03-09 11:00:00,3/9/2025 12:57:42 PM,3/9/2025 1:50:00 PM,352243.073,2769110.59
03,2025-03-09,瑞芳DC,GL04,KPD3801,1001020399,義安店,2025-03-09 11:00:00,3/9/2025 1:07:14 PM,3/9/2025 1:50:00 PM,352631.846,2769633.57
03,2025-03-09,瑞芳DC,GL05,KPD3801,1001022593,義興店,2025-03-09 11:00:00,3/9/2025 12:48:49 PM,3/9/2025 2:00:00 PM,352286.322,2769692.886
03,2025-03-09,瑞芳DC,GL06,KPD3801,1001024734,復豐店,2025-03-09 11:00:00,3/9/2025 1:21:49 PM,3/9/2025 2:10:00 PM,352283.176,2769749.399
03,2025-03-09,瑞芳DC,GP06,KPD3801,1001023922,興忠店,2025-03-09 11:00:00,3/9/2025 1:38:58 PM,3/9/2025 2:05:00 PM,352222.571,2770379.988
03,2025-03-09,瑞芳DC,GL07,KPD3801,1001022950,懷生店,2025-03-09 11:00:00,3/9/2025 1:31:38 PM,3/9/2025 2:20:00 PM,352283.176,2769749.399
03,2025-03-09,瑞芳DC,GL08,KPD3801,1001019760,正興店,2025-03-09 11:00:00,3/9/2025 1:45:41 PM,3/9/2025 2:30:00 PM,351991.937,2770553.905
03,2025-03-09,瑞芳DC,GL09,KPD3801,1001021455,濟南二店,2025-03-09 11:00:00,3/9/2025 1:55:37 PM,3/9/2025 2:40:00 PM,351234.804,2770454.567
03,2025-03-09,瑞芳DC,GL10,KPD3801,1001019674,新北科店,2025-03-09 11:00:00,3/9/2025 2:03:30 PM,3/9/2025 2:50:00 PM,351196.72,2770866.909
03,2025-03-09,瑞芳DC,GL11,KPD3801,1001024308,北科店,2025-03-09 11:00:00,3/9/2025 2:16:54 PM,3/9/2025 3:00:00 PM,351651.361,2770806.472
03,2025-03-09,瑞芳DC,GL12,KPD3801,1001018581,昌隆店,2025-03-09 11:00:00,3/9/2025 2:40:03 PM,3/9/2025 3:10:00 PM,351864.837,2770824.725
03,2025-03-09,瑞芳DC,GLDC,KPD3801,3001888888,瑞芳ＤＣ,2025-03-09 11:00:00,3/9/2025 3:20:16 PM,3/9/2025 4:11:00 PM,375487.619,2777331.953
03,2025-03-10,瑞芳DC,DTDC,KPD3801,S3001888888,瑞芳ＤＣ,2025-03-10 06:30:00,3/10/2025 7:20:48 AM,,375487.619,2777331.953
03,2025-03-10,瑞芳DC,DT01,KPD3801,1001021457,新店五豐店,2025-03-10 06:30:00,3/10/2025 7:55:47 AM,3/10/2025 8:45:00 AM,352216.273,2762644.677
03,2025-03-10,瑞芳DC,DT02,KPD3801,1001024191,新店鑫峰店,2025-03-10 06:30:00,3/10/2025 8:08:10 AM,3/10/2025 8:50:00 AM,351644.904,2761393.669
03,2025-03-10,瑞芳DC,DT04,KPD3801,1001022916,新店新寶橋店,2025-03-10 06:30:00,3/10/2025 8:22:44 AM,3/10/2025 9:05:00 AM,352287.474,2763191.535
03,2025-03-10,瑞芳DC,DT05,KPD3801,1001023399,新店新文強店,2025-03-10 06:30:00,3/10/2025 8:33:02 AM,3/10/2025 9:15:00 AM,352112.978,2763718.888
03,2025-03-10,瑞芳DC,DT09,KPD3801,1001017775,新店寶中店,2025-03-10 06:30:00,3/10/2025 8:42:16 AM,3/10/2025 9:40:00 AM,352565.081,2763838.162
03,2025-03-10,瑞芳DC,DT10,KPD3801,1001023350,新店民佳店,2025-03-10 06:30:00,3/10/2025 8:55:41 AM,3/10/2025 9:50:00 AM,351629.265,2764115.747
03,2025-03-10,瑞芳DC,DT11,KPD3801,1001022995,新店慈濟店,2025-03-10 06:30:00,3/10/2025 9:03:04 AM,3/10/2025 9:55:00 AM,351388.155,2764442.647
03,2025-03-10,瑞芳DC,DT12,KPD3801,1001020494,新店大鵬店,2025-03-10 06:30:00,3/10/2025 9:32:20 AM,3/10/2025 10:15:00 AM,351232.121,2764941.549
03,2025-03-10,瑞芳DC,DT13,KPD3801,1001024130,新店鑫泉店,2025-03-10 06:30:00,3/10/2025 9:41:52 AM,3/10/2025 10:25:00 AM,350178.518,2763525.106
03,2025-03-10,瑞芳DC,DT14,KPD3801,1001024131,新店溪園店,2025-03-10 06:30:00,3/10/2025 9:41:52 AM,3/10/2025 10:30:00 AM,350146.381,2763692.036
03,2025-03-10,瑞芳DC,DT16,KPD3801,1001021233,新店公宅店,2025-03-10 06:30:00,3/10/2025 9:57:10 AM,3/10/2025 10:40:00 AM,350432.0,2764001.501
03,2025-03-10,瑞芳DC,DT17,KPD3801,1001023826,新北捷十四張店,2025-03-10 06:30:00,3/10/2025 10:07:27 AM,3/10/2025 10:45:00 AM,,
03,2025-03-10,瑞芳DC,DTDC,KPD3801,3001888888,瑞芳ＤＣ,2025-03-10 06:30:00,3/10/2025 11:08:47 AM,3/10/2025 11:25:00 AM,375487.619,2777331.953
03,2025-03-10,瑞芳DC,GTDC,KPD3801,S3001888888,瑞芳ＤＣ,2025-03-10 11:00:00,3/10/2025 12:04:48 PM,,375487.619,2777331.953
03,2025-03-10,瑞芳DC,GT01,KPD3801,1001022417,汐止興萬店,2025-03-10 11:00:00,3/10/2025 12:43:32 PM,3/10/2025 12:55:00 PM,362997.855,2774484.337
03,2025-03-10,瑞芳DC,GT03,KPD3801,1001019501,汐止祥雲店,2025-03-10 11:00:00,3/10/2025 1:21:10 PM,3/10/2025 1:05:00 PM,362604.246,2775807.436
03,2025-03-10,瑞芳DC,GT04,KPD3801,1001020718,汐止伯爵店,2025-03-10 11:00:00,3/10/2025 1:32:48 PM,3/10/2025 1:20:00 PM,361839.735,2774798.547
03,2025-03-10,瑞芳DC,GT05,KPD3801,1001018859,汐止日月光店,2025-03-10 11:00:00,3/10/2025 1:42:50 PM,3/10/2025 1:30:00 PM,361829.121,2774003.438
03,2025-03-10,瑞芳DC,GT06,KPD3801,1001023876,汐止新水蓮店,2025-03-10 11:00:00,3/10/2025 1:55:15 PM,3/10/2025 1:40:00 PM,361255.457,2774325.112
03,2025-03-10,瑞芳DC,GT07,KPD3801,1001024464,汐止湖前店,2025-03-10 11:00:00,3/10/2025 2:13:11 PM,3/10/2025 1:50:00 PM,361174.558,2773645.829
03,2025-03-10,瑞芳DC,GT08,KPD3801,1001024113,汐止東城店,2025-03-10 11:00:00,3/10/2025 2:14:29 PM,3/10/2025 1:55:00 PM,361138.617,2773526.57
03,2025-03-10,瑞芳DC,GT10,KPD3801,1001018893,康福店,2025-03-10 11:00:00,3/10/2025 2:24:35 PM,3/10/2025 2:05:00 PM,359864.893,2773616.193
03,2025-03-10,瑞芳DC,GT11,KPD3801,1001022617,湖東店,2025-03-10 11:00:00,3/10/2025 2:27:17 PM,3/10/2025 2:10:00 PM,359826.452,2773741.05
03,2025-03-10,瑞芳DC,GT12,KPD3801,1001020319,東安店,2025-03-10 11:00:00,3/10/2025 2:40:34 PM,3/10/2025 2:20:00 PM,359559.111,2773419.493
03,2025-03-10,瑞芳DC,GT13,KPD3801,1001019103,新東湖店,2025-03-10 11:00:00,3/10/2025 2:51:48 PM,3/10/2025 2:25:00 PM,359395.707,2773566.045
03,2025-03-10,瑞芳DC,GT14,KPD3801,1001020130,東茂店,2025-03-10 11:00:00,3/10/2025 2:57:31 PM,3/10/2025 2:30:00 PM,359241.295,2773692.869
03,2025-03-10,瑞芳DC,GT16,KPD3801,1001019598,護校店,2025-03-10 11:00:00,3/10/2025 3:10:48 PM,3/10/2025 2:50:00 PM,358933.83,2774270.102
03,2025-03-10,瑞芳DC,GTDC,KPD3801,3001888888,瑞芳ＤＣ,2025-03-10 11:00:00,3/10/2025 3:56:22 PM,3/10/2025 3:35:00 PM,375487.619,2777331.953
A4,2025-03-11,瑞芳DC,401DC,KPD3801,S3001888888,瑞芳ＤＣ,2025-03-11 18:58:00,3/11/2025 12:35:36 PM,,375487.619,2777331.953
A4,2025-03-11,瑞芳DC,90101,KPD3801,1006S01277,豆舖子,2025-03-11 18:58:00,3/11/2025 1:56:42 PM,3/11/2025 8:09:00 PM,,
A4,2025-03-11,瑞芳DC,90101,KPD3801,1006S01278,永圻享。鱸,2025-03-11 18:58:00,3/11/2025 1:56:42 PM,3/11/2025 8:29:00 PM,,
A4,2025-03-11,瑞芳DC,90101,KPD3801,1006S01266,Ｇｏｌｄｅｎ　Ｂｒｏｗｎ　布朗主廚,2025-03-11 18:58:00,3/11/2025 2:05:13 PM,3/11/2025 8:43:00 PM,,
A4,2025-03-11,瑞芳DC,90101,KPD3801,1006S00722,蔥阿伯,2025-03-11 18:58:00,3/11/2025 2:31:18 PM,3/11/2025 9:00:00 PM,,
A4,2025-03-11,瑞芳DC,90101,KPD3801,1006S00538,天食地栗有限公司,2025-03-11 18:58:00,3/11/2025 1:35:03 PM,3/11/2025 9:25:00 PM,,
A4,2025-03-11,瑞芳DC,90101,KPD3801,1006S00504,比湯姆美國冰淇淋,2025-03-11 18:58:00,3/11/2025 1:20:15 PM,3/11/2025 9:39:00 PM,,
A4,2025-03-11,瑞芳DC,401DC,KPD3801,3001888888,瑞芳ＤＣ,2025-03-11 18:58:00,3/11/2025 3:30:48 PM,3/11/2025 10:22:00 PM,375487.619,2777331.953
03,2025-03-12,瑞芳DC,DLDC,KPD3801,S3001888888,瑞芳ＤＣ,2025-03-12 06:20:00,3/12/2025 7:09:29 AM,,375487.619,2777331.953
03,2025-03-12,瑞芳DC,DL02,KPD3801,1001020485,新湖店,2025-03-12 06:20:00,3/12/2025 7:57:58 AM,3/12/2025 8:50:00 AM,356192.905,2773120.817
03,2025-03-12,瑞芳DC,DL03,KPD3801,1001022211,行善公宅店,2025-03-12 06:20:00,3/12/2025 8:12:16 AM,3/12/2025 9:00:00 AM,356097.196,2772584.503
03,2025-03-12,瑞芳DC,DL05,KPD3801,1001022680,興華店,2025-03-12 06:20:00,3/12/2025 8:33:46 AM,3/12/2025 9:20:00 AM,358516.977,2772109.03
03,2025-03-12,瑞芳DC,DL06,KPD3801,1001015973,國興店,2025-03-12 06:20:00,3/12/2025 8:57:05 AM,3/12/2025 9:40:00 AM,359837.984,2770670.794
03,2025-03-12,瑞芳DC,DL07,KPD3801,1001021880,胡適店,2025-03-12 06:20:00,3/12/2025 9:01:41 AM,3/12/2025 9:50:00 AM,359766.303,2770586.98
03,2025-03-12,瑞芳DC,DL08,KPD3801,1001024003,舊莊店,2025-03-12 06:20:00,3/12/2025 9:15:49 AM,3/12/2025 9:50:00 AM,,
03,2025-03-12,瑞芳DC,DL09,KPD3801,1001024055,汐止鑫宜興店,2025-03-12 06:20:00,3/12/2025 9:22:24 AM,3/12/2025 10:00:00 AM,360091.053,2770502.424
03,2025-03-12,瑞芳DC,DL10,KPD3801,1001020368,新莊研店,2025-03-12 06:20:00,3/12/2025 9:35:04 AM,3/12/2025 10:10:00 AM,360073.962,2770265.899
03,2025-03-12,瑞芳DC,DL11,KPD3801,1001022562,富康店,2025-03-12 06:20:00,3/12/2025 9:46:06 AM,3/12/2025 10:20:00 AM,359648.525,2771656.842
03,2025-03-12,瑞芳DC,DL12,KPD3801,1001024141,汐止力行店,2025-03-12 06:20:00,3/12/2025 9:46:06 AM,3/12/2025 10:30:00 AM,359694.885,2771578.569
03,2025-03-12,瑞芳DC,DL13,KPD3801,1001020924,汐止橫科店,2025-03-12 06:20:00,3/12/2025 9:57:18 AM,3/12/2025 10:40:00 AM,359867.032,2771266.72
03,2025-03-12,瑞芳DC,DK10,KPD3801,1001020039,汐止興中店,2025-03-12 06:20:00,3/12/2025 10:18:14 AM,3/12/2025 10:30:00 AM,361219.223,2773081.775
03,2025-03-12,瑞芳DC,DLDC,KPD3801,3001888888,瑞芳ＤＣ,2025-03-12 06:20:00,3/12/2025 10:51:53 AM,3/12/2025 11:05:00 AM,375487.619,2777331.953
03,2025-03-12,瑞芳DC,GLDC,KPD3801,S3001888888,瑞芳ＤＣ,2025-03-12 11:00:00,3/12/2025 11:45:59 AM,,375487.619,2777331.953
03,2025-03-12,瑞芳DC,GL01,KPD3801,1001024040,大森店,2025-03-12 11:00:00,3/12/2025 12:43:25 PM,3/12/2025 1:30:00 PM,351469.953,2769777.842
03,2025-03-12,瑞芳DC,GL02,KPD3801,1001018052,興南店,2025-03-12 11:00:00,3/12/2025 12:54:29 PM,3/12/2025 1:40:00 PM,352204.549,2769621.491
03,2025-03-12,瑞芳DC,GL03,KPD3801,1001015818,興和店,2025-03-12 11:00:00,3/12/2025 1:04:46 PM,3/12/2025 1:50:00 PM,352243.073,2769110.59
03,2025-03-12,瑞芳DC,GL04,KPD3801,1001020399,義安店,2025-03-12 11:00:00,3/12/2025 1:16:19 PM,3/12/2025 1:50:00 PM,352631.846,2769633.57
03,2025-03-12,瑞芳DC,GL06,KPD3801,1001024734,復豐店,2025-03-12 11:00:00,3/12/2025 1:30:02 PM,3/12/2025 2:10:00 PM,352283.176,2769749.399
03,2025-03-12,瑞芳DC,GL07,KPD3801,1001022950,懷生店,2025-03-12 11:00:00,3/12/2025 1:42:17 PM,3/12/2025 2:20:00 PM,352283.176,2769749.399
03,2025-03-12,瑞芳DC,GL08,KPD3801,1001019760,正興店,2025-03-12 11:00:00,3/12/2025 1:50:57 PM,3/12/2025 2:30:00 PM,351991.937,2770553.905
03,2025-03-12,瑞芳DC,GL09,KPD3801,1001021455,濟南二店,2025-03-12 11:00:00,3/12/2025 2:01:18 PM,3/12/2025 2:40:00 PM,351234.804,2770454.567
03,2025-03-12,瑞芳DC,GL10,KPD3801,1001019674,新北科店,2025-03-12 11:00:00,3/12/2025 2:13:55 PM,3/12/2025 2:50:00 PM,351196.72,2770866.909
03,2025-03-12,瑞芳DC,GL11,KPD3801,1001024308,北科店,2025-03-12 11:00:00,3/12/2025 2:31:09 PM,3/12/2025 3:00:00 PM,351651.361,2770806.472
03,2025-03-12,瑞芳DC,GL12,KPD3801,1001018581,昌隆店,2025-03-12 11:00:00,3/12/2025 3:01:13 PM,3/12/2025 3:10:00 PM,351864.837,2770824.725
03,2025-03-12,瑞芳DC,GLDC,KPD3801,3001888888,瑞芳ＤＣ,2025-03-12 11:00:00,3/12/2025 4:12:43 PM,3/12/2025 4:11:00 PM,375487.619,2777331.953
03,2025-03-13,瑞芳DC,DLDC,KPD3801,S3001888888,瑞芳ＤＣ,2025-03-13 06:20:00,3/13/2025 7:14:36 AM,,375487.619,2777331.953
03,2025-03-13,瑞芳DC,DL02,KPD3801,1001020485,新湖店,2025-03-13 06:20:00,3/13/2025 8:02:02 AM,3/13/2025 8:50:00 AM,356192.905,2773120.817
03,2025-03-13,瑞芳DC,DL03,KPD3801,1001022211,行善公宅店,2025-03-13 06:20:00,3/13/2025 8:15:30 AM,3/13/2025 9:00:00 AM,356097.196,2772584.503
03,2025-03-13,瑞芳DC,DL05,KPD3801,1001022680,興華店,2025-03-13 06:20:00,3/13/2025 8:41:50 AM,3/13/2025 9:20:00 AM,358516.977,2772109.03
03,2025-03-13,瑞芳DC,DZ10,KPD3801,1001019031,中研店,2025-03-13 06:20:00,3/13/2025 8:57:25 AM,3/13/2025 10:50:00 AM,359343.914,2771189.961
03,2025-03-13,瑞芳DC,DL06,KPD3801,1001015973,國興店,2025-03-13 06:20:00,3/13/2025 9:06:15 AM,3/13/2025 9:40:00 AM,359837.984,2770670.794
03,2025-03-13,瑞芳DC,DL07,KPD3801,1001021880,胡適店,2025-03-13 06:20:00,3/13/2025 9:12:21 AM,3/13/2025 9:50:00 AM,359766.303,2770586.98
03,2025-03-13,瑞芳DC,DL08,KPD3801,1001024003,舊莊店,2025-03-13 06:20:00,3/13/2025 9:18:17 AM,3/13/2025 9:50:00 AM,,
03,2025-03-13,瑞芳DC,DL09,KPD3801,1001024055,汐止鑫宜興店,2025-03-13 06:20:00,3/13/2025 9:24:28 AM,3/13/2025 10:00:00 AM,360091.053,2770502.424
03,2025-03-13,瑞芳DC,DL10,KPD3801,1001020368,新莊研店,2025-03-13 06:20:00,3/13/2025 9:37:17 AM,3/13/2025 10:10:00 AM,360073.962,2770265.899
03,2025-03-13,瑞芳DC,DL11,KPD3801,1001022562,富康店,2025-03-13 06:20:00,3/13/2025 9:52:37 AM,3/13/2025 10:20:00 AM,359648.525,2771656.842
03,2025-03-13,瑞芳DC,DL12,KPD3801,1001024141,汐止力行店,2025-03-13 06:20:00,3/13/2025 9:52:37 AM,3/13/2025 10:30:00 AM,359694.885,2771578.569
03,2025-03-13,瑞芳DC,DL13,KPD3801,1001020924,汐止橫科店,2025-03-13 06:20:00,3/13/2025 10:04:42 AM,3/13/2025 10:40:00 AM,359867.032,2771266.72
03,2025-03-13,瑞芳DC,DLDC,KPD3801,3001888888,瑞芳ＤＣ,2025-03-13 06:20:00,3/13/2025 10:36:49 AM,3/13/2025 11:05:00 AM,375487.619,2777331.953
03,2025-03-13,瑞芳DC,GLDC,KPD3801,S3001888888,瑞芳ＤＣ,2025-03-13 11:00:00,3/13/2025 11:25:06 AM,,375487.619,2777331.953
03,2025-03-13,瑞芳DC,GL01,KPD3801,1001024040,大森店,2025-03-13 11:00:00,3/13/2025 12:47:37 PM,3/13/2025 1:30:00 PM,351469.953,2769777.842
03,2025-03-13,瑞芳DC,GL02,KPD3801,1001018052,興南店,2025-03-13 11:00:00,3/13/2025 1:01:11 PM,3/13/2025 1:40:00 PM,352204.549,2769621.491
03,2025-03-13,瑞芳DC,GL03,KPD3801,1001015818,興和店,2025-03-13 11:00:00,3/13/2025 1:10:11 PM,3/13/2025 1:50:00 PM,352243.073,2769110.59
03,2025-03-13,瑞芳DC,GL05,KPD3801,1001022593,義興店,2025-03-13 11:00:00,3/13/2025 1:01:11 PM,3/13/2025 2:00:00 PM,352286.322,2769692.886
03,2025-03-13,瑞芳DC,GL06,KPD3801,1001024734,復豐店,2025-03-13 11:00:00,3/13/2025 1:31:58 PM,3/13/2025 2:10:00 PM,352283.176,2769749.399
03,2025-03-13,瑞芳DC,GL07,KPD3801,1001022950,懷生店,2025-03-13 11:00:00,3/13/2025 1:46:03 PM,3/13/2025 2:20:00 PM,352283.176,2769749.399
03,2025-03-13,瑞芳DC,GL08,KPD3801,1001019760,正興店,2025-03-13 11:00:00,3/13/2025 1:53:48 PM,3/13/2025 2:30:00 PM,351991.937,2770553.905
03,2025-03-13,瑞芳DC,GL09,KPD3801,1001021455,濟南二店,2025-03-13 11:00:00,3/13/2025 2:03:30 PM,3/13/2025 2:40:00 PM,351234.804,2770454.567
03,2025-03-13,瑞芳DC,GL10,KPD3801,1001019674,新北科店,2025-03-13 11:00:00,3/13/2025 2:13:58 PM,3/13/2025 2:50:00 PM,351196.72,2770866.909
03,2025-03-13,瑞芳DC,GL11,KPD3801,1001024308,北科店,2025-03-13 11:00:00,3/13/2025 2:28:52 PM,3/13/2025 3:00:00 PM,351651.361,2770806.472
03,2025-03-13,瑞芳DC,GL12,KPD3801,1001018581,昌隆店,2025-03-13 11:00:00,3/13/2025 2:47:45 PM,3/13/2025 3:10:00 PM,351864.837,2770824.725
03,2025-03-13,瑞芳DC,GLDC,KPD3801,3001888888,瑞芳ＤＣ,2025-03-13 11:00:00,3/13/2025 3:31:38 PM,3/13/2025 4:11:00 PM,375487.619,2777331.953
12,2025-03-16,瑞芳DC,QCDC,KPD3801,S3001888888,瑞芳ＤＣ,2025-03-16 06:00:00,3/16/2025 7:14:09 AM,,375487.619,2777331.953
12,2025-03-16,瑞芳DC,QC01,KPD3801,1001022801,國立教育店,2025-03-16 06:00:00,3/16/2025 7:40:52 AM,3/16/2025 8:50:00 AM,352509.442,2768574.801
12,2025-03-16,瑞芳DC,QC02,KPD3801,1001021426,敦安店,2025-03-16 06:00:00,3/16/2025 7:55:16 AM,3/16/2025 9:00:00 AM,352915.317,2769742.703
12,2025-03-16,瑞芳DC,QC03,KPD3801,1001016909,和信店,2025-03-16 06:00:00,3/16/2025 7:58:58 AM,3/16/2025 9:05:00 AM,353106.189,2769754.085
12,2025-03-16,瑞芳DC,QC04,KPD3801,1001016838,光復南路店,2025-03-16 06:00:00,3/16/2025 8:05:54 AM,3/16/2025 9:10:00 AM,353691.926,2769865.632
12,2025-03-16,瑞芳DC,QC05,KPD3801,1001023044,忠孝光復店,2025-03-16 06:00:00,3/16/2025 8:12:50 AM,3/16/2025 9:20:00 AM,353530.085,2770524.594
12,2025-03-16,瑞芳DC,QC06,KPD3801,1001022463,國父紀念館店,2025-03-16 06:00:00,3/16/2025 8:20:15 AM,3/16/2025 9:25:00 AM,353625.778,2770310.738
12,2025-03-16,瑞芳DC,QC07,KPD3801,1001023299,光新店,2025-03-16 06:00:00,3/16/2025 8:24:23 AM,3/16/2025 9:30:00 AM,353618.408,2770012.249
12,2025-03-16,瑞芳DC,QC08,KPD3801,1001016473,國泰店,2025-03-16 06:00:00,3/16/2025 8:27:45 AM,3/16/2025 9:35:00 AM,353235.271,2770016.848
12,2025-03-16,瑞芳DC,QC09,KPD3801,1001018206,吉泰店,2025-03-16 06:00:00,3/16/2025 8:33:35 AM,3/16/2025 9:40:00 AM,353352.038,2770063.196
12,2025-03-16,瑞芳DC,QC10,KPD3801,1001021555,義和店,2025-03-16 06:00:00,3/16/2025 8:39:13 AM,3/16/2025 9:45:00 AM,353297.606,2769707.058
12,2025-03-16,瑞芳DC,QC11,KPD3801,1001020523,新貿店,2025-03-16 06:00:00,3/16/2025 8:51:01 AM,3/16/2025 9:50:00 AM,353773.176,2769652.851
12,2025-03-16,瑞芳DC,QC12,KPD3801,1001023830,南山廣場店,2025-03-16 06:00:00,,3/16/2025 10:00:00 AM,354609.693,2769765.502
12,2025-03-16,瑞芳DC,QC13,KPD3801,1001015953,大道店,2025-03-16 06:00:00,3/16/2025 9:17:02 AM,3/16/2025 10:25:00 AM,356178.662,2770453.011
12,2025-03-16,瑞芳DC,QC14,KPD3801,1001024176,廣慈店,2025-03-16 06:00:00,3/16/2025 9:11:57 AM,3/16/2025 10:25:00 AM,,
12,2025-03-16,瑞芳DC,QC15,KPD3801,1001022592,新中坡店,2025-03-16 06:00:00,3/16/2025 9:22:46 AM,3/16/2025 10:40:00 AM,356428.07,2770435.016
12,2025-03-16,瑞芳DC,QC16,KPD3801,1001021889,協和店,2025-03-16 06:00:00,3/16/2025 9:47:10 AM,3/16/2025 10:45:00 AM,356254.178,2770680.117
12,2025-03-16,瑞芳DC,QC17,KPD3801,1001022958,新成鑫店,2025-03-16 06:00:00,3/16/2025 9:51:27 AM,3/16/2025 10:50:00 AM,356351.469,2770848.59
12,2025-03-16,瑞芳DC,QC18,KPD3801,1001024262,忠信店,2025-03-16 06:00:00,3/16/2025 10:08:34 AM,3/16/2025 10:55:00 AM,355453.529,2770499.437
12,2025-03-16,瑞芳DC,QC19,KPD3801,1001023114,厚雅店,2025-03-16 06:00:00,3/16/2025 10:19:09 AM,3/16/2025 11:00:00 AM,354771.066,2770729.386
12,2025-03-16,瑞芳DC,QC20,KPD3801,1001020276,永隆店,2025-03-16 06:00:00,3/16/2025 10:26:08 AM,3/16/2025 11:05:00 AM,354431.669,2770602.111
12,2025-03-16,瑞芳DC,QC21,KPD3801,1001020750,新忠隆店,2025-03-16 06:00:00,3/16/2025 10:29:32 AM,3/16/2025 11:10:00 AM,354622.236,2770581.384
12,2025-03-16,瑞芳DC,QC22,KPD3801,1001020400,聯合店,2025-03-16 06:00:00,3/16/2025 10:34:36 AM,3/16/2025 11:15:00 AM,354249.165,2770650.414
12,2025-03-16,瑞芳DC,QCDC,KPD3801,3001888888,瑞芳ＤＣ,2025-03-16 06:00:00,,3/16/2025 11:49:00 AM,375487.619,2777331.953
12,2025-03-16,瑞芳DC,SCDC,KPD3801,S3001888888,瑞芳ＤＣ,2025-03-16 10:30:00,3/16/2025 11:59:09 AM,,375487.619,2777331.953
12,2025-03-16,瑞芳DC,SC01,KPD3801,1001021611,建南店,2025-03-16 10:30:00,3/16/2025 12:25:30 PM,3/16/2025 2:00:00 PM,351556.26,2770550.268
12,2025-03-16,瑞芳DC,SC02,KPD3801,1001021455,濟南二店,2025-03-16 10:30:00,3/16/2025 12:59:34 PM,3/16/2025 2:05:00 PM,351234.804,2770454.567
12,2025-03-16,瑞芳DC,SC03,KPD3801,1001019674,新北科店,2025-03-16 10:30:00,3/16/2025 1:05:40 PM,3/16/2025 2:10:00 PM,351196.72,2770866.909
12,2025-03-16,瑞芳DC,SC04,KPD3801,1001024308,北科店,2025-03-16 10:30:00,3/16/2025 1:17:05 PM,3/16/2025 2:20:00 PM,351651.361,2770806.472
12,2025-03-16,瑞芳DC,SC05,KPD3801,1001018581,昌隆店,2025-03-16 10:30:00,3/16/2025 1:25:55 PM,3/16/2025 2:25:00 PM,351864.837,2770824.725
12,2025-03-16,瑞芳DC,SC06,KPD3801,1001022950,懷生店,2025-03-16 10:30:00,3/16/2025 1:28:34 PM,3/16/2025 2:30:00 PM,352283.176,2769749.399
12,2025-03-16,瑞芳DC,SC07,KPD3801,1001023922,興忠店,2025-03-16 10:30:00,3/16/2025 1:33:01 PM,3/16/2025 2:35:00 PM,352222.571,2770379.988
12,2025-03-16,瑞芳DC,SC08,KPD3801,1001024255,興仁店,2025-03-16 10:30:00,3/16/2025 1:33:01 PM,3/16/2025 2:35:00 PM,352273.658,2770310.254
12,2025-03-16,瑞芳DC,SC09,KPD3801,1001019760,正興店,2025-03-16 10:30:00,3/16/2025 1:50:39 PM,3/16/2025 2:50:00 PM,351991.937,2770553.905
12,2025-03-16,瑞芳DC,SC10,KPD3801,1001022634,金信店,2025-03-16 10:30:00,3/16/2025 2:07:46 PM,3/16/2025 3:00:00 PM,350610.448,2769744.952
12,2025-03-16,瑞芳DC,SC11,KPD3801,1001022941,新生南路店,2025-03-16 10:30:00,3/16/2025 2:16:28 PM,3/16/2025 3:10:00 PM,351160.973,2769794.003
12,2025-03-16,瑞芳DC,SC12,KPD3801,1001024040,大森店,2025-03-16 10:30:00,3/16/2025 2:19:34 PM,3/16/2025 3:15:00 PM,351469.953,2769777.842
12,2025-03-16,瑞芳DC,SC13,KPD3801,1001014695,信美店,2025-03-16 10:30:00,3/16/2025 2:30:32 PM,3/16/2025 3:20:00 PM,351794.203,2769640.301
12,2025-03-16,瑞芳DC,SC14,KPD3801,1001022593,義興店,2025-03-16 10:30:00,3/16/2025 2:35:29 PM,3/16/2025 3:25:00 PM,352286.322,2769692.886
12,2025-03-16,瑞芳DC,SC15,KPD3801,1001024734,復豐店,2025-03-16 10:30:00,3/16/2025 2:41:34 PM,3/16/2025 3:30:00 PM,352283.176,2769749.399
12,2025-03-16,瑞芳DC,SC16,KPD3801,1001021762,復豪店,2025-03-16 10:30:00,3/16/2025 2:46:41 PM,3/16/2025 3:35:00 PM,352203.26,2769881.517
12,2025-03-16,瑞芳DC,SC17,KPD3801,1001018052,興南店,2025-03-16 10:30:00,3/16/2025 2:35:29 PM,3/16/2025 3:40:00 PM,352204.549,2769621.491
12,2025-03-16,瑞芳DC,SC18,KPD3801,1001022101,建國店,2025-03-16 10:30:00,3/16/2025 2:53:51 PM,3/16/2025 3:45:00 PM,351784.629,2769158.849
12,2025-03-16,瑞芳DC,SC19,KPD3801,1001023184,瑞和店,2025-03-16 10:30:00,3/16/2025 2:56:25 PM,3/16/2025 3:50:00 PM,352028.091,2768917.38
12,2025-03-16,瑞芳DC,SC20,KPD3801,1001015818,興和店,2025-03-16 10:30:00,3/16/2025 3:04:01 PM,3/16/2025 4:00:00 PM,352243.073,2769110.59
12,2025-03-16,瑞芳DC,SC21,KPD3801,1001020399,義安店,2025-03-16 10:30:00,3/16/2025 3:09:41 PM,3/16/2025 4:05:00 PM,352631.846,2769633.57
12,2025-03-16,瑞芳DC,SCDC,KPD3801,3001888888,瑞芳ＤＣ,2025-03-16 10:30:00,3/16/2025 3:53:19 PM,3/16/2025 4:47:00 PM,375487.619,2777331.953
12,2025-03-17,瑞芳DC,QCDC,KPD3801,S3001888888,瑞芳ＤＣ,2025-03-17 06:00:00,3/17/2025 7:12:50 AM,,375487.619,2777331.953
12,2025-03-17,瑞芳DC,QC01,KPD3801,1001022801,國立教育店,2025-03-17 06:00:00,3/17/2025 7:56:33 AM,3/17/2025 8:50:00 AM,352509.442,2768574.801
12,2025-03-17,瑞芳DC,QC02,KPD3801,1001021426,敦安店,2025-03-17 06:00:00,3/17/2025 8:34:25 AM,3/17/2025 9:00:00 AM,352915.317,2769742.703
12,2025-03-17,瑞芳DC,QC03,KPD3801,1001016909,和信店,2025-03-17 06:00:00,3/17/2025 8:39:47 AM,3/17/2025 9:05:00 AM,353106.189,2769754.085
12,2025-03-17,瑞芳DC,QC04,KPD3801,1001016838,光復南路店,2025-03-17 06:00:00,3/17/2025 8:50:41 AM,3/17/2025 9:10:00 AM,353691.926,2769865.632
12,2025-03-17,瑞芳DC,QC05,KPD3801,1001023044,忠孝光復店,2025-03-17 06:00:00,3/17/2025 9:00:15 AM,3/17/2025 9:20:00 AM,353530.085,2770524.594
12,2025-03-17,瑞芳DC,QC06,KPD3801,1001022463,國父紀念館店,2025-03-17 06:00:00,3/17/2025 9:07:01 AM,3/17/2025 9:25:00 AM,353625.778,2770310.738
12,2025-03-17,瑞芳DC,QC07,KPD3801,1001023299,光新店,2025-03-17 06:00:00,3/17/2025 9:15:27 AM,3/17/2025 9:30:00 AM,353618.408,2770012.249
12,2025-03-17,瑞芳DC,QC08,KPD3801,1001016473,國泰店,2025-03-17 06:00:00,3/17/2025 9:21:48 AM,3/17/2025 9:35:00 AM,353235.271,2770016.848
12,2025-03-17,瑞芳DC,QC09,KPD3801,1001018206,吉泰店,2025-03-17 06:00:00,3/17/2025 9:30:08 AM,3/17/2025 9:40:00 AM,353352.038,2770063.196
12,2025-03-17,瑞芳DC,QC10,KPD3801,1001021555,義和店,2025-03-17 06:00:00,3/17/2025 9:34:31 AM,3/17/2025 9:45:00 AM,353297.606,2769707.058
12,2025-03-17,瑞芳DC,QC11,KPD3801,1001020523,新貿店,2025-03-17 06:00:00,3/17/2025 9:47:05 AM,3/17/2025 9:50:00 AM,353773.176,2769652.851
12,2025-03-17,瑞芳DC,QC12,KPD3801,1001023830,南山廣場店,2025-03-17 06:00:00,3/17/2025 10:04:33 AM,3/17/2025 10:00:00 AM,354609.693,2769765.502
12,2025-03-17,瑞芳DC,QC13,KPD3801,1001015953,大道店,2025-03-17 06:00:00,3/17/2025 10:46:46 AM,3/17/2025 10:25:00 AM,356178.662,2770453.011
12,2025-03-17,瑞芳DC,QC14,KPD3801,1001024176,廣慈店,2025-03-17 06:00:00,3/17/2025 10:37:15 AM,3/17/2025 10:25:00 AM,,
12,2025-03-17,瑞芳DC,QC15,KPD3801,1001022592,新中坡店,2025-03-17 06:00:00,3/17/2025 10:52:41 AM,3/17/2025 10:40:00 AM,356428.07,2770435.016
12,2025-03-17,瑞芳DC,QC16,KPD3801,1001021889,協和店,2025-03-17 06:00:00,3/17/2025 10:56:23 AM,3/17/2025 10:45:00 AM,356254.178,2770680.117
12,2025-03-17,瑞芳DC,QC17,KPD3801,1001022958,新成鑫店,2025-03-17 06:00:00,3/17/2025 11:08:05 AM,3/17/2025 10:50:00 AM,356351.469,2770848.59
12,2025-03-17,瑞芳DC,QC18,KPD3801,1001024262,忠信店,2025-03-17 06:00:00,3/17/2025 11:21:02 AM,3/17/2025 10:55:00 AM,355453.529,2770499.437
12,2025-03-17,瑞芳DC,QC19,KPD3801,1001023114,厚雅店,2025-03-17 06:00:00,3/17/2025 11:29:38 AM,3/17/2025 11:00:00 AM,354771.066,2770729.386
12,2025-03-17,瑞芳DC,QC20,KPD3801,1001020276,永隆店,2025-03-17 06:00:00,3/17/2025 11:34:47 AM,3/17/2025 11:05:00 AM,354431.669,2770602.111
12,2025-03-17,瑞芳DC,QC21,KPD3801,1001020750,新忠隆店,2025-03-17 06:00:00,3/17/2025 11:39:07 AM,3/17/2025 11:10:00 AM,354622.236,2770581.384
12,2025-03-17,瑞芳DC,QC22,KPD3801,1001020400,聯合店,2025-03-17 06:00:00,3/17/2025 11:45:43 AM,3/17/2025 11:15:00 AM,354249.165,2770650.414
12,2025-03-17,瑞芳DC,QCDC,KPD3801,3001888888,瑞芳ＤＣ,2025-03-17 06:00:00,,3/17/2025 11:49:00 AM,375487.619,2777331.953
12,2025-03-17,瑞芳DC,SCDC,KPD3801,S3001888888,瑞芳ＤＣ,2025-03-17 10:30:00,3/17/2025 1:41:20 PM,,375487.619,2777331.953
12,2025-03-17,瑞芳DC,SC01,KPD3801,1001021611,建南店,2025-03-17 10:30:00,3/17/2025 2:13:27 PM,3/17/2025 2:00:00 PM,351556.26,2770550.268
12,2025-03-17,瑞芳DC,SC02,KPD3801,1001021455,濟南二店,2025-03-17 10:30:00,3/17/2025 2:33:37 PM,3/17/2025 2:05:00 PM,351234.804,2770454.567
12,2025-03-17,瑞芳DC,SC03,KPD3801,1001019674,新北科店,2025-03-17 10:30:00,3/17/2025 2:38:38 PM,3/17/2025 2:10:00 PM,351196.72,2770866.909
12,2025-03-17,瑞芳DC,SC04,KPD3801,1001024308,北科店,2025-03-17 10:30:00,3/17/2025 2:48:38 PM,3/17/2025 2:20:00 PM,351651.361,2770806.472
12,2025-03-17,瑞芳DC,SC05,KPD3801,1001018581,昌隆店,2025-03-17 10:30:00,3/17/2025 2:57:20 PM,3/17/2025 2:25:00 PM,351864.837,2770824.725
12,2025-03-17,瑞芳DC,SC06,KPD3801,1001022950,懷生店,2025-03-17 10:30:00,3/17/2025 3:01:59 PM,3/17/2025 2:30:00 PM,352283.176,2769749.399
12,2025-03-17,瑞芳DC,SC07,KPD3801,1001023922,興忠店,2025-03-17 10:30:00,3/17/2025 3:06:31 PM,3/17/2025 2:35:00 PM,352222.571,2770379.988
12,2025-03-17,瑞芳DC,SC08,KPD3801,1001024255,興仁店,2025-03-17 10:30:00,3/17/2025 3:06:31 PM,3/17/2025 2:35:00 PM,352273.658,2770310.254
12,2025-03-17,瑞芳DC,SC09,KPD3801,1001019760,正興店,2025-03-17 10:30:00,3/17/2025 3:17:14 PM,3/17/2025 2:50:00 PM,351991.937,2770553.905
12,2025-03-17,瑞芳DC,SC10,KPD3801,1001022634,金信店,2025-03-17 10:30:00,3/17/2025 3:30:03 PM,3/17/2025 3:00:00 PM,350610.448,2769744.952
12,2025-03-17,瑞芳DC,SC11,KPD3801,1001022941,新生南路店,2025-03-17 10:30:00,3/17/2025 3:41:07 PM,3/17/2025 3:10:00 PM,351160.973,2769794.003
12,2025-03-17,瑞芳DC,SC12,KPD3801,1001024040,大森店,2025-03-17 10:30:00,3/17/2025 3:45:05 PM,3/17/2025 3:15:00 PM,351469.953,2769777.842
12,2025-03-17,瑞芳DC,SC13,KPD3801,1001014695,信美店,2025-03-17 10:30:00,3/17/2025 3:53:09 PM,3/17/2025 3:20:00 PM,351794.203,2769640.301
12,2025-03-17,瑞芳DC,SC14,KPD3801,1001022593,義興店,2025-03-17 10:30:00,3/17/2025 3:57:21 PM,3/17/2025 3:25:00 PM,352286.322,2769692.886
12,2025-03-17,瑞芳DC,SC15,KPD3801,1001024734,復豐店,2025-03-17 10:30:00,3/17/2025 4:01:54 PM,3/17/2025 3:30:00 PM,352283.176,2769749.399
12,2025-03-17,瑞芳DC,SC16,KPD3801,1001021762,復豪店,2025-03-17 10:30:00,3/17/2025 4:15:08 PM,3/17/2025 3:35:00 PM,352203.26,2769881.517
12,2025-03-17,瑞芳DC,SC17,KPD3801,1001018052,興南店,2025-03-17 10:30:00,3/17/2025 3:57:21 PM,3/17/2025 3:40:00 PM,352204.549,2769621.491
12,2025-03-17,瑞芳DC,SC18,KPD3801,1001022101,建國店,2025-03-17 10:30:00,3/17/2025 4:28:56 PM,3/17/2025 3:45:00 PM,351784.629,2769158.849
12,2025-03-17,瑞芳DC,SC19,KPD3801,1001023184,瑞和店,2025-03-17 10:30:00,3/17/2025 4:35:05 PM,3/17/2025 3:50:00 PM,352028.091,2768917.38
12,2025-03-17,瑞芳DC,SC20,KPD3801,1001015818,興和店,2025-03-17 10:30:00,3/17/2025 4:42:18 PM,3/17/2025 4:00:00 PM,352243.073,2769110.59
12,2025-03-17,瑞芳DC,SC21,KPD3801,1001020399,義安店,2025-03-17 10:30:00,3/17/2025 4:53:01 PM,3/17/2025 4:05:00 PM,352631.846,2769633.57
12,2025-03-17,瑞芳DC,SCDC,KPD3801,3001888888,瑞芳ＤＣ,2025-03-17 10:30:00,3/17/2025 5:38:43 PM,3/17/2025 4:47:00 PM,375487.619,2777331.953
03,2025-03-18,瑞芳DC,DTDC,KPD3801,S3001888888,瑞芳ＤＣ,2025-03-18 06:30:00,3/18/2025 7:14:21 AM,,375487.619,2777331.953
03,2025-03-18,瑞芳DC,DT01,KPD3801,1001021457,新店五豐店,2025-03-18 06:30:00,3/18/2025 7:49:05 AM,3/18/2025 8:45:00 AM,352216.273,2762644.677
03,2025-03-18,瑞芳DC,DT02,KPD3801,1001024191,新店鑫峰店,2025-03-18 06:30:00,3/18/2025 8:41:07 AM,3/18/2025 8:50:00 AM,351644.904,2761393.669
03,2025-03-18,瑞芳DC,DT07,KPD3801,1001023425,新店新寶工店,2025-03-18 06:30:00,3/18/2025 8:53:23 AM,3/18/2025 9:25:00 AM,352994.234,2763781.171
03,2025-03-18,瑞芳DC,DT08,KPD3801,1001015043,新店橋興店,2025-03-18 06:30:00,3/18/2025 8:59:53 AM,3/18/2025 9:30:00 AM,352939.542,2764166.551
03,2025-03-18,瑞芳DC,DT09,KPD3801,1001017775,新店寶中店,2025-03-18 06:30:00,3/18/2025 9:10:55 AM,3/18/2025 9:40:00 AM,352565.081,2763838.162
03,2025-03-18,瑞芳DC,DT10,KPD3801,1001023350,新店民佳店,2025-03-18 06:30:00,3/18/2025 9:23:27 AM,3/18/2025 9:50:00 AM,351629.265,2764115.747
03,2025-03-18,瑞芳DC,DT11,KPD3801,1001022995,新店慈濟店,2025-03-18 06:30:00,3/18/2025 9:31:58 AM,3/18/2025 9:55:00 AM,351388.155,2764442.647
03,2025-03-18,瑞芳DC,DT12,KPD3801,1001020494,新店大鵬店,2025-03-18 06:30:00,3/18/2025 10:02:17 AM,3/18/2025 10:15:00 AM,351232.121,2764941.549
03,2025-03-18,瑞芳DC,DT13,KPD3801,1001024130,新店鑫泉店,2025-03-18 06:30:00,3/18/2025 10:11:27 AM,3/18/2025 10:25:00 AM,350178.518,2763525.106
03,2025-03-18,瑞芳DC,DT14,KPD3801,1001024131,新店溪園店,2025-03-18 06:30:00,3/18/2025 10:11:27 AM,3/18/2025 10:30:00 AM,350146.381,2763692.036
03,2025-03-18,瑞芳DC,DT16,KPD3801,1001021233,新店公宅店,2025-03-18 06:30:00,3/18/2025 10:27:00 AM,3/18/2025 10:40:00 AM,350432.0,2764001.501
03,2025-03-18,瑞芳DC,DT17,KPD3801,1001023826,新北捷十四張店,2025-03-18 06:30:00,3/18/2025 10:39:33 AM,3/18/2025 10:45:00 AM,,
03,2025-03-18,瑞芳DC,DTDC,KPD3801,3001888888,瑞芳ＤＣ,2025-03-18 06:30:00,3/18/2025 11:28:09 AM,3/18/2025 11:25:00 AM,375487.619,2777331.953
03,2025-03-18,瑞芳DC,GTDC,KPD3801,S3001888888,瑞芳ＤＣ,2025-03-18 11:00:00,3/18/2025 12:32:21 PM,,375487.619,2777331.953
03,2025-03-18,瑞芳DC,GT01,KPD3801,1001022417,汐止興萬店,2025-03-18 11:00:00,3/18/2025 12:54:52 PM,3/18/2025 12:55:00 PM,362997.855,2774484.337
03,2025-03-18,瑞芳DC,GT03,KPD3801,1001019501,汐止祥雲店,2025-03-18 11:00:00,3/18/2025 1:34:38 PM,3/18/2025 1:05:00 PM,362604.246,2775807.436
03,2025-03-18,瑞芳DC,GT04,KPD3801,1001020718,汐止伯爵店,2025-03-18 11:00:00,3/18/2025 1:50:29 PM,3/18/2025 1:20:00 PM,361839.735,2774798.547
03,2025-03-18,瑞芳DC,GT05,KPD3801,1001018859,汐止日月光店,2025-03-18 11:00:00,3/18/2025 1:58:12 PM,3/18/2025 1:30:00 PM,361829.121,2774003.438
03,2025-03-18,瑞芳DC,GT06,KPD3801,1001023876,汐止新水蓮店,2025-03-18 11:00:00,3/18/2025 2:09:49 PM,3/18/2025 1:40:00 PM,361255.457,2774325.112
03,2025-03-18,瑞芳DC,GT07,KPD3801,1001024464,汐止湖前店,2025-03-18 11:00:00,3/18/2025 2:25:00 PM,3/18/2025 1:50:00 PM,361174.558,2773645.829
03,2025-03-18,瑞芳DC,GT08,KPD3801,1001024113,汐止東城店,2025-03-18 11:00:00,3/18/2025 2:30:17 PM,3/18/2025 1:55:00 PM,361138.617,2773526.57
03,2025-03-18,瑞芳DC,GT10,KPD3801,1001018893,康福店,2025-03-18 11:00:00,3/18/2025 2:46:34 PM,3/18/2025 2:05:00 PM,359864.893,2773616.193
03,2025-03-18,瑞芳DC,GT11,KPD3801,1001022617,湖東店,2025-03-18 11:00:00,3/18/2025 2:51:22 PM,3/18/2025 2:10:00 PM,359826.452,2773741.05
03,2025-03-18,瑞芳DC,GT12,KPD3801,1001020319,東安店,2025-03-18 11:00:00,3/18/2025 3:00:13 PM,3/18/2025 2:20:00 PM,359559.111,2773419.493
03,2025-03-18,瑞芳DC,GT13,KPD3801,1001019103,新東湖店,2025-03-18 11:00:00,3/18/2025 3:06:40 PM,3/18/2025 2:25:00 PM,359395.707,2773566.045
03,2025-03-18,瑞芳DC,GT14,KPD3801,1001020130,東茂店,2025-03-18 11:00:00,3/18/2025 3:12:08 PM,3/18/2025 2:30:00 PM,359241.295,2773692.869
03,2025-03-18,瑞芳DC,GT15,KPD3801,1001021293,湖洲店,2025-03-18 11:00:00,3/18/2025 3:21:33 PM,3/18/2025 2:40:00 PM,358866.572,2773686.596
03,2025-03-18,瑞芳DC,GT16,KPD3801,1001019598,護校店,2025-03-18 11:00:00,3/18/2025 3:34:42 PM,3/18/2025 2:50:00 PM,358933.83,2774270.102
03,2025-03-18,瑞芳DC,GTDC,KPD3801,3001888888,瑞芳ＤＣ,2025-03-18 11:00:00,3/18/2025 4:15:34 PM,3/18/2025 3:35:00 PM,375487.619,2777331.953
04,2025-03-18,瑞芳DC,105DC,KPD3801,S3001888888,瑞芳ＤＣ,2025-03-18 16:50:00,,,375487.619,2777331.953
04,2025-03-18,瑞芳DC,YF01,KPD3801,1001022561,長復店,2025-03-18 16:50:00,3/18/2025 5:54:44 PM,3/18/2025 5:40:00 PM,352379.984,2771326.163
04,2025-03-18,瑞芳DC,YF02,KPD3801,1001020821,敦中店,2025-03-18 16:50:00,3/18/2025 6:03:44 PM,3/18/2025 5:45:00 PM,352630.274,2771521.456
04,2025-03-18,瑞芳DC,YF03,KPD3801,1001022643,鑫德店,2025-03-18 16:50:00,3/18/2025 6:12:06 PM,3/18/2025 5:50:00 PM,352555.711,2771295.464
04,2025-03-18,瑞芳DC,YF04,KPD3801,1001023077,微風店,2025-03-18 16:50:00,3/18/2025 6:27:01 PM,3/18/2025 5:55:00 PM,352497.02,2770999.22
04,2025-03-18,瑞芳DC,YF05,KPD3801,1001020150,大安店,2025-03-18 16:50:00,3/18/2025 6:35:53 PM,3/18/2025 6:00:00 PM,352494.183,2770861.003
04,2025-03-18,瑞芳DC,YG01,KPD3801,1001017725,敦新店,2025-03-18 16:50:00,3/18/2025 6:57:51 PM,3/18/2025 7:00:00 PM,352854.676,2770068.428
04,2025-03-18,瑞芳DC,YG02,KPD3801,1001021426,敦安店,2025-03-18 16:50:00,3/18/2025 7:05:56 PM,3/18/2025 7:05:00 PM,352915.317,2769742.703
04,2025-03-18,瑞芳DC,YG03,KPD3801,1001016909,和信店,2025-03-18 16:50:00,3/18/2025 7:10:53 PM,3/18/2025 7:10:00 PM,353106.189,2769754.085
04,2025-03-18,瑞芳DC,YG04,KPD3801,1001021555,義和店,2025-03-18 16:50:00,3/18/2025 7:19:10 PM,3/18/2025 7:15:00 PM,353297.606,2769707.058
04,2025-03-18,瑞芳DC,YG05,KPD3801,1001017827,復昌店,2025-03-18 16:50:00,3/18/2025 7:25:19 PM,3/18/2025 7:25:00 PM,353645.774,2769515.818
04,2025-03-18,瑞芳DC,105DC,KPD3801,3001888888,瑞芳ＤＣ,2025-03-18 16:50:00,3/18/2025 8:03:43 PM,3/18/2025 8:52:00 PM,375487.619,2777331.953
12,2025-03-19,瑞芳DC,QCDC,KPD3801,S3001888888,瑞芳ＤＣ,2025-03-19 06:00:00,,,375487.619,2777331.953
12,2025-03-19,瑞芳DC,QC01,KPD3801,1001022801,國立教育店,2025-03-19 06:00:00,3/19/2025 8:00:24 AM,3/19/2025 8:50:00 AM,352509.442,2768574.801
12,2025-03-19,瑞芳DC,QC02,KPD3801,1001021426,敦安店,2025-03-19 06:00:00,3/19/2025 9:06:32 AM,3/19/2025 9:00:00 AM,352915.317,2769742.703
12,2025-03-19,瑞芳DC,QC03,KPD3801,1001016909,和信店,2025-03-19 06:00:00,3/19/2025 9:12:24 AM,3/19/2025 9:05:00 AM,353106.189,2769754.085
12,2025-03-19,瑞芳DC,QC04,KPD3801,1001016838,光復南路店,2025-03-19 06:00:00,3/19/2025 9:25:30 AM,3/19/2025 9:10:00 AM,353691.926,2769865.632
12,2025-03-19,瑞芳DC,QC05,KPD3801,1001023044,忠孝光復店,2025-03-19 06:00:00,3/19/2025 9:37:47 AM,3/19/2025 9:20:00 AM,353530.085,2770524.594
12,2025-03-19,瑞芳DC,QC06,KPD3801,1001022463,國父紀念館店,2025-03-19 06:00:00,3/19/2025 9:43:37 AM,3/19/2025 9:25:00 AM,353625.778,2770310.738
12,2025-03-19,瑞芳DC,QC07,KPD3801,1001023299,光新店,2025-03-19 06:00:00,3/19/2025 9:46:24 AM,3/19/2025 9:30:00 AM,353618.408,2770012.249
12,2025-03-19,瑞芳DC,QC08,KPD3801,1001016473,國泰店,2025-03-19 06:00:00,3/19/2025 9:53:14 AM,3/19/2025 9:35:00 AM,353235.271,2770016.848
12,2025-03-19,瑞芳DC,QC09,KPD3801,1001018206,吉泰店,2025-03-19 06:00:00,3/19/2025 9:57:54 AM,3/19/2025 9:40:00 AM,353352.038,2770063.196
12,2025-03-19,瑞芳DC,QC10,KPD3801,1001021555,義和店,2025-03-19 06:00:00,3/19/2025 10:02:30 AM,3/19/2025 9:45:00 AM,353297.606,2769707.058
12,2025-03-19,瑞芳DC,QC11,KPD3801,1001020523,新貿店,2025-03-19 06:00:00,3/19/2025 10:07:33 AM,3/19/2025 9:50:00 AM,353773.176,2769652.851
12,2025-03-19,瑞芳DC,QC12,KPD3801,1001023830,南山廣場店,2025-03-19 06:00:00,3/19/2025 10:17:28 AM,3/19/2025 10:00:00 AM,354609.693,2769765.502
12,2025-03-19,瑞芳DC,QC13,KPD3801,1001015953,大道店,2025-03-19 06:00:00,3/19/2025 10:52:20 AM,3/19/2025 10:25:00 AM,356178.662,2770453.011
12,2025-03-19,瑞芳DC,QC14,KPD3801,1001024176,廣慈店,2025-03-19 06:00:00,3/19/2025 10:47:11 AM,3/19/2025 10:25:00 AM,,
12,2025-03-19,瑞芳DC,QC15,KPD3801,1001022592,新中坡店,2025-03-19 06:00:00,3/19/2025 11:00:08 AM,3/19/2025 10:40:00 AM,356428.07,2770435.016
12,2025-03-19,瑞芳DC,QC16,KPD3801,1001021889,協和店,2025-03-19 06:00:00,3/19/2025 11:09:59 AM,3/19/2025 10:45:00 AM,356254.178,2770680.117
12,2025-03-19,瑞芳DC,QC17,KPD3801,1001022958,新成鑫店,2025-03-19 06:00:00,3/19/2025 11:15:22 AM,3/19/2025 10:50:00 AM,356351.469,2770848.59
12,2025-03-19,瑞芳DC,QC18,KPD3801,1001024262,忠信店,2025-03-19 06:00:00,3/19/2025 11:28:18 AM,3/19/2025 10:55:00 AM,355453.529,2770499.437
12,2025-03-19,瑞芳DC,QC19,KPD3801,1001023114,厚雅店,2025-03-19 06:00:00,3/19/2025 11:35:45 AM,3/19/2025 11:00:00 AM,354771.066,2770729.386
12,2025-03-19,瑞芳DC,QC20,KPD3801,1001020276,永隆店,2025-03-19 06:00:00,3/19/2025 11:43:31 AM,3/19/2025 11:05:00 AM,354431.669,2770602.111
12,2025-03-19,瑞芳DC,QC21,KPD3801,1001020750,新忠隆店,2025-03-19 06:00:00,3/19/2025 11:44:23 AM,3/19/2025 11:10:00 AM,354622.236,2770581.384
12,2025-03-19,瑞芳DC,QC22,KPD3801,1001020400,聯合店,2025-03-19 06:00:00,3/19/2025 11:52:34 AM,3/19/2025 11:15:00 AM,354249.165,2770650.414
12,2025-03-19,瑞芳DC,QCDC,KPD3801,3001888888,瑞芳ＤＣ,2025-03-19 06:00:00,3/19/2025 12:28:39 PM,3/19/2025 11:49:00 AM,375487.619,2777331.953
12,2025-03-19,瑞芳DC,SCDC,KPD3801,S3001888888,瑞芳ＤＣ,2025-03-19 10:30:00,,,375487.619,2777331.953
12,2025-03-19,瑞芳DC,SC01,KPD3801,1001021611,建南店,2025-03-19 10:30:00,3/19/2025 2:09:14 PM,3/19/2025 2:00:00 PM,351556.26,2770550.268
12,2025-03-19,瑞芳DC,SC02,KPD3801,1001021455,濟南二店,2025-03-19 10:30:00,3/19/2025 2:28:50 PM,3/19/2025 2:05:00 PM,351234.804,2770454.567
12,2025-03-19,瑞芳DC,SC03,KPD3801,1001019674,新北科店,2025-03-19 10:30:00,3/19/2025 2:35:42 PM,3/19/2025 2:10:00 PM,351196.72,2770866.909
12,2025-03-19,瑞芳DC,SC04,KPD3801,1001024308,北科店,2025-03-19 10:30:00,3/19/2025 2:45:17 PM,3/19/2025 2:20:00 PM,351651.361,2770806.472
12,2025-03-19,瑞芳DC,SC05,KPD3801,1001018581,昌隆店,2025-03-19 10:30:00,3/19/2025 2:55:13 PM,3/19/2025 2:25:00 PM,351864.837,2770824.725
12,2025-03-19,瑞芳DC,SC06,KPD3801,1001022950,懷生店,2025-03-19 10:30:00,3/19/2025 2:58:18 PM,3/19/2025 2:30:00 PM,352283.176,2769749.399
12,2025-03-19,瑞芳DC,SC07,KPD3801,1001023922,興忠店,2025-03-19 10:30:00,3/19/2025 3:04:37 PM,3/19/2025 2:35:00 PM,352222.571,2770379.988
12,2025-03-19,瑞芳DC,SC08,KPD3801,1001024255,興仁店,2025-03-19 10:30:00,3/19/2025 3:04:37 PM,3/19/2025 2:35:00 PM,352273.658,2770310.254
12,2025-03-19,瑞芳DC,SC09,KPD3801,1001019760,正興店,2025-03-19 10:30:00,3/19/2025 3:22:52 PM,3/19/2025 2:50:00 PM,351991.937,2770553.905
12,2025-03-19,瑞芳DC,SC10,KPD3801,1001022634,金信店,2025-03-19 10:30:00,3/19/2025 3:43:27 PM,3/19/2025 3:00:00 PM,350610.448,2769744.952
12,2025-03-19,瑞芳DC,SC11,KPD3801,1001022941,新生南路店,2025-03-19 10:30:00,3/19/2025 3:51:12 PM,3/19/2025 3:10:00 PM,351160.973,2769794.003
12,2025-03-19,瑞芳DC,SC12,KPD3801,1001024040,大森店,2025-03-19 10:30:00,3/19/2025 4:02:05 PM,3/19/2025 3:15:00 PM,351469.953,2769777.842
12,2025-03-19,瑞芳DC,SC13,KPD3801,1001014695,信美店,2025-03-19 10:30:00,3/19/2025 4:14:13 PM,3/19/2025 3:20:00 PM,351794.203,2769640.301
12,2025-03-19,瑞芳DC,SC14,KPD3801,1001022593,義興店,2025-03-19 10:30:00,3/19/2025 4:20:50 PM,3/19/2025 3:25:00 PM,352286.322,2769692.886
12,2025-03-19,瑞芳DC,SC15,KPD3801,1001024734,復豐店,2025-03-19 10:30:00,3/19/2025 4:25:11 PM,3/19/2025 3:30:00 PM,352283.176,2769749.399
12,2025-03-19,瑞芳DC,SC16,KPD3801,1001021762,復豪店,2025-03-19 10:30:00,3/19/2025 4:35:37 PM,3/19/2025 3:35:00 PM,352203.26,2769881.517
12,2025-03-19,瑞芳DC,SC17,KPD3801,1001018052,興南店,2025-03-19 10:30:00,3/19/2025 4:20:50 PM,3/19/2025 3:40:00 PM,352204.549,2769621.491
12,2025-03-19,瑞芳DC,SC18,KPD3801,1001022101,建國店,2025-03-19 10:30:00,3/19/2025 4:51:56 PM,3/19/2025 3:45:00 PM,351784.629,2769158.849
12,2025-03-19,瑞芳DC,SC19,KPD3801,1001023184,瑞和店,2025-03-19 10:30:00,3/19/2025 4:57:19 PM,3/19/2025 3:50:00 PM,352028.091,2768917.38
12,2025-03-19,瑞芳DC,SC20,KPD3801,1001015818,興和店,2025-03-19 10:30:00,3/19/2025 5:02:01 PM,3/19/2025 4:00:00 PM,352243.073,2769110.59
12,2025-03-19,瑞芳DC,SC21,KPD3801,1001020399,義安店,2025-03-19 10:30:00,3/19/2025 5:16:55 PM,3/19/2025 4:05:00 PM,352631.846,2769633.57
12,2025-03-19,瑞芳DC,SCDC,KPD3801,3001888888,瑞芳ＤＣ,2025-03-19 10:30:00,,3/19/2025 4:47:00 PM,375487.619,2777331.953
03,2025-03-20,瑞芳DC,DLDC,KPD3801,S3001888888,瑞芳ＤＣ,2025-03-20 06:20:00,3/20/2025 7:14:36 AM,,375487.619,2777331.953
03,2025-03-20,瑞芳DC,DL02,KPD3801,1001020485,新湖店,2025-03-20 06:20:00,3/20/2025 8:14:23 AM,3/20/2025 8:50:00 AM,356192.905,2773120.817
03,2025-03-20,瑞芳DC,DL03,KPD3801,1001022211,行善公宅店,2025-03-20 06:20:00,3/20/2025 8:28:56 AM,3/20/2025 9:00:00 AM,356097.196,2772584.503
03,2025-03-20,瑞芳DC,DL05,KPD3801,1001022680,興華店,2025-03-20 06:20:00,3/20/2025 8:52:33 AM,3/20/2025 9:20:00 AM,358516.977,2772109.03
03,2025-03-20,瑞芳DC,DL06,KPD3801,1001015973,國興店,2025-03-20 06:20:00,3/20/2025 9:10:48 AM,3/20/2025 9:40:00 AM,359837.984,2770670.794
03,2025-03-20,瑞芳DC,DL07,KPD3801,1001021880,胡適店,2025-03-20 06:20:00,3/20/2025 9:16:53 AM,3/20/2025 9:50:00 AM,359766.303,2770586.98
03,2025-03-20,瑞芳DC,DL08,KPD3801,1001024003,舊莊店,2025-03-20 06:20:00,3/20/2025 9:25:08 AM,3/20/2025 9:50:00 AM,,
03,2025-03-20,瑞芳DC,DL09,KPD3801,1001024055,汐止鑫宜興店,2025-03-20 06:20:00,3/20/2025 9:31:27 AM,3/20/2025 10:00:00 AM,360091.053,2770502.424
03,2025-03-20,瑞芳DC,DL10,KPD3801,1001020368,新莊研店,2025-03-20 06:20:00,3/20/2025 9:42:26 AM,3/20/2025 10:10:00 AM,360073.962,2770265.899
03,2025-03-20,瑞芳DC,DL11,KPD3801,1001022562,富康店,2025-03-20 06:20:00,3/20/2025 9:57:13 AM,3/20/2025 10:20:00 AM,359648.525,2771656.842
03,2025-03-20,瑞芳DC,DL12,KPD3801,1001024141,汐止力行店,2025-03-20 06:20:00,3/20/2025 9:57:13 AM,3/20/2025 10:30:00 AM,359694.885,2771578.569
03,2025-03-20,瑞芳DC,DL13,KPD3801,1001020924,汐止橫科店,2025-03-20 06:20:00,3/20/2025 10:13:03 AM,3/20/2025 10:40:00 AM,359867.032,2771266.72
03,2025-03-20,瑞芳DC,DLDC,KPD3801,3001888888,瑞芳ＤＣ,2025-03-20 06:20:00,3/20/2025 10:51:38 AM,3/20/2025 11:05:00 AM,375487.619,2777331.953
03,2025-03-20,瑞芳DC,GLDC,KPD3801,S3001888888,瑞芳ＤＣ,2025-03-20 11:00:00,3/20/2025 11:32:36 AM,,375487.619,2777331.953
03,2025-03-20,瑞芳DC,GL01,KPD3801,1001024040,大森店,2025-03-20 11:00:00,3/20/2025 12:47:02 PM,3/20/2025 1:30:00 PM,351469.953,2769777.842
03,2025-03-20,瑞芳DC,GL02,KPD3801,1001018052,興南店,2025-03-20 11:00:00,3/20/2025 12:57:42 PM,3/20/2025 1:40:00 PM,352204.549,2769621.491
03,2025-03-20,瑞芳DC,GL03,KPD3801,1001015818,興和店,2025-03-20 11:00:00,3/20/2025 1:07:25 PM,3/20/2025 1:50:00 PM,352243.073,2769110.59
03,2025-03-20,瑞芳DC,GL04,KPD3801,1001020399,義安店,2025-03-20 11:00:00,3/20/2025 1:19:37 PM,3/20/2025 1:50:00 PM,352631.846,2769633.57
03,2025-03-20,瑞芳DC,GL05,KPD3801,1001022593,義興店,2025-03-20 11:00:00,3/20/2025 12:57:42 PM,3/20/2025 2:00:00 PM,352286.322,2769692.886
03,2025-03-20,瑞芳DC,GL07,KPD3801,1001022950,懷生店,2025-03-20 11:00:00,3/20/2025 1:52:19 PM,3/20/2025 2:20:00 PM,352283.176,2769749.399
03,2025-03-20,瑞芳DC,GL08,KPD3801,1001019760,正興店,2025-03-20 11:00:00,3/20/2025 2:00:38 PM,3/20/2025 2:30:00 PM,351991.937,2770553.905
03,2025-03-20,瑞芳DC,GL09,KPD3801,1001021455,濟南二店,2025-03-20 11:00:00,3/20/2025 2:09:38 PM,3/20/2025 2:40:00 PM,351234.804,2770454.567
03,2025-03-20,瑞芳DC,GL10,KPD3801,1001019674,新北科店,2025-03-20 11:00:00,3/20/2025 2:21:24 PM,3/20/2025 2:50:00 PM,351196.72,2770866.909
03,2025-03-20,瑞芳DC,GL11,KPD3801,1001024308,北科店,2025-03-20 11:00:00,3/20/2025 2:34:17 PM,3/20/2025 3:00:00 PM,351651.361,2770806.472
03,2025-03-20,瑞芳DC,GL12,KPD3801,1001018581,昌隆店,2025-03-20 11:00:00,3/20/2025 2:44:42 PM,3/20/2025 3:10:00 PM,351864.837,2770824.725
03,2025-03-20,瑞芳DC,GLDC,KPD3801,3001888888,瑞芳ＤＣ,2025-03-20 11:00:00,,3/20/2025 4:11:00 PM,375487.619,2777331.953
03,2025-03-21,瑞芳DC,DLDC,KPD3801,S3001888888,瑞芳ＤＣ,2025-03-21 06:20:00,3/21/2025 7:24:56 AM,,375487.619,2777331.953
03,2025-03-21,瑞芳DC,DL02,KPD3801,1001020485,新湖店,2025-03-21 06:20:00,3/21/2025 8:10:03 AM,3/21/2025 8:50:00 AM,356192.905,2773120.817
03,2025-03-21,瑞芳DC,DL03,KPD3801,1001022211,行善公宅店,2025-03-21 06:20:00,3/21/2025 8:25:17 AM,3/21/2025 9:00:00 AM,356097.196,2772584.503
03,2025-03-21,瑞芳DC,DL05,KPD3801,1001022680,興華店,2025-03-21 06:20:00,3/21/2025 8:46:13 AM,3/21/2025 9:20:00 AM,358516.977,2772109.03
03,2025-03-21,瑞芳DC,DL06,KPD3801,1001015973,國興店,2025-03-21 06:20:00,3/21/2025 9:06:31 AM,3/21/2025 9:40:00 AM,359837.984,2770670.794
03,2025-03-21,瑞芳DC,DL07,KPD3801,1001021880,胡適店,2025-03-21 06:20:00,3/21/2025 9:12:41 AM,3/21/2025 9:50:00 AM,359766.303,2770586.98
03,2025-03-21,瑞芳DC,DL08,KPD3801,1001024003,舊莊店,2025-03-21 06:20:00,3/21/2025 9:18:07 AM,3/21/2025 9:50:00 AM,,
03,2025-03-21,瑞芳DC,DL09,KPD3801,1001024055,汐止鑫宜興店,2025-03-21 06:20:00,3/21/2025 9:24:45 AM,3/21/2025 10:00:00 AM,360091.053,2770502.424
03,2025-03-21,瑞芳DC,DL10,KPD3801,1001020368,新莊研店,2025-03-21 06:20:00,3/21/2025 9:39:05 AM,3/21/2025 10:10:00 AM,360073.962,2770265.899
03,2025-03-21,瑞芳DC,DL11,KPD3801,1001022562,富康店,2025-03-21 06:20:00,3/21/2025 9:53:50 AM,3/21/2025 10:20:00 AM,359648.525,2771656.842
03,2025-03-21,瑞芳DC,DL12,KPD3801,1001024141,汐止力行店,2025-03-21 06:20:00,3/21/2025 9:53:50 AM,3/21/2025 10:30:00 AM,359694.885,2771578.569
03,2025-03-21,瑞芳DC,DL13,KPD3801,1001020924,汐止橫科店,2025-03-21 06:20:00,3/21/2025 10:07:14 AM,3/21/2025 10:40:00 AM,359867.032,2771266.72
03,2025-03-21,瑞芳DC,DK10,KPD3801,1001020039,汐止興中店,2025-03-21 06:20:00,3/21/2025 10:28:12 AM,3/21/2025 10:30:00 AM,361219.223,2773081.775
03,2025-03-21,瑞芳DC,DLDC,KPD3801,3001888888,瑞芳ＤＣ,2025-03-21 06:20:00,3/21/2025 11:15:16 AM,3/21/2025 11:05:00 AM,375487.619,2777331.953
03,2025-03-21,瑞芳DC,GLDC,KPD3801,S3001888888,瑞芳ＤＣ,2025-03-21 11:00:00,3/21/2025 12:00:56 PM,,375487.619,2777331.953
03,2025-03-21,瑞芳DC,GL01,KPD3801,1001024040,大森店,2025-03-21 11:00:00,3/21/2025 12:48:05 PM,3/21/2025 1:30:00 PM,351469.953,2769777.842
03,2025-03-21,瑞芳DC,GL02,KPD3801,1001018052,興南店,2025-03-21 11:00:00,3/21/2025 1:05:11 PM,3/21/2025 1:40:00 PM,352204.549,2769621.491
03,2025-03-21,瑞芳DC,GL03,KPD3801,1001015818,興和店,2025-03-21 11:00:00,3/21/2025 1:16:54 PM,3/21/2025 1:50:00 PM,352243.073,2769110.59
03,2025-03-21,瑞芳DC,GL04,KPD3801,1001020399,義安店,2025-03-21 11:00:00,3/21/2025 1:29:44 PM,3/21/2025 1:50:00 PM,352631.846,2769633.57
03,2025-03-21,瑞芳DC,GL07,KPD3801,1001022950,懷生店,2025-03-21 11:00:00,3/21/2025 1:55:33 PM,3/21/2025 2:20:00 PM,352283.176,2769749.399
03,2025-03-21,瑞芳DC,GL08,KPD3801,1001019760,正興店,2025-03-21 11:00:00,3/21/2025 2:03:45 PM,3/21/2025 2:30:00 PM,351991.937,2770553.905
03,2025-03-21,瑞芳DC,GL09,KPD3801,1001021455,濟南二店,2025-03-21 11:00:00,3/21/2025 2:15:51 PM,3/21/2025 2:40:00 PM,351234.804,2770454.567
03,2025-03-21,瑞芳DC,GL10,KPD3801,1001019674,新北科店,2025-03-21 11:00:00,3/21/2025 2:31:13 PM,3/21/2025 2:50:00 PM,351196.72,2770866.909
03,2025-03-21,瑞芳DC,GL11,KPD3801,1001024308,北科店,2025-03-21 11:00:00,3/21/2025 2:49:13 PM,3/21/2025 3:00:00 PM,351651.361,2770806.472
03,2025-03-21,瑞芳DC,GL12,KPD3801,1001018581,昌隆店,2025-03-21 11:00:00,3/21/2025 3:09:39 PM,3/21/2025 3:10:00 PM,351864.837,2770824.725
03,2025-03-21,瑞芳DC,GLDC,KPD3801,3001888888,瑞芳ＤＣ,2025-03-21 11:00:00,3/21/2025 3:53:44 PM,3/21/2025 4:11:00 PM,375487.619,2777331.953
12,2025-03-23,瑞芳DC,QCDC,KPD3801,S3001888888,瑞芳ＤＣ,2025-03-23 06:00:00,3/23/2025 7:20:56 AM,,375487.619,2777331.953
12,2025-03-23,瑞芳DC,QC01,KPD3801,1001022801,國立教育店,2025-03-23 06:00:00,3/23/2025 7:49:41 AM,3/23/2025 8:50:00 AM,352509.442,2768574.801
12,2025-03-23,瑞芳DC,QC02,KPD3801,1001021426,敦安店,2025-03-23 06:00:00,3/23/2025 8:05:18 AM,3/23/2025 9:00:00 AM,352915.317,2769742.703
12,2025-03-23,瑞芳DC,QC03,KPD3801,1001016909,和信店,2025-03-23 06:00:00,3/23/2025 8:10:36 AM,3/23/2025 9:05:00 AM,353106.189,2769754.085
12,2025-03-23,瑞芳DC,QC04,KPD3801,1001016838,光復南路店,2025-03-23 06:00:00,3/23/2025 8:21:39 AM,3/23/2025 9:10:00 AM,353691.926,2769865.632
12,2025-03-23,瑞芳DC,QC05,KPD3801,1001023044,忠孝光復店,2025-03-23 06:00:00,3/23/2025 8:28:04 AM,3/23/2025 9:20:00 AM,353530.085,2770524.594
12,2025-03-23,瑞芳DC,QC06,KPD3801,1001022463,國父紀念館店,2025-03-23 06:00:00,3/23/2025 8:32:39 AM,3/23/2025 9:25:00 AM,353625.778,2770310.738
12,2025-03-23,瑞芳DC,QC07,KPD3801,1001023299,光新店,2025-03-23 06:00:00,3/23/2025 8:37:00 AM,3/23/2025 9:30:00 AM,353618.408,2770012.249
12,2025-03-23,瑞芳DC,QC08,KPD3801,1001016473,國泰店,2025-03-23 06:00:00,3/23/2025 8:44:27 AM,3/23/2025 9:35:00 AM,353235.271,2770016.848
12,2025-03-23,瑞芳DC,QC09,KPD3801,1001018206,吉泰店,2025-03-23 06:00:00,3/23/2025 8:48:08 AM,3/23/2025 9:40:00 AM,353352.038,2770063.196
12,2025-03-23,瑞芳DC,QC10,KPD3801,1001021555,義和店,2025-03-23 06:00:00,3/23/2025 8:53:02 AM,3/23/2025 9:45:00 AM,353297.606,2769707.058
12,2025-03-23,瑞芳DC,QC11,KPD3801,1001020523,新貿店,2025-03-23 06:00:00,3/23/2025 8:57:58 AM,3/23/2025 9:50:00 AM,353773.176,2769652.851
12,2025-03-23,瑞芳DC,QC12,KPD3801,1001023830,南山廣場店,2025-03-23 06:00:00,,3/23/2025 10:00:00 AM,354609.693,2769765.502
12,2025-03-23,瑞芳DC,QC13,KPD3801,1001015953,大道店,2025-03-23 06:00:00,3/23/2025 9:30:13 AM,3/23/2025 10:25:00 AM,356178.662,2770453.011
12,2025-03-23,瑞芳DC,QC14,KPD3801,1001024176,廣慈店,2025-03-23 06:00:00,3/23/2025 9:15:17 AM,3/23/2025 10:25:00 AM,,
12,2025-03-23,瑞芳DC,QC15,KPD3801,1001022592,新中坡店,2025-03-23 06:00:00,3/23/2025 9:36:42 AM,3/23/2025 10:40:00 AM,356428.07,2770435.016
12,2025-03-23,瑞芳DC,QC16,KPD3801,1001021889,協和店,2025-03-23 06:00:00,3/23/2025 9:41:00 AM,3/23/2025 10:45:00 AM,356254.178,2770680.117
12,2025-03-23,瑞芳DC,QC17,KPD3801,1001022958,新成鑫店,2025-03-23 06:00:00,3/23/2025 9:47:32 AM,3/23/2025 10:50:00 AM,356351.469,2770848.59
12,2025-03-23,瑞芳DC,QC18,KPD3801,1001024262,忠信店,2025-03-23 06:00:00,3/23/2025 9:58:19 AM,3/23/2025 10:55:00 AM,355453.529,2770499.437
12,2025-03-23,瑞芳DC,QC19,KPD3801,1001023114,厚雅店,2025-03-23 06:00:00,3/23/2025 10:06:48 AM,3/23/2025 11:00:00 AM,354771.066,2770729.386
12,2025-03-23,瑞芳DC,QC20,KPD3801,1001020276,永隆店,2025-03-23 06:00:00,3/23/2025 10:14:00 AM,3/23/2025 11:05:00 AM,354431.669,2770602.111
12,2025-03-23,瑞芳DC,QC21,KPD3801,1001020750,新忠隆店,2025-03-23 06:00:00,3/23/2025 10:18:08 AM,3/23/2025 11:10:00 AM,354622.236,2770581.384
12,2025-03-23,瑞芳DC,QC22,KPD3801,1001020400,聯合店,2025-03-23 06:00:00,3/23/2025 10:21:22 AM,3/23/2025 11:15:00 AM,354249.165,2770650.414
12,2025-03-23,瑞芳DC,QCDC,KPD3801,3001888888,瑞芳ＤＣ,2025-03-23 06:00:00,3/23/2025 11:05:55 AM,3/23/2025 11:49:00 AM,375487.619,2777331.953
12,2025-03-23,瑞芳DC,SCDC,KPD3801,S3001888888,瑞芳ＤＣ,2025-03-23 10:30:00,3/23/2025 11:50:57 AM,,375487.619,2777331.953
12,2025-03-23,瑞芳DC,SC01,KPD3801,1001021611,建南店,2025-03-23 10:30:00,3/23/2025 12:25:08 PM,3/23/2025 2:00:00 PM,351556.26,2770550.268
12,2025-03-23,瑞芳DC,SC02,KPD3801,1001021455,濟南二店,2025-03-23 10:30:00,3/23/2025 1:09:41 PM,3/23/2025 2:05:00 PM,351234.804,2770454.567
12,2025-03-23,瑞芳DC,SC03,KPD3801,1001019674,新北科店,2025-03-23 10:30:00,3/23/2025 1:15:56 PM,3/23/2025 2:10:00 PM,351196.72,2770866.909
12,2025-03-23,瑞芳DC,SC04,KPD3801,1001024308,北科店,2025-03-23 10:30:00,3/23/2025 1:24:30 PM,3/23/2025 2:20:00 PM,351651.361,2770806.472
12,2025-03-23,瑞芳DC,SC05,KPD3801,1001018581,昌隆店,2025-03-23 10:30:00,,3/23/2025 2:25:00 PM,351864.837,2770824.725
12,2025-03-23,瑞芳DC,SC06,KPD3801,1001022950,懷生店,2025-03-23 10:30:00,3/23/2025 1:35:56 PM,3/23/2025 2:30:00 PM,352283.176,2769749.399
12,2025-03-23,瑞芳DC,SC08,KPD3801,1001024255,興仁店,2025-03-23 10:30:00,3/23/2025 1:45:39 PM,3/23/2025 2:35:00 PM,352273.658,2770310.254
12,2025-03-23,瑞芳DC,SC09,KPD3801,1001019760,正興店,2025-03-23 10:30:00,3/23/2025 1:54:53 PM,3/23/2025 2:50:00 PM,351991.937,2770553.905
12,2025-03-23,瑞芳DC,SC10,KPD3801,1001022634,金信店,2025-03-23 10:30:00,3/23/2025 2:04:59 PM,3/23/2025 3:00:00 PM,350610.448,2769744.952
12,2025-03-23,瑞芳DC,SC11,KPD3801,1001022941,新生南路店,2025-03-23 10:30:00,3/23/2025 2:13:56 PM,3/23/2025 3:10:00 PM,351160.973,2769794.003
12,2025-03-23,瑞芳DC,SC12,KPD3801,1001024040,大森店,2025-03-23 10:30:00,3/23/2025 2:17:54 PM,3/23/2025 3:15:00 PM,351469.953,2769777.842
12,2025-03-23,瑞芳DC,SC13,KPD3801,1001014695,信美店,2025-03-23 10:30:00,3/23/2025 2:29:52 PM,3/23/2025 3:20:00 PM,351794.203,2769640.301
12,2025-03-23,瑞芳DC,SC14,KPD3801,1001022593,義興店,2025-03-23 10:30:00,3/23/2025 2:35:32 PM,3/23/2025 3:25:00 PM,352286.322,2769692.886
12,2025-03-23,瑞芳DC,SC15,KPD3801,1001024734,復豐店,2025-03-23 10:30:00,3/23/2025 2:39:28 PM,3/23/2025 3:30:00 PM,352283.176,2769749.399
12,2025-03-23,瑞芳DC,SC16,KPD3801,1001021762,復豪店,2025-03-23 10:30:00,,3/23/2025 3:35:00 PM,352203.26,2769881.517
12,2025-03-23,瑞芳DC,SC17,KPD3801,1001018052,興南店,2025-03-23 10:30:00,3/23/2025 2:35:32 PM,3/23/2025 3:40:00 PM,352204.549,2769621.491
12,2025-03-23,瑞芳DC,SC18,KPD3801,1001022101,建國店,2025-03-23 10:30:00,3/23/2025 2:53:43 PM,3/23/2025 3:45:00 PM,351784.629,2769158.849
12,2025-03-23,瑞芳DC,SC19,KPD3801,1001023184,瑞和店,2025-03-23 10:30:00,3/23/2025 2:57:35 PM,3/23/2025 3:50:00 PM,352028.091,2768917.38
12,2025-03-23,瑞芳DC,SC20,KPD3801,1001015818,興和店,2025-03-23 10:30:00,3/23/2025 3:01:28 PM,3/23/2025 4:00:00 PM,352243.073,2769110.59
12,2025-03-23,瑞芳DC,SC21,KPD3801,1001020399,義安店,2025-03-23 10:30:00,3/23/2025 3:11:57 PM,3/23/2025 4:05:00 PM,352631.846,2769633.57
12,2025-03-23,瑞芳DC,SCDC,KPD3801,3001888888,瑞芳ＤＣ,2025-03-23 10:30:00,3/23/2025 3:57:35 PM,3/23/2025 4:47:00 PM,375487.619,2777331.953
03,2025-03-24,瑞芳DC,104DC,KPD3801,S3001888888,瑞芳ＤＣ,2025-03-24 11:00:00,3/24/2025 12:42:36 PM,,375487.619,2777331.953
03,2025-03-24,瑞芳DC,GL04,KPD3801,1001020399,義安店,2025-03-24 11:00:00,3/24/2025 1:14:45 PM,3/24/2025 1:50:00 PM,352631.846,2769633.57
03,2025-03-24,瑞芳DC,GP05,KPD3801,1001024255,興仁店,2025-03-24 11:00:00,3/24/2025 1:41:23 PM,3/24/2025 2:00:00 PM,352273.658,2770310.254
03,2025-03-24,瑞芳DC,GP07,KPD3801,1001021762,復豪店,2025-03-24 11:00:00,3/24/2025 1:55:57 PM,3/24/2025 2:15:00 PM,352203.26,2769881.517
03,2025-03-24,瑞芳DC,GK11,KPD3801,1001021231,羅和店,2025-03-24 11:00:00,3/24/2025 2:19:23 PM,3/24/2025 2:40:00 PM,351932.231,2765505.658
03,2025-03-24,瑞芳DC,GI11,KPD3801,1001021400,試院店,2025-03-24 11:00:00,3/24/2025 2:34:59 PM,3/24/2025 2:50:00 PM,352557.853,2764552.651
03,2025-03-24,瑞芳DC,GH13,KPD3801,1001020149,新店忠誠店,2025-03-24 11:00:00,3/24/2025 2:48:41 PM,3/24/2025 3:05:00 PM,352074.194,2763209.896
03,2025-03-24,瑞芳DC,GH15,KPD3801,1001020253,新店華盛店,2025-03-24 11:00:00,3/24/2025 2:59:17 PM,3/24/2025 3:25:00 PM,351951.519,2762826.395
03,2025-03-24,瑞芳DC,104DC,KPD3801,3001888888,瑞芳ＤＣ,2025-03-24 11:00:00,3/24/2025 3:54:46 PM,3/24/2025 4:16:00 PM,375487.619,2777331.953
03,2025-03-24,瑞芳DC,DTDC,KPD3801,S3001888888,瑞芳ＤＣ,2025-03-24 06:30:00,3/24/2025 7:18:06 AM,,375487.619,2777331.953
03,2025-03-24,瑞芳DC,DT01,KPD3801,1001021457,新店五豐店,2025-03-24 06:30:00,3/24/2025 7:55:52 AM,3/24/2025 8:45:00 AM,352216.273,2762644.677
03,2025-03-24,瑞芳DC,DT02,KPD3801,1001024191,新店鑫峰店,2025-03-24 06:30:00,3/24/2025 8:23:10 AM,3/24/2025 8:50:00 AM,351644.904,2761393.669
03,2025-03-24,瑞芳DC,DT03,KPD3801,1001015188,新店統寶店,2025-03-24 06:30:00,3/24/2025 8:34:52 AM,3/24/2025 9:00:00 AM,352747.249,2763024.13
03,2025-03-24,瑞芳DC,DT04,KPD3801,1001022916,新店新寶橋店,2025-03-24 06:30:00,3/24/2025 8:45:22 AM,3/24/2025 9:05:00 AM,352287.474,2763191.535
03,2025-03-24,瑞芳DC,DT05,KPD3801,1001023399,新店新文強店,2025-03-24 06:30:00,3/24/2025 8:56:22 AM,3/24/2025 9:15:00 AM,352112.978,2763718.888
03,2025-03-24,瑞芳DC,DT10,KPD3801,1001023350,新店民佳店,2025-03-24 06:30:00,3/24/2025 9:10:07 AM,3/24/2025 9:50:00 AM,351629.265,2764115.747
03,2025-03-24,瑞芳DC,DT11,KPD3801,1001022995,新店慈濟店,2025-03-24 06:30:00,3/24/2025 9:21:59 AM,3/24/2025 9:55:00 AM,351388.155,2764442.647
03,2025-03-24,瑞芳DC,DT12,KPD3801,1001020494,新店大鵬店,2025-03-24 06:30:00,3/24/2025 9:55:19 AM,3/24/2025 10:15:00 AM,351232.121,2764941.549
03,2025-03-24,瑞芳DC,DT13,KPD3801,1001024130,新店鑫泉店,2025-03-24 06:30:00,3/24/2025 10:07:27 AM,3/24/2025 10:25:00 AM,350178.518,2763525.106
03,2025-03-24,瑞芳DC,DT14,KPD3801,1001024131,新店溪園店,2025-03-24 06:30:00,3/24/2025 10:07:27 AM,3/24/2025 10:30:00 AM,350146.381,2763692.036
03,2025-03-24,瑞芳DC,DT16,KPD3801,1001021233,新店公宅店,2025-03-24 06:30:00,3/24/2025 10:25:23 AM,3/24/2025 10:40:00 AM,350432.0,2764001.501
03,2025-03-24,瑞芳DC,DT17,KPD3801,1001023826,新北捷十四張店,2025-03-24 06:30:00,3/24/2025 10:36:47 AM,3/24/2025 10:45:00 AM,,
03,2025-03-24,瑞芳DC,DTDC,KPD3801,3001888888,瑞芳ＤＣ,2025-03-24 06:30:00,3/24/2025 11:48:16 AM,3/24/2025 11:25:00 AM,375487.619,2777331.953
03,2025-03-25,瑞芳DC,DTDC,KPD3801,S3001888888,瑞芳ＤＣ,2025-03-25 06:30:00,3/25/2025 7:16:11 AM,,375487.619,2777331.953
03,2025-03-25,瑞芳DC,DT01,KPD3801,1001021457,新店五豐店,2025-03-25 06:30:00,3/25/2025 7:52:36 AM,3/25/2025 8:45:00 AM,352216.273,2762644.677
03,2025-03-25,瑞芳DC,DT02,KPD3801,1001024191,新店鑫峰店,2025-03-25 06:30:00,3/25/2025 8:06:04 AM,3/25/2025 8:50:00 AM,351644.904,2761393.669
03,2025-03-25,瑞芳DC,DT03,KPD3801,1001015188,新店統寶店,2025-03-25 06:30:00,3/25/2025 8:17:02 AM,3/25/2025 9:00:00 AM,352747.249,2763024.13
03,2025-03-25,瑞芳DC,DT04,KPD3801,1001022916,新店新寶橋店,2025-03-25 06:30:00,3/25/2025 8:30:25 AM,3/25/2025 9:05:00 AM,352287.474,2763191.535
03,2025-03-25,瑞芳DC,DT05,KPD3801,1001023399,新店新文強店,2025-03-25 06:30:00,3/25/2025 8:37:48 AM,3/25/2025 9:15:00 AM,352112.978,2763718.888
03,2025-03-25,瑞芳DC,DT10,KPD3801,1001023350,新店民佳店,2025-03-25 06:30:00,3/25/2025 8:56:13 AM,3/25/2025 9:50:00 AM,351629.265,2764115.747
03,2025-03-25,瑞芳DC,DT11,KPD3801,1001022995,新店慈濟店,2025-03-25 06:30:00,3/25/2025 9:05:28 AM,3/25/2025 9:55:00 AM,351388.155,2764442.647
03,2025-03-25,瑞芳DC,DT12,KPD3801,1001020494,新店大鵬店,2025-03-25 06:30:00,3/25/2025 9:41:40 AM,3/25/2025 10:15:00 AM,351232.121,2764941.549
03,2025-03-25,瑞芳DC,DT13,KPD3801,1001024130,新店鑫泉店,2025-03-25 06:30:00,3/25/2025 9:49:46 AM,3/25/2025 10:25:00 AM,350178.518,2763525.106
03,2025-03-25,瑞芳DC,DT14,KPD3801,1001024131,新店溪園店,2025-03-25 06:30:00,3/25/2025 9:49:46 AM,3/25/2025 10:30:00 AM,350146.381,2763692.036
03,2025-03-25,瑞芳DC,DT16,KPD3801,1001021233,新店公宅店,2025-03-25 06:30:00,3/25/2025 10:10:16 AM,3/25/2025 10:40:00 AM,350432.0,2764001.501
03,2025-03-25,瑞芳DC,DT17,KPD3801,1001023826,新北捷十四張店,2025-03-25 06:30:00,3/25/2025 10:19:33 AM,3/25/2025 10:45:00 AM,,
03,2025-03-25,瑞芳DC,DTDC,KPD3801,3001888888,瑞芳ＤＣ,2025-03-25 06:30:00,3/25/2025 11:22:05 AM,3/25/2025 11:25:00 AM,375487.619,2777331.953
03,2025-03-25,瑞芳DC,GTDC,KPD3801,S3001888888,瑞芳ＤＣ,2025-03-25 11:00:00,3/25/2025 12:12:41 PM,,375487.619,2777331.953
03,2025-03-25,瑞芳DC,GT01,KPD3801,1001022417,汐止興萬店,2025-03-25 11:00:00,3/25/2025 12:41:05 PM,3/25/2025 12:55:00 PM,362997.855,2774484.337
03,2025-03-25,瑞芳DC,GT03,KPD3801,1001019501,汐止祥雲店,2025-03-25 11:00:00,3/25/2025 1:13:37 PM,3/25/2025 1:05:00 PM,362604.246,2775807.436
03,2025-03-25,瑞芳DC,GT04,KPD3801,1001020718,汐止伯爵店,2025-03-25 11:00:00,3/25/2025 1:27:36 PM,3/25/2025 1:20:00 PM,361839.735,2774798.547
03,2025-03-25,瑞芳DC,GT05,KPD3801,1001018859,汐止日月光店,2025-03-25 11:00:00,3/25/2025 1:37:18 PM,3/25/2025 1:30:00 PM,361829.121,2774003.438
03,2025-03-25,瑞芳DC,GT06,KPD3801,1001023876,汐止新水蓮店,2025-03-25 11:00:00,3/25/2025 1:49:11 PM,3/25/2025 1:40:00 PM,361255.457,2774325.112
03,2025-03-25,瑞芳DC,GT07,KPD3801,1001024464,汐止湖前店,2025-03-25 11:00:00,3/25/2025 2:07:28 PM,3/25/2025 1:50:00 PM,361174.558,2773645.829
03,2025-03-25,瑞芳DC,GT08,KPD3801,1001024113,汐止東城店,2025-03-25 11:00:00,3/25/2025 2:12:48 PM,3/25/2025 1:55:00 PM,361138.617,2773526.57
03,2025-03-25,瑞芳DC,GT10,KPD3801,1001018893,康福店,2025-03-25 11:00:00,3/25/2025 2:28:55 PM,3/25/2025 2:05:00 PM,359864.893,2773616.193
03,2025-03-25,瑞芳DC,GT11,KPD3801,1001022617,湖東店,2025-03-25 11:00:00,3/25/2025 2:31:31 PM,3/25/2025 2:10:00 PM,359826.452,2773741.05
03,2025-03-25,瑞芳DC,GT12,KPD3801,1001020319,東安店,2025-03-25 11:00:00,3/25/2025 2:44:00 PM,3/25/2025 2:20:00 PM,359559.111,2773419.493
03,2025-03-25,瑞芳DC,GT13,KPD3801,1001019103,新東湖店,2025-03-25 11:00:00,3/25/2025 2:51:17 PM,3/25/2025 2:25:00 PM,359395.707,2773566.045
03,2025-03-25,瑞芳DC,GT15,KPD3801,1001021293,湖洲店,2025-03-25 11:00:00,3/25/2025 2:58:30 PM,3/25/2025 2:40:00 PM,358866.572,2773686.596
03,2025-03-25,瑞芳DC,GT16,KPD3801,1001019598,護校店,2025-03-25 11:00:00,3/25/2025 3:07:43 PM,3/25/2025 2:50:00 PM,358933.83,2774270.102
03,2025-03-25,瑞芳DC,GTDC,KPD3801,3001888888,瑞芳ＤＣ,2025-03-25 11:00:00,3/25/2025 3:51:56 PM,3/25/2025 3:35:00 PM,375487.619,2777331.953
04,2025-03-25,瑞芳DC,108DC,KPD3801,S3001888888,瑞芳ＤＣ,2025-03-25 16:43:00,,,375487.619,2777331.953
04,2025-03-25,瑞芳DC,YJ01,KPD3801,1001022562,富康店,2025-03-25 16:43:00,3/25/2025 5:39:24 PM,3/25/2025 7:30:00 PM,359648.525,2771656.842
04,2025-03-25,瑞芳DC,YJ02,KPD3801,1001023221,京石店,2025-03-25 16:43:00,3/25/2025 5:52:30 PM,3/25/2025 7:35:00 PM,359478.492,2772708.158
04,2025-03-25,瑞芳DC,YJ03,KPD3801,1001020316,大聯大店,2025-03-25 16:43:00,3/25/2025 5:57:02 PM,3/25/2025 7:40:00 PM,359577.769,2772643.287
04,2025-03-25,瑞芳DC,YJ04,KPD3801,1001020998,港忠店,2025-03-25 16:43:00,3/25/2025 6:10:51 PM,3/25/2025 7:45:00 PM,359553.863,2771808.725
04,2025-03-25,瑞芳DC,YJ05,KPD3801,1001024704,南港車站店,2025-03-25 16:43:00,3/25/2025 6:19:19 PM,3/25/2025 7:55:00 PM,358669.188,2771780.932
04,2025-03-25,瑞芳DC,YJ06,KPD3801,1001022680,興華店,2025-03-25 16:43:00,3/25/2025 6:28:57 PM,3/25/2025 8:10:00 PM,358516.977,2772109.03
04,2025-03-25,瑞芳DC,YJ07,KPD3801,1001019213,南港公宅店,2025-03-25 16:43:00,3/25/2025 6:35:24 PM,3/25/2025 8:15:00 PM,358427.381,2771981.734
04,2025-03-25,瑞芳DC,YJ08,KPD3801,1001022011,中視店,2025-03-25 16:43:00,3/25/2025 6:45:23 PM,3/25/2025 8:20:00 PM,358094.986,2772140.491
04,2025-03-25,瑞芳DC,YJ09,KPD3801,1001020277,重陽店,2025-03-25 16:43:00,3/25/2025 6:52:14 PM,3/25/2025 8:25:00 PM,357823.311,2772207.091
04,2025-03-25,瑞芳DC,YJ10,KPD3801,1001016840,向陽店,2025-03-25 16:43:00,3/25/2025 6:54:56 PM,3/25/2025 8:30:00 PM,357534.235,2772028.88
04,2025-03-25,瑞芳DC,YJ11,KPD3801,1001021647,小彎公宅店,2025-03-25 16:43:00,3/25/2025 6:59:59 PM,3/25/2025 8:35:00 PM,357313.808,2772357.857
04,2025-03-25,瑞芳DC,YJ12,KPD3801,1001020641,港成店,2025-03-25 16:43:00,3/25/2025 7:18:25 PM,3/25/2025 8:40:00 PM,357244.55,2771968.478
04,2025-03-25,瑞芳DC,108DC,KPD3801,3001888888,瑞芳ＤＣ,2025-03-25 16:43:00,3/25/2025 7:44:41 PM,3/25/2025 10:03:00 PM,375487.619,2777331.953
03,2025-03-26,瑞芳DC,DTDC,KPD3801,S3001888888,瑞芳ＤＣ,2025-03-26 06:30:00,3/26/2025 7:19:11 AM,,375487.619,2777331.953
03,2025-03-26,瑞芳DC,DT01,KPD3801,1001021457,新店五豐店,2025-03-26 06:30:00,3/26/2025 7:52:32 AM,3/26/2025 8:45:00 AM,352216.273,2762644.677
03,2025-03-26,瑞芳DC,DT02,KPD3801,1001024191,新店鑫峰店,2025-03-26 06:30:00,3/26/2025 8:23:01 AM,3/26/2025 8:50:00 AM,351644.904,2761393.669
03,2025-03-26,瑞芳DC,DT03,KPD3801,1001015188,新店統寶店,2025-03-26 06:30:00,3/26/2025 8:35:23 AM,3/26/2025 9:00:00 AM,352747.249,2763024.13
03,2025-03-26,瑞芳DC,DT04,KPD3801,1001022916,新店新寶橋店,2025-03-26 06:30:00,3/26/2025 8:45:24 AM,3/26/2025 9:05:00 AM,352287.474,2763191.535
03,2025-03-26,瑞芳DC,DT05,KPD3801,1001023399,新店新文強店,2025-03-26 06:30:00,3/26/2025 8:55:14 AM,3/26/2025 9:15:00 AM,352112.978,2763718.888
03,2025-03-26,瑞芳DC,DT10,KPD3801,1001023350,新店民佳店,2025-03-26 06:30:00,3/26/2025 9:11:17 AM,3/26/2025 9:50:00 AM,351629.265,2764115.747
03,2025-03-26,瑞芳DC,DT11,KPD3801,1001022995,新店慈濟店,2025-03-26 06:30:00,3/26/2025 9:21:32 AM,3/26/2025 9:55:00 AM,351388.155,2764442.647
03,2025-03-26,瑞芳DC,DT12,KPD3801,1001020494,新店大鵬店,2025-03-26 06:30:00,3/26/2025 9:50:31 AM,3/26/2025 10:15:00 AM,351232.121,2764941.549
03,2025-03-26,瑞芳DC,DT13,KPD3801,1001024130,新店鑫泉店,2025-03-26 06:30:00,3/26/2025 9:59:28 AM,3/26/2025 10:25:00 AM,350178.518,2763525.106
03,2025-03-26,瑞芳DC,DT14,KPD3801,1001024131,新店溪園店,2025-03-26 06:30:00,3/26/2025 9:59:28 AM,3/26/2025 10:30:00 AM,350146.381,2763692.036
03,2025-03-26,瑞芳DC,DT16,KPD3801,1001021233,新店公宅店,2025-03-26 06:30:00,3/26/2025 10:17:31 AM,3/26/2025 10:40:00 AM,350432.0,2764001.501
03,2025-03-26,瑞芳DC,DT17,KPD3801,1001023826,新北捷十四張店,2025-03-26 06:30:00,3/26/2025 10:31:40 AM,3/26/2025 10:45:00 AM,,
03,2025-03-26,瑞芳DC,DTDC,KPD3801,3001888888,瑞芳ＤＣ,2025-03-26 06:30:00,3/26/2025 11:39:14 AM,3/26/2025 11:25:00 AM,375487.619,2777331.953
03,2025-03-26,瑞芳DC,GTDC,KPD3801,S3001888888,瑞芳ＤＣ,2025-03-26 11:00:00,3/26/2025 12:32:41 PM,,375487.619,2777331.953
03,2025-03-26,瑞芳DC,GT01,KPD3801,1001022417,汐止興萬店,2025-03-26 11:00:00,3/26/2025 1:04:47 PM,3/26/2025 12:55:00 PM,362997.855,2774484.337
03,2025-03-26,瑞芳DC,GT03,KPD3801,1001019501,汐止祥雲店,2025-03-26 11:00:00,3/26/2025 1:32:05 PM,3/26/2025 1:05:00 PM,362604.246,2775807.436
03,2025-03-26,瑞芳DC,GT04,KPD3801,1001020718,汐止伯爵店,2025-03-26 11:00:00,3/26/2025 1:46:57 PM,3/26/2025 1:20:00 PM,361839.735,2774798.547
03,2025-03-26,瑞芳DC,GT05,KPD3801,1001018859,汐止日月光店,2025-03-26 11:00:00,3/26/2025 1:53:40 PM,3/26/2025 1:30:00 PM,361829.121,2774003.438
03,2025-03-26,瑞芳DC,GT06,KPD3801,1001023876,汐止新水蓮店,2025-03-26 11:00:00,3/26/2025 2:09:00 PM,3/26/2025 1:40:00 PM,361255.457,2774325.112
03,2025-03-26,瑞芳DC,GT07,KPD3801,1001024464,汐止湖前店,2025-03-26 11:00:00,3/26/2025 2:25:20 PM,3/26/2025 1:50:00 PM,361174.558,2773645.829
03,2025-03-26,瑞芳DC,GT08,KPD3801,1001024113,汐止東城店,2025-03-26 11:00:00,3/26/2025 2:32:50 PM,3/26/2025 1:55:00 PM,361138.617,2773526.57
03,2025-03-26,瑞芳DC,GT10,KPD3801,1001018893,康福店,2025-03-26 11:00:00,3/26/2025 2:42:16 PM,3/26/2025 2:05:00 PM,359864.893,2773616.193
03,2025-03-26,瑞芳DC,GT11,KPD3801,1001022617,湖東店,2025-03-26 11:00:00,3/26/2025 2:47:26 PM,3/26/2025 2:10:00 PM,359826.452,2773741.05
03,2025-03-26,瑞芳DC,GT12,KPD3801,1001020319,東安店,2025-03-26 11:00:00,3/26/2025 2:58:26 PM,3/26/2025 2:20:00 PM,359559.111,2773419.493
03,2025-03-26,瑞芳DC,GT13,KPD3801,1001019103,新東湖店,2025-03-26 11:00:00,3/26/2025 3:06:47 PM,3/26/2025 2:25:00 PM,359395.707,2773566.045
03,2025-03-26,瑞芳DC,GT15,KPD3801,1001021293,湖洲店,2025-03-26 11:00:00,3/26/2025 3:19:46 PM,3/26/2025 2:40:00 PM,358866.572,2773686.596
03,2025-03-26,瑞芳DC,GT16,KPD3801,1001019598,護校店,2025-03-26 11:00:00,3/26/2025 3:32:28 PM,3/26/2025 2:50:00 PM,358933.83,2774270.102
03,2025-03-26,瑞芳DC,GTDC,KPD3801,3001888888,瑞芳ＤＣ,2025-03-26 11:00:00,3/26/2025 4:11:27 PM,3/26/2025 3:35:00 PM,375487.619,2777331.953
04,2025-03-26,瑞芳DC,104DC,KPD3801,S3001888888,瑞芳ＤＣ,2025-03-26 16:20:00,,,375487.619,2777331.953
04,2025-03-26,瑞芳DC,YI00,KPD3801,1001022899,基隆瑞發店,2025-03-26 16:20:00,3/26/2025 5:33:43 PM,3/26/2025 6:00:00 PM,373690.349,2776735.669
04,2025-03-26,瑞芳DC,YI01,KPD3801,1001024844,基隆吉市店,2025-03-26 16:20:00,3/26/2025 5:39:54 PM,3/26/2025 6:05:00 PM,373560.137,2775973.443
04,2025-03-26,瑞芳DC,YI02,KPD3801,1001023329,基隆暖錠店,2025-03-26 16:20:00,3/26/2025 5:52:15 PM,3/26/2025 6:10:00 PM,373259.22,2776672.275
04,2025-03-26,瑞芳DC,YI03,KPD3801,1001021132,基隆暖鑫店,2025-03-26 16:20:00,3/26/2025 6:02:34 PM,3/26/2025 6:15:00 PM,371808.319,2776074.75
04,2025-03-26,瑞芳DC,YI04,KPD3801,1001021336,基隆暖盛店,2025-03-26 16:20:00,3/26/2025 6:08:18 PM,3/26/2025 6:20:00 PM,371587.811,2776673.3
04,2025-03-26,瑞芳DC,YI05,KPD3801,1001021983,基隆暖東店,2025-03-26 16:20:00,3/26/2025 6:16:37 PM,3/26/2025 6:25:00 PM,371742.253,2776824.534
04,2025-03-26,瑞芳DC,YI06,KPD3801,1001023688,八堵車站店,2025-03-26 16:20:00,3/26/2025 6:26:49 PM,3/26/2025 6:30:00 PM,371023.007,2777790.096
04,2025-03-26,瑞芳DC,YF21,KPD3801,1001020751,龍普店,2025-03-26 16:20:00,3/26/2025 7:10:32 PM,3/26/2025 7:40:00 PM,352965.445,2770546.945
04,2025-03-26,瑞芳DC,YF22,KPD3801,1001020720,明曜店,2025-03-26 16:20:00,3/26/2025 7:10:32 PM,3/26/2025 7:45:00 PM,353051.933,2770460.098
04,2025-03-26,瑞芳DC,YF23,KPD3801,1001023788,安富店,2025-03-26 16:20:00,3/26/2025 7:28:15 PM,3/26/2025 7:55:00 PM,353054.844,2770230.45
04,2025-03-26,瑞芳DC,YF24,KPD3801,1001019133,仁慈店,2025-03-26 16:20:00,3/26/2025 7:37:19 PM,3/26/2025 8:00:00 PM,352580.912,2770086.495
04,2025-03-26,瑞芳DC,YF25,KPD3801,1001019081,忠愛店,2025-03-26 16:20:00,3/26/2025 7:48:09 PM,3/26/2025 8:10:00 PM,352409.602,2770527.687
04,2025-03-26,瑞芳DC,104DC,KPD3801,3001888888,瑞芳ＤＣ,2025-03-26 16:20:00,3/26/2025 8:38:26 PM,3/26/2025 8:59:00 PM,375487.619,2777331.953
03,2025-03-27,瑞芳DC,107DC,KPD3801,S3001888888,瑞芳ＤＣ,2025-03-27 11:25:00,3/27/2025 1:04:38 PM,,375487.619,2777331.953
03,2025-03-27,瑞芳DC,GK10,KPD3801,1001021152,景富店,2025-03-27 11:25:00,3/27/2025 1:46:26 PM,3/27/2025 2:30:00 PM,351645.495,2765875.691
03,2025-03-27,瑞芳DC,GI08,KPD3801,1001016837,明興店,2025-03-27 11:25:00,3/27/2025 2:23:38 PM,3/27/2025 2:20:00 PM,354132.294,2764855.22
03,2025-03-27,瑞芳DC,GI10,KPD3801,1001015729,順輝店,2025-03-27 11:25:00,3/27/2025 2:41:09 PM,3/27/2025 2:40:00 PM,353335.657,2764465.421
03,2025-03-27,瑞芳DC,GI11,KPD3801,1001021400,試院店,2025-03-27 11:25:00,3/27/2025 2:54:15 PM,3/27/2025 2:50:00 PM,352557.853,2764552.651
03,2025-03-27,瑞芳DC,GF13,KPD3801,1001023882,新店莊敬店,2025-03-27 11:25:00,3/27/2025 3:10:44 PM,3/27/2025 3:00:00 PM,351139.244,2764350.577
03,2025-03-27,瑞芳DC,GH13,KPD3801,1001020149,新店忠誠店,2025-03-27 11:25:00,3/27/2025 3:29:03 PM,3/27/2025 3:05:00 PM,352074.194,2763209.896
03,2025-03-27,瑞芳DC,GH14,KPD3801,1001023328,新店七張站店,2025-03-27 11:25:00,3/27/2025 3:29:03 PM,3/27/2025 3:15:00 PM,352115.472,2763233.821
03,2025-03-27,瑞芳DC,GH15,KPD3801,1001020253,新店華盛店,2025-03-27 11:25:00,3/27/2025 3:55:11 PM,3/27/2025 3:25:00 PM,351951.519,2762826.395
03,2025-03-27,瑞芳DC,107DC,KPD3801,3001888888,瑞芳ＤＣ,2025-03-27 11:25:00,3/27/2025 4:46:54 PM,3/27/2025 5:59:00 PM,375487.619,2777331.953
03,2025-03-27,瑞芳DC,DTDC,KPD3801,S3001888888,瑞芳ＤＣ,2025-03-27 06:30:00,3/27/2025 7:22:38 AM,,375487.619,2777331.953
03,2025-03-27,瑞芳DC,DT01,KPD3801,1001021457,新店五豐店,2025-03-27 06:30:00,3/27/2025 7:58:26 AM,3/27/2025 8:45:00 AM,352216.273,2762644.677
03,2025-03-27,瑞芳DC,DT02,KPD3801,1001024191,新店鑫峰店,2025-03-27 06:30:00,3/27/2025 8:29:26 AM,3/27/2025 8:50:00 AM,351644.904,2761393.669
03,2025-03-27,瑞芳DC,DT04,KPD3801,1001022916,新店新寶橋店,2025-03-27 06:30:00,3/27/2025 8:42:20 AM,3/27/2025 9:05:00 AM,352287.474,2763191.535
03,2025-03-27,瑞芳DC,DT05,KPD3801,1001023399,新店新文強店,2025-03-27 06:30:00,3/27/2025 8:52:55 AM,3/27/2025 9:15:00 AM,352112.978,2763718.888
03,2025-03-27,瑞芳DC,DT10,KPD3801,1001023350,新店民佳店,2025-03-27 06:30:00,3/27/2025 9:09:15 AM,3/27/2025 9:50:00 AM,351629.265,2764115.747
03,2025-03-27,瑞芳DC,DT11,KPD3801,1001022995,新店慈濟店,2025-03-27 06:30:00,3/27/2025 9:20:24 AM,3/27/2025 9:55:00 AM,351388.155,2764442.647
03,2025-03-27,瑞芳DC,DT12,KPD3801,1001020494,新店大鵬店,2025-03-27 06:30:00,3/27/2025 10:08:53 AM,3/27/2025 10:15:00 AM,351232.121,2764941.549
03,2025-03-27,瑞芳DC,DT13,KPD3801,1001024130,新店鑫泉店,2025-03-27 06:30:00,3/27/2025 10:20:13 AM,3/27/2025 10:25:00 AM,350178.518,2763525.106
03,2025-03-27,瑞芳DC,DT14,KPD3801,1001024131,新店溪園店,2025-03-27 06:30:00,3/27/2025 10:20:13 AM,3/27/2025 10:30:00 AM,350146.381,2763692.036
03,2025-03-27,瑞芳DC,DT16,KPD3801,1001021233,新店公宅店,2025-03-27 06:30:00,3/27/2025 10:39:35 AM,3/27/2025 10:40:00 AM,350432.0,2764001.501
03,2025-03-27,瑞芳DC,DT17,KPD3801,1001023826,新北捷十四張店,2025-03-27 06:30:00,3/27/2025 10:57:33 AM,3/27/2025 10:45:00 AM,,
03,2025-03-27,瑞芳DC,DTDC,KPD3801,3001888888,瑞芳ＤＣ,2025-03-27 06:30:00,3/27/2025 12:17:10 PM,3/27/2025 11:25:00 AM,375487.619,2777331.953
12,2025-03-30,瑞芳DC,QCDC,KPD3801,S3001888888,瑞芳ＤＣ,2025-03-30 06:00:00,3/30/2025 7:25:53 AM,,375487.619,2777331.953
12,2025-03-30,瑞芳DC,QC01,KPD3801,1001022801,國立教育店,2025-03-30 06:00:00,3/30/2025 7:52:43 AM,3/30/2025 8:50:00 AM,352509.442,2768574.801
12,2025-03-30,瑞芳DC,QC02,KPD3801,1001021426,敦安店,2025-03-30 06:00:00,3/30/2025 8:32:56 AM,3/30/2025 9:00:00 AM,352915.317,2769742.703
12,2025-03-30,瑞芳DC,QC03,KPD3801,1001016909,和信店,2025-03-30 06:00:00,3/30/2025 8:35:48 AM,3/30/2025 9:05:00 AM,353106.189,2769754.085
12,2025-03-30,瑞芳DC,QC04,KPD3801,1001016838,光復南路店,2025-03-30 06:00:00,3/30/2025 8:41:10 AM,3/30/2025 9:10:00 AM,353691.926,2769865.632
12,2025-03-30,瑞芳DC,QC05,KPD3801,1001023044,忠孝光復店,2025-03-30 06:00:00,3/30/2025 8:50:28 AM,3/30/2025 9:20:00 AM,353530.085,2770524.594
12,2025-03-30,瑞芳DC,QC06,KPD3801,1001022463,國父紀念館店,2025-03-30 06:00:00,3/30/2025 8:55:15 AM,3/30/2025 9:25:00 AM,353625.778,2770310.738
12,2025-03-30,瑞芳DC,QC07,KPD3801,1001023299,光新店,2025-03-30 06:00:00,3/30/2025 9:04:24 AM,3/30/2025 9:30:00 AM,353618.408,2770012.249
12,2025-03-30,瑞芳DC,QC08,KPD3801,1001016473,國泰店,2025-03-30 06:00:00,3/30/2025 9:09:36 AM,3/30/2025 9:35:00 AM,353235.271,2770016.848
12,2025-03-30,瑞芳DC,QC09,KPD3801,1001018206,吉泰店,2025-03-30 06:00:00,3/30/2025 9:09:36 AM,3/30/2025 9:40:00 AM,353352.038,2770063.196
12,2025-03-30,瑞芳DC,QC10,KPD3801,1001021555,義和店,2025-03-30 06:00:00,3/30/2025 9:19:05 AM,3/30/2025 9:45:00 AM,353297.606,2769707.058
12,2025-03-30,瑞芳DC,QC11,KPD3801,1001020523,新貿店,2025-03-30 06:00:00,3/30/2025 9:25:43 AM,3/30/2025 9:50:00 AM,353773.176,2769652.851
12,2025-03-30,瑞芳DC,QC12,KPD3801,1001023830,南山廣場店,2025-03-30 06:00:00,,3/30/2025 10:00:00 AM,354609.693,2769765.502
12,2025-03-30,瑞芳DC,QC13,KPD3801,1001015953,大道店,2025-03-30 06:00:00,3/30/2025 9:52:00 AM,3/30/2025 10:25:00 AM,356178.662,2770453.011
12,2025-03-30,瑞芳DC,QC14,KPD3801,1001024176,廣慈店,2025-03-30 06:00:00,3/30/2025 9:45:16 AM,3/30/2025 10:25:00 AM,,
12,2025-03-30,瑞芳DC,QC15,KPD3801,1001022592,新中坡店,2025-03-30 06:00:00,3/30/2025 9:56:41 AM,3/30/2025 10:40:00 AM,356428.07,2770435.016
12,2025-03-30,瑞芳DC,QC16,KPD3801,1001024398,協和店,2025-03-30 06:00:00,3/30/2025 10:17:09 AM,3/30/2025 10:45:00 AM,356254.178,2770680.117
12,2025-03-30,瑞芳DC,QC17,KPD3801,1001022958,新成鑫店,2025-03-30 06:00:00,3/30/2025 10:24:21 AM,3/30/2025 10:50:00 AM,356351.469,2770848.59
12,2025-03-30,瑞芳DC,QC18,KPD3801,1001024262,忠信店,2025-03-30 06:00:00,3/30/2025 10:33:17 AM,3/30/2025 10:55:00 AM,355453.529,2770499.437
12,2025-03-30,瑞芳DC,QC19,KPD3801,1001023114,厚雅店,2025-03-30 06:00:00,3/30/2025 10:41:01 AM,3/30/2025 11:00:00 AM,354771.066,2770729.386
12,2025-03-30,瑞芳DC,QC20,KPD3801,1001020276,永隆店,2025-03-30 06:00:00,3/30/2025 10:45:00 AM,3/30/2025 11:05:00 AM,354431.669,2770602.111
12,2025-03-30,瑞芳DC,QC21,KPD3801,1001020750,新忠隆店,2025-03-30 06:00:00,3/30/2025 10:47:49 AM,3/30/2025 11:10:00 AM,354622.236,2770581.384
12,2025-03-30,瑞芳DC,QC22,KPD3801,1001020400,聯合店,2025-03-30 06:00:00,3/30/2025 10:51:21 AM,3/30/2025 11:15:00 AM,354249.165,2770650.414
12,2025-03-30,瑞芳DC,QCDC,KPD3801,3001888888,瑞芳ＤＣ,2025-03-30 06:00:00,3/30/2025 11:23:32 AM,3/30/2025 11:49:00 AM,375487.619,2777331.953
12,2025-03-30,瑞芳DC,SCDC,KPD3801,S3001888888,瑞芳ＤＣ,2025-03-30 10:30:00,3/30/2025 12:04:53 PM,,375487.619,2777331.953
12,2025-03-30,瑞芳DC,SC01,KPD3801,1001021611,建南店,2025-03-30 10:30:00,3/30/2025 12:35:48 PM,3/30/2025 2:00:00 PM,351556.26,2770550.268
12,2025-03-30,瑞芳DC,SC02,KPD3801,1001021455,濟南二店,2025-03-30 10:30:00,3/30/2025 1:13:18 PM,3/30/2025 2:05:00 PM,351234.804,2770454.567
12,2025-03-30,瑞芳DC,SC03,KPD3801,1001019674,新北科店,2025-03-30 10:30:00,3/30/2025 1:20:29 PM,3/30/2025 2:10:00 PM,351196.72,2770866.909
12,2025-03-30,瑞芳DC,SC04,KPD3801,1001024308,北科店,2025-03-30 10:30:00,3/30/2025 1:30:49 PM,3/30/2025 2:20:00 PM,351651.361,2770806.472
12,2025-03-30,瑞芳DC,SC05,KPD3801,1001018581,昌隆店,2025-03-30 10:30:00,,3/30/2025 2:25:00 PM,351864.837,2770824.725
12,2025-03-30,瑞芳DC,SC06,KPD3801,1001022950,懷生店,2025-03-30 10:30:00,3/30/2025 1:42:58 PM,3/30/2025 2:30:00 PM,352283.176,2769749.399
12,2025-03-30,瑞芳DC,SC08,KPD3801,1001024255,興仁店,2025-03-30 10:30:00,3/30/2025 1:53:36 PM,3/30/2025 2:35:00 PM,352273.658,2770310.254
12,2025-03-30,瑞芳DC,SC09,KPD3801,1001019760,正興店,2025-03-30 10:30:00,3/30/2025 2:05:05 PM,3/30/2025 2:50:00 PM,351991.937,2770553.905
12,2025-03-30,瑞芳DC,SC10,KPD3801,1001022634,金信店,2025-03-30 10:30:00,3/30/2025 2:19:58 PM,3/30/2025 3:00:00 PM,350610.448,2769744.952
12,2025-03-30,瑞芳DC,SC11,KPD3801,1001022941,新生南路店,2025-03-30 10:30:00,3/30/2025 2:29:06 PM,3/30/2025 3:10:00 PM,351160.973,2769794.003
12,2025-03-30,瑞芳DC,SC12,KPD3801,1001024040,大森店,2025-03-30 10:30:00,3/30/2025 2:33:14 PM,3/30/2025 3:15:00 PM,351469.953,2769777.842
12,2025-03-30,瑞芳DC,SC13,KPD3801,1001014695,信美店,2025-03-30 10:30:00,3/30/2025 2:44:08 PM,3/30/2025 3:20:00 PM,351794.203,2769640.301
12,2025-03-30,瑞芳DC,SC14,KPD3801,1001022593,義興店,2025-03-30 10:30:00,3/30/2025 2:48:08 PM,3/30/2025 3:25:00 PM,352286.322,2769692.886
12,2025-03-30,瑞芳DC,SC15,KPD3801,1001024734,復豐店,2025-03-30 10:30:00,3/30/2025 2:52:32 PM,3/30/2025 3:30:00 PM,352283.176,2769749.399
12,2025-03-30,瑞芳DC,SC16,KPD3801,1001021762,復豪店,2025-03-30 10:30:00,3/30/2025 2:59:15 PM,3/30/2025 3:35:00 PM,352203.26,2769881.517
12,2025-03-30,瑞芳DC,SC17,KPD3801,1001018052,興南店,2025-03-30 10:30:00,3/30/2025 2:48:08 PM,3/30/2025 3:40:00 PM,352204.549,2769621.491
12,2025-03-30,瑞芳DC,SC18,KPD3801,1001022101,建國店,2025-03-30 10:30:00,3/30/2025 3:11:20 PM,3/30/2025 3:45:00 PM,351784.629,2769158.849
12,2025-03-30,瑞芳DC,SC19,KPD3801,1001023184,瑞和店,2025-03-30 10:30:00,3/30/2025 3:16:57 PM,3/30/2025 3:50:00 PM,352028.091,2768917.38
12,2025-03-30,瑞芳DC,SC20,KPD3801,1001015818,興和店,2025-03-30 10:30:00,3/30/2025 3:24:04 PM,3/30/2025 4:00:00 PM,352243.073,2769110.59
12,2025-03-30,瑞芳DC,SC21,KPD3801,1001020399,義安店,2025-03-30 10:30:00,3/30/2025 3:34:47 PM,3/30/2025 4:05:00 PM,352631.846,2769633.57
12,2025-03-30,瑞芳DC,SCDC,KPD3801,3001888888,瑞芳ＤＣ,2025-03-30 10:30:00,3/30/2025 4:16:00 PM,3/30/2025 4:47:00 PM,375487.619,2777331.953
03,2025-03-31,瑞芳DC,103DC,KPD3801,S3001888888,瑞芳ＤＣ,2025-03-31 12:01:00,3/31/2025 1:05:34 PM,,375487.619,2777331.953
03,2025-03-31,瑞芳DC,GZ01,KPD3801,1001019505,永吉二店,2025-03-31 12:01:00,3/31/2025 1:37:59 PM,3/31/2025 1:00:00 PM,355328.575,2771011.809
03,2025-03-31,瑞芳DC,GU04,KPD3801,1001021447,安勝店,2025-03-31 12:01:00,3/31/2025 2:30:32 PM,3/31/2025 1:30:00 PM,352957.671,2770618.117
03,2025-03-31,瑞芳DC,GU05,KPD3801,1001024238,頂好店,2025-03-31 12:01:00,3/31/2025 2:43:41 PM,3/31/2025 1:40:00 PM,,
03,2025-03-31,瑞芳DC,GM09,KPD3801,1001021802,北醫店,2025-03-31 12:01:00,3/31/2025 3:06:37 PM,3/31/2025 2:15:00 PM,354261.986,2768959.098
03,2025-03-31,瑞芳DC,GM10,KPD3801,1001020665,莊新店,2025-03-31 12:01:00,3/31/2025 3:15:54 PM,3/31/2025 2:20:00 PM,354220.919,2769110.074
03,2025-03-31,瑞芳DC,GG08,KPD3801,1001024446,瑞亞店,2025-03-31 12:01:00,3/31/2025 3:39:43 PM,3/31/2025 2:35:00 PM,355374.39,2774417.364
03,2025-03-31,瑞芳DC,GG09,KPD3801,1001017978,瑞豐店,2025-03-31 12:01:00,3/31/2025 3:50:40 PM,3/31/2025 2:45:00 PM,355542.416,2774302.601
03,2025-03-31,瑞芳DC,103DC,KPD3801,3001888888,瑞芳ＤＣ,2025-03-31 12:01:00,3/31/2025 4:41:17 PM,3/31/2025 3:10:00 PM,375487.619,2777331.953
03,2025-03-31,瑞芳DC,DTDC,KPD3801,S3001888888,瑞芳ＤＣ,2025-03-31 06:30:00,3/31/2025 7:19:04 AM,,375487.619,2777331.953
03,2025-03-31,瑞芳DC,DT01,KPD3801,1001021457,新店五豐店,2025-03-31 06:30:00,3/31/2025 8:07:24 AM,3/31/2025 8:45:00 AM,352216.273,2762644.677
03,2025-03-31,瑞芳DC,DT02,KPD3801,1001024191,新店鑫峰店,2025-03-31 06:30:00,3/31/2025 8:29:24 AM,3/31/2025 8:50:00 AM,351644.904,2761393.669
03,2025-03-31,瑞芳DC,DT03,KPD3801,1001015188,新店統寶店,2025-03-31 06:30:00,3/31/2025 8:41:29 AM,3/31/2025 9:00:00 AM,352747.249,2763024.13
03,2025-03-31,瑞芳DC,DT04,KPD3801,1001022916,新店新寶橋店,2025-03-31 06:30:00,3/31/2025 8:54:27 AM,3/31/2025 9:05:00 AM,352287.474,2763191.535
03,2025-03-31,瑞芳DC,DT05,KPD3801,1001023399,新店新文強店,2025-03-31 06:30:00,3/31/2025 9:17:53 AM,3/31/2025 9:15:00 AM,352112.978,2763718.888
03,2025-03-31,瑞芳DC,DT11,KPD3801,1001022995,新店慈濟店,2025-03-31 06:30:00,3/31/2025 9:35:56 AM,3/31/2025 9:55:00 AM,351388.155,2764442.647
03,2025-03-31,瑞芳DC,DT13,KPD3801,1001024130,新店鑫泉店,2025-03-31 06:30:00,3/31/2025 10:55:09 AM,3/31/2025 10:25:00 AM,350178.518,2763525.106
03,2025-03-31,瑞芳DC,DT14,KPD3801,1001024131,新店溪園店,2025-03-31 06:30:00,3/31/2025 10:55:09 AM,3/31/2025 10:30:00 AM,350146.381,2763692.036
03,2025-03-31,瑞芳DC,DT15,KPD3801,1001024323,新店央北店,2025-03-31 06:30:00,3/31/2025 11:18:08 AM,3/31/2025 10:35:00 AM,,
03,2025-03-31,瑞芳DC,DT16,KPD3801,1001021233,新店公宅店,2025-03-31 06:30:00,3/31/2025 11:27:45 AM,3/31/2025 10:40:00 AM,350432.0,2764001.501
03,2025-03-31,瑞芳DC,DT17,KPD3801,1001023826,新北捷十四張店,2025-03-31 06:30:00,3/31/2025 11:36:40 AM,3/31/2025 10:45:00 AM,,
03,2025-03-31,瑞芳DC,DTDC,KPD3801,3001888888,瑞芳ＤＣ,2025-03-31 06:30:00,3/31/2025 12:32:14 PM,3/31/2025 11:25:00 AM,375487.619,2777331.953
