name,tel,address,商店編號,lng,lat,X,Y
全家京江店,225678224,台北市中山區一江街２２號１樓,18902,121.5313512,25.0526739,351017.865,2771827.523
全家錦原店,225412311,台北市中山區中原街１０１號１樓,14452,121.5290416,25.0609288,350794.796,2772744.317
全家新吉原店,225113653,台北市中山區中原街１６號１樓,54113,121.5287854,25.0565351,350763.656,2772257.979
全家市民店,225638109,台北市中山區中山北路一段５８號,18703,121.5206037,25.0485402,349928.554,2771381.515
全家柯達飯店,225417813,台北市中山區中山北路二段１１巷１號、３號,61939,121.5232915,25.0529091,350205.015,2771862.425
全家聚葉店,225716328,台北市中山區中山北路二段１３７巷３４號１樓,16420,121.5251465,25.0616084,350402.671,2772823.865
全家台鑫店,225118851,台北市中山區中山北路二段４４號１樓部份,57449,121.522376,25.0528165,350112.539,2771853.178
全家東南店,225317972,台北市中山區中山北路二段６０號,60550,121.5225344,25.0566022,350133.1,2772272.285
全家新國賓店,225818863,台北市中山區中山北路二段７５－１號１樓,56357,121.5231419,25.0574712,350195.439,2772367.861
全家圓山飯店,228850843,台北市中山區中山北路四段１巷１號１樓（麒麟廳））,57899,121.5261429,25.0785749,350523.677,2774701.878
全家中賓店,225230023,台北市中山區中山里中山北路二段５９之３號１樓,15989,121.523029,25.0559278,350182.183,2772197.047
全家五常店,225067078,台北市中山區五常街５３巷２３號１號,14446,121.5397263,25.0654831,351878.136,2773237.039
全家長通店,225029136,台北市中山區伊通街１０８號１樓,14513,121.5346835,25.0540623,351355.722,2771977.647
全家金通店,225181554,台北市中山區伊通街５８號,52371,121.5346385,25.0515261,351348.139,2771696.803
全家新北鄰店,225325010,台北市中山區北安路４５８巷４１弄４８號１樓,55780,121.546355,25.078808,352562.697,2774705.612
全家永安店,225322254,台北市中山區北安路６３０巷７號１樓,14451,121.549484,25.08286,352883.127,2775150.993
全家美華店,285095070,台北市中山區北安路８１９之１號,12905,121.5562243,25.0849942,353565.502,2775380.082
全家京貿店,225066873,台北市中山區南京東路三段６５號,14196,121.538393,25.052253,351727.799,2771773.212
全家鑫興亞店,225117690,台北市中山區南京東路二段２０號１樓,63227,121.5288485,25.051887,350764.423,2771743.115
全家京林店,225674711,台北市中山區南京東路二段７２號１樓、７２－２號,59375,121.5307203,25.0518589,350953.234,2771737.95
全家中山捷運站店,225507063,台北市中山區南京西路１６號Ｂ１,61268,121.5202994,25.0528429,349903.065,2771858.392
全家合江店,225185276,台北市中山區合江街８７號一樓,53480,121.5393027,25.059226,351827.918,2772544.504
全家德惠店,225953593,台北市中山區吉林路４４８號,10198,121.5302321,25.066711,350921.857,2773383.412
全家松平店,225318666,台北市中山區四平街４７號,11502,121.5323019,25.0538263,351115.165,2771954.115
全家大直店,225328875,台北市中山區大直街３３巷１號,11115,121.5465688,25.0821721,352588.27,2775077.966
全家建國北路店,225170327,台北市中山區建國北路一段１４６號１樓,60174,121.536358,25.051243,351521.28,2771663.571
全家欣濱江店,225159357,台北市中山區建國北路三段１０９號１樓,62783,121.5361284,25.0663408,351516.216,2773335.957
全家建錦店,225065447,台北市中山區建國北路二段１３１號１樓及部分地下室,57357,121.5373197,25.0601891,351629.021,2772653.334
全家南京復興店,227151377,台北市中山區復興北路１５４號１Ｆ,61075,121.5436868,25.0531389,352262.941,2771865.568
全家金復店,228924021,台北市中山區復興北路３５６號１樓,62443,121.5438423,25.0603094,352287.179,2772659.556
全家復崙店,227526542,台北市中山區復興北路３８號１樓,62987,121.5437278,25.0492581,352262.45,2771435.712
全家新復店,225097685,台北市中山區復興北路５１４巷３５號,52308,121.5426953,25.0660747,352178.349,2773299.329
全家興德店,287725312,台北市中山區復興南路一段３８號,10578,121.5436279,25.04548,352247.867,2771017.384
全家新德城店,225995447,台北市中山區德惠街１６－７號,53032,121.5247074,25.0665771,350364.378,2773374.652
全家德林店,225961560,台北市中山區德惠街１７３號,18831,121.5318943,25.0666411,351089.451,2773373.848
全家新農店,225968538,台北市中山區恆安里農安街２６之３號一樓,15837,121.5262391,25.0647173,350516.647,2773166.986
全家撫順店,225927495,台北市中山區撫順街１２之２號１樓,15193,121.5209544,25.0634954,349982.051,2773037.477
全家鑫通店,225817485,台北市中山區新生北路一段１１６號,53679,121.527773,25.0505894,350654.352,2771600.581
全家美林店,225678382,台北市中山區新生北路二段６２巷３８－３號,51313,121.525843,25.0561155,350466.303,2772214.739
全家明水店,285097543,台北市中山區明水路５８１巷１１號１樓,14511,121.5513391,25.0801305,353066.997,2774846.684
全家光輝店,225955703,台北市中山區晴光里德惠街３４之２號一樓,15523,121.5264762,25.0665912,350542.827,2773374.267
全家朱崙店,227528615,台北市中山區朱崙街６７號,16667,121.5423503,25.050064,352124.434,2771526.465
全家松京店,225715929,台北市中山區松江路１２２號１樓,60237,121.5328065,25.0524582,351164.429,2771802.04
全家松茂店,225028713,台北市中山區松江路１２７之１號１樓及地下室,58109,121.5332865,25.0533361,351213.91,2771898.746
全家光華店,225670175,台北市中山區松江路２４之１號,11139,121.5327543,25.0470335,351152.647,2771201.293
全家權勝店,225935820,台北市中山區松江路４００號１樓及地下室,57355,121.5329184,25.06381,351189.357,2773059.172
全家松國店,225024147,台北市中山區松江路４７３號１樓,60056,121.5335301,25.066791,351254.647,2773388.659
全家長松店,225641508,台北市中山區松江路５０號１樓部份,63576,121.5327639,25.0481704,351154.981,2771327.198
全家松好店,225083831,台北市中山區松江路６１之１號１樓,58619,121.5332515,25.0485675,351204.653,2771370.645
全家長林店,225629310,台北市中山區林森北路１０７巷５４號,10693,121.5267982,25.049825,350555.082,2771516.992
全家金林店,225629847,台北市中山區林森北路１０９號１樓,16605,121.5251449,25.0504072,350388.981,2771583.29
全家新林森北路店,225114623,台北市中山區林森北路１１９巷５０號１樓,63321,121.5267654,25.0502902,350552.334,2771568.55
全家復林店,225230478,台北市中山區林森北路１４９－１．１４９－２號１樓,16851,121.525374,25.05148,350413.391,2771701.855
全家欣城店,225411007,台北市中山區林森北路２４７號１樓,63289,121.5257614,25.0539759,350455.488,2771977.859
全家金漾店,225219884,台北市中山區林森北路３０８號,50989,121.525367,25.056147,350418.32,2772218.751
全家林慶店,225672790,台北市中山區林森北路３７６號１樓,57327,121.5254315,25.0579568,350427.012,2772419.122
全家新錦林店,226271008,台北市中山區林森北路３９９巷２４號１樓,62379,121.5261788,25.0593692,350504.108,2772574.729
全家錦富店,225684923,台北市中山區林森北路４２８號１樓,52445,121.5253817,25.0599931,350424.447,2772644.705
全家新林森店,225977209,台北市中山區林森北路６３０號１樓,52544,121.5256092,25.0675597,350456.536,2773482.486
全家美麗店,285011290,台北市中山區樂群二路１４２號１樓,50173,121.5568535,25.0797215,353622.727,2774795.435
全家樂群店,285095167,台北市中山區樂群二路１８６號,11707,121.558381,25.079513,353776.553,2774770.698
全家時代廣場店,285015684,台北市中山區樂群二路２６５巷２０號,60128,121.5603995,25.0809271,353981.82,2774925.144
全家日津店,225635367,台北市中山區正義里天津街４７號１樓及地下室,10289,121.5231131,25.0501523,350183.683,2771557.295
全家民族店,225185693,台北市中山區民族東路４１０巷２３弄２４號,14417,121.5395513,25.0667374,351861.983,2773376.148
全家江寧店,225171595,台北市中山區民權東路三段６４號１樓,12520,121.5425461,25.0621252,352158.583,2772862.071
全家錦民店,225078797,台北市中山區民權東路二段１５２巷１４號,52465,121.5349805,25.0611749,351394.219,2772765.069
全家新吉林店,225639757,台北市中山區民權東路二段４６號１樓,58815,121.5301017,25.0622469,350903.328,2772889.138
全家民權西路店,225994884,台北市中山區民權西路３５號１樓,56511,121.52115,25.063111,350001.317,2772994.687
全家中山民權店,225113070,台北市中山區民權西路３８之１號１樓,60773,121.5212091,25.0626038,350006.665,2772938.448
全家玉林店,225222731,台北市中山區民生東路一段２７巷１５號,14670,121.5251401,25.0586922,350398.503,2772500.891
全家福泰店,225413026,台北市中山區民生東路一段３６號１樓,14442,121.524309,25.057881,350313.678,2772411.962
全家民佳店,225038763,台北市中山區民生東路二段１５５號１樓,57201,121.535793,25.058127,351472.531,2772426.615
全家新馬偕店,225117837,台北市中山區民生西路３３號１－４樓,61421,121.5210732,25.0578451,349987.191,2772411.552
全家雙全店,225217082,台北市中山區民生西路６２號１樓全部,60299,121.5209315,25.0575608,349972.551,2772380.221
全家興安店,225052013,台北市中山區興安街５７號,10242,121.5423073,25.0562159,352127.439,2772207.855
全家松農店,225028032,台北市中山區農安街１６０號,53427,121.5339907,25.0645895,351298.467,2773144.331
全家農安店,225042520,台北市中山區農安街２４９號,10023,121.5348795,25.0647884,351388.367,2773165.388
全家新晴店,225955820,台北市中山區農安街４－１號,50439,121.5230389,25.0648128,350193.929,2773181.086
全家新衡山店,225332342,台北市中山區通北街１１１號,55346,121.5380032,25.084304,351726.862,2775323.403
全家錦江店,225638875,台北市中山區錦州街２１５號,10398,121.532221,25.0604313,351114.942,2772685.731
全家新北大店,225172305,台北市中山區錦州街４２７號,54566,121.5424901,25.0603117,352150.769,2772661.28
全家錦西店,225673231,台北市中山區錦西街８號,11266,121.5217006,25.0601543,350053.282,2772666.613
全家正義店,225239542,台北市中山區長安東路一段５５號,14419,121.5265545,25.0487812,350529.236,2771401.655
全家遼寧店,227405515,台北市中山區長安東路二段２１６號,19772,121.5424494,25.0481678,352132.17,2771316.347
全家本部店,225173149,台北市中山區長安東路二段９９號１樓及２樓,57071,121.5349587,25.0485735,351376.903,2771369.443
全家欣欣店,225314871,台北市中山區長春路１００號１樓,14512,121.5278778,25.0547276,350669.913,2772058.787
全家長賓店,225221603,台北市中山區長春路１５號１樓,61058,121.5237746,25.0550794,350256.378,2772102.262
全家春北店,287707194,台北市中山區長春路４１０號１樓,58403,121.5437483,25.054407,352270.658,2772005.947
全家長春店,225817796,台北市中山區長春路４８號,10600,121.5258268,25.0547693,350463.044,2772065.66
全家雙城店,225996056,台北市中山區雙城街１２之１號,10261,121.524209,25.064542,350311.64,2773149.805
全家金磚店,225994347,台北市中山區雙城街１９巷２號,18705,121.5244534,25.0653415,350337.262,2773238.084
全家雙林店,225992453,台北市中山區雙城街２之２號,18636,121.5242704,25.0632076,350316.221,2773001.947
全家龍京店,225082793,台北市中山區龍江路１０２號１樓,58620,121.5403709,25.0526222,351927.789,2771811.948
全家中興店,225012043,台北市中山區龍江路２０１號１Ｆ,10796,121.5407246,25.0562769,351967.84,2772216.333
全家榮星店,225169569,台北市中山區龍江路３５２號,19680,121.5408433,25.0658607,351991.268,2773277.643
全家鑫豐店,225157030,台北市中山區龍江路３５６巷７２號,53839,121.538028,25.065893,351707.306,2773284.288
全家新南京店,287725827,台北市中山區龍江路９５號１樓,54112,121.5405696,25.0513748,351946.345,2771673.577
全家台大醫院店,233223538,台北市中正區中山南路７號Ｂ１樓,58527,121.5189715,25.04053,349754.167,2770496.156
全家新惠安店,223036887,台北市中正區中華路二段３０７巷４６號,52555,121.5064301,25.0294127,348475.162,2769278.775
全家南機場店,223039420,台北市中正區中華路二段３１１巷１號１樓,18805,121.5057421,25.0283966,348404.495,2769167.004
全家新東門店,223564259,台北市中正區信義路一段１號,54785,121.519456,25.0385054,349800.6,2770271.389
全家南陽店,223881469,台北市中正區信陽街１５號,10112,121.5162199,25.044802,349481.721,2770972.338
全家新德店,223214351,台北市中正區八德路一段４３巷２號,53115,121.5316297,25.0444514,351036.078,2770916.547
全家正陽店,223613524,台北市中正區南陽街１號,60487,121.5162868,25.0458746,349489.774,2771091.059
全家博愛店,223432173,台北市中正區博愛路６３號１Ｆ＋Ｂ１Ｆ,58369,121.5116063,25.0443137,349015.634,2770923.369
全家和鄰店,223628326,台北市中正區和平西路一段８２號１樓,12744,121.5187824,25.0263484,349717.9,2768925.699
全家嶺先店,223672038,台北市中正區廈門街１１３巷１７號１樓及地下室部分,60549,121.5192331,25.0234788,349759.905,2768607.382
全家寶慶店,223898700,台北市中正區延平南路１１１號,11554,121.509581,25.041816,348808.242,2770648.988
全家和醫店,223122560,台北市中正區延平南路１５９號１樓,19227,121.5077585,25.035249,348616.335,2769923.692
全家郡王店,223719902,台北市中正區延平南路６８號,14239,121.5103524,25.0450463,348890.013,2771005.9
全家台六宿舍店,233226216,台北市中正區徐州路２之２號１Ｆ,60054,121.5207535,25.0411999,349934.78,2770568.383
全家善導寺店,223964652,台北市中正區忠孝東路一段９號１樓,60189,121.523565,25.0449952,350223.043,2770985.629
全家兆豐店,223418109,台北市中正區忠孝東路二段９３號１樓,58710,121.5309479,25.0431607,350965.736,2770774.344
全家鴻啟店,223142878,台北市中正區忠孝西路一段１００號,18916,121.5126107,25.047133,349120.406,2771234.504
全家凱撒店,223898803,台北市中正區忠孝西路一段３８號１樓（部份）,58141,121.5164263,25.0461917,349504.234,2771126.025
全家北車店,289411871,台北市中正區忠孝西路一段４５號１Ｆ部分,59102,121.5178865,25.0463586,349651.762,2771142.895
全家亞慶店,223706675,台北市中正區忠孝西路一段５０號１樓,56918,121.5157638,25.0461226,349437.307,2771119.105
全家教育大學店,223888317,台北市中正區愛國西路１號,56575,121.5142953,25.0356043,349276.354,2769955.787
全家西站店,223120577,台北市中正區懷寧街７之１號,10886,121.5142789,25.0462152,349287.601,2771131.005
全家文祥店,223914884,台北市中正區杭州南路一段１４７號,11059,121.5246559,25.0359278,350322.161,2769980.18
全家富邦店,223513120,台北市中正區杭州南路一段１９號１Ｆ,60254,121.5266225,25.0426274,350528.674,2770720.024
全家林森南路店,223519110,台北市中正區林森南路５７．５９號,10062,121.5221471,25.0398908,350073.809,2770421.859
全家新龍口店,223047184,台北市中正區汀州路一段２４４號,52543,121.5103399,25.0272042,348867.003,2769029.828
全家文盛店,223681345,台北市中正區汀州路三段１７３號,11178,121.5325205,25.0150324,351090.638,2767657.32
全家公館店,223688539,台北市中正區汀州路三段２５１號,10053,121.5343786,25.0136888,351276.547,2767506.482
全家水源店,223642257,台北市中正區汀州路三段２６１號,11471,121.5352303,25.0128419,351361.487,2767411.756
全家金門店,223642756,台北市中正區汀州路二段２１６號１樓,19851,121.5238063,25.0223269,350220.01,2768474.767
全家新廈門店,223681443,台北市中正區汀州路二段３８號１樓,54051,121.5176064,25.0252771,349597.93,2768808.347
全家漢盛店,223117024,台北市中正區漢口街一段１８號,55850,121.5144049,25.0450598,349298.909,2771002.9
全家齊東店,223942076,台北市中正區濟南路二段３－７號１樓,11410,121.5265853,25.0416088,350523.693,2770607.251
全家福昌店,223913137,台北市中正區福州街１０號１樓（部份）,57358,121.5200055,25.0294673,349845.1,2769269.779
全家羅館店,223675612,台北市中正區羅斯福路三段２４４巷７號１樓,61353,121.5307609,25.016874,350915.273,2767863.208
全家館中店,223672204,台北市中正區羅斯福路三段３１６巷８弄１號１樓,14450,121.5326324,25.0157915,351102.842,2767741.271
全家金安店,223654620,台北市中正區羅斯福路三段８號１＋２樓,58768,121.5248121,25.0234,350322.803,2768592.51
全家羅安店,223654518,台北市中正區羅斯福路二段１４０號１樓,58528,121.522937,25.025806,350136.488,2768861.046
全家羅斯店,223962007,台北市中正區羅斯福路２段６２號１樓,58140,121.5217742,25.0275299,350021.233,2769053.255
全家衡慶店,223820271,台北市中正區衡陽路７號１樓部分（如附圖）,57203,121.513769,25.042422,349231.541,2770711.457
全家新衡陽店,223711130,台北市中正區衡陽路７７號一樓,56722,121.511041,25.0423439,348956.196,2770705.833
全家富陽店,223754181,台北市中正區襄陽路７號１樓,12933,121.5158121,25.0436342,349439.157,2770843.451
全家昌盛店,223123067,台北市中正區許昌街１４號１Ｆ,61213,121.5167853,25.0454177,349539.515,2771039.904
全家辛館店,223688257,台北市中正區辛亥路一段１３號,61688,121.5279164,25.0190298,350630.806,2768105.087
全家機場捷運店,223311029,台北市中正區鄭州路８號Ｂ１樓,61597,121.5142266,25.0487218,349285.373,2771408.679
全家重慶店,223122797,台北市中正區重慶南路一段５８號,14199,121.513106,25.043901,349166.445,2770875.998
全家開封店,223709020,台北市中正區開封街一段４１號１樓,16474,121.51255,25.046128,349113.058,2771123.264
全家北盛店,223612673,台北市中正區青島西路１３號,62091,121.5176335,25.0450638,349624.665,2770999.77
全家新仟囍店,223822831,台北市中正區館前路３６號１樓,54430,121.5147991,25.0446152,349338.142,2770953.222
全家台鐵一店,223614184,臺北市中正區北平西路３號Ｂ１,58687,121.5173735,25.047702,349601.634,2771292.249
全家南海店,223564283,臺北市中正區南海路２０號,51143,121.5171185,25.0324868,349557.441,2769607.388
全家信吉店,227866062,台北市信義區中坡北路２５號,61431,121.580735,25.045005,355991.191,2770924.993
全家新中坡店,227270460,台北市信義區中坡南路２２９號,51736,121.5851154,25.0406227,356428.07,2770435.016
全家協和店,227590819,台北市信義區中坡南路３８號１Ｆ,10245,121.5833667,25.0428191,356254.178,2770680.117
全家祥和店,227291793,台北市信義區信義路五段１５０巷４０１弄３１號,10089,121.57042,25.02409,354926.007,2768619.567
全家松友店,223460402,台北市信義區信義路六段７８號,16906,121.577016,25.035255,355604.613,2769849.101
全家松仁店,227237309,台北市信義區信義路５段１５０巷２２１號,14496,121.568751,25.028411,354762.645,2769099.906
全家松創店,227495690,台北市信義區光復南路１３３號（一號變電站庫房）,59776,121.5593832,25.0435451,353835.202,2770786.071
全家光復南路店,227294291,台北市信義區光復南路４４７之２號,10009,121.5580605,25.0352215,353691.926,2769865.632
全家復昌店,223459489,台北市信義區光復南路５０５號、５０７號及文昌街３２,16310,121.5576401,25.0320589,353645.774,2769515.818
全家富興店,227326104,台北市信義區吳興街１５６巷１６弄１號１樓,60129,121.561009,25.0287855,353981.859,2769149.663
全家北醫店,227229824,台北市信義區吳興街２６３號,10686,121.5638048,25.0270919,354261.986,2768959.098
全家盛興店,227201400,台北市信義區吳興街３３４號,55289,121.566122,25.0261195,354494.672,2768848.924
全家挹翠店,225475096,台北市信義區吳興街６００巷５６號,61292,121.5698427,25.0202755,354863.29,2768197.718
全家三興店,227232796,台北市信義區吳興街７號,11588,121.5595,25.0317675,353833.104,2769481.546
全家六張黎店,227338739,台北市信義區和平東路三段３８７號,10014,121.5575787,25.0198489,353625.173,2768163.597
全家財盛店,227130655,台北市信義區基隆路二段１１３之２號,61166,121.5571383,25.0286755,353591.146,2769141.638
全家永隆店,227678120,台北市信義區基隆路１段１４７巷７號,14406,121.5653136,25.0419415,354431.669,2770602.111
全家大道店,227276692,台北市信義區大道路７９號１樓,12233,121.5826419,25.0407616,356178.662,2770453.011
全家崇德店,227333493,台北市信義區崇德街２９號,18701,121.5538742,25.0244329,353256.755,2768675.273
全家台北１０１店,281017976,台北市信義區市府路４５號Ｂ１（商場編號５３）,59399,121.5643085,25.0338492,354320.751,2769706.945
全家忠信店,227422963,台北市信義區忠孝東路五段４２５號１樓及地下室,15318,121.575451,25.041112,355453.529,2770499.437
全家松安店,287683628,台北市信義區忠孝東路五段４６５號１樓,60836,121.5771219,25.0410336,355622.027,2770488.98
全家忠美店,227274597,台北市信義區忠孝東路五段４９８號１樓及地下１樓,59610,121.578473,25.0408819,355758.172,2770470.747
全家新忠隆店,227493532,台北市信義區忠孝東路五段７１巷８號壹樓,52808,121.5672043,25.0417726,354622.236,2770581.384
全家聯合店,227685432,台北市信義區忠孝東路四段５５３巷６弄１７號１樓,12899,121.5634999,25.0423601,354249.165,2770650.414
全家南山廣場店,227585233,台北市信義區松仁路１００號６樓之１,58449,121.5671656,25.0344055,354609.693,2769765.502
全家新安興店,227204938,台北市信義區松仁路２４０巷２號,56145,121.5692001,25.0248579,354803.805,2768705.913
全家永孝店,227678185,台北市信義區松信路１４５號,10890,121.572162,25.043543,355124.52,2770772.173
全家建鑫店,227233205,台北市信義區松壽路２４號,14277,121.5676908,25.0353759,354663.825,2769872.415
全家松山車站店,227471585,台北市信義區松山路１１號,60236,121.5791866,25.0493066,355839.97,2771403.043
全家松傑店,227656379,台北市信義區松山路１１號地下１樓,62641,121.5786341,25.0492345,355784.144,2771395.644
全家松盛店,227606140,台北市信義區松山路１５３號,11992,121.5779352,25.0465425,355710.498,2771098.24
全家松永店,223465356,台北市信義區松德路１５７號,56465,121.5749443,25.0365336,355397.066,2769992.908
全家信安店,287895039,台北市信義區松德路２００巷１３號１樓,53880,121.5736941,25.0345309,355268.582,2769772.433
全家新信德店,223465799,台北市信義區松德路２８３號,53167,121.5746406,25.032428,355361.634,2769538.527
全家永吉二店,227491648,台北市信義區永吉路２２３號,10403,121.5741592,25.0457259,355328.575,2771011.809
全家厚雅店,227659814,台北市信義區永吉路３０巷１１８號１樓,57356,121.5686637,25.043123,354771.066,2770729.386
全家景聯店,287861164,台北市信義區莊敬路１９０號１樓及地下室,60557,121.5611362,25.0307553,353997.013,2769367.687
全家莊新店,227581883,台北市信義區莊敬路３０７號,54036,121.563382,25.028451,354220.919,2769110.074
全家莊敬店,227201156,台北市信義區莊敬路３７４號,11004,121.5648783,25.0275297,354370.826,2769006.436
全家欣富台店,227491525,台北市信義區虎林街１２０巷１６５號,52156,121.5742114,25.0422431,355329.777,2770626.026
全家海華店,287890667,台北市信義區虎林街１３２巷８１號１樓,11460,121.5741078,25.0402508,355317,2770405.484
全家忠林店,287891305,台北市信義區虎林街１６６號１樓及地下室,15453,121.5764427,25.0390527,355551.19,2770270.312
全家新松林店,227493109,台北市信義區虎林街６１－４號,52985,121.577116,25.046285,355627.547,2771070.59
全家永林店,227470209,台北市信義區虎林街８２巷２３號,11092,121.5762287,25.0434378,355534.707,2770756.198
全家逸鑫店,227206664,台北市信義區逸仙路４２巷２３號,58712,121.563093,25.0403546,354205.752,2770428.736
全家新貿店,287802293,臺北市信義區信義路四段４０７號壹樓,51448,121.5588881,25.0333083,353773.176,2769652.851
全家湖安店,226591427,台北市內湖區內湖路一段２８５巷１９號１樓,10876,121.5669829,25.0829709,354648.253,2775144.442
全家碧湖店,226277149,台北市內湖區內湖路一段５９３號一樓及地下室,15331,121.5733563,25.0809546,355288.734,2774914.329
全家麗水店,226272956,台北市內湖區內湖路一段７３３號１樓,56568,121.5781871,25.0791388,355773.874,2774708.089
全家麗山店,226279495,台北市內湖區內湖路一段７３７巷４９號,10188,121.579035,25.080342,355860.799,2774840.447
全家陽湖店,226277102,台北市內湖區內湖路一段９１巷４號１樓,57818,121.56156,25.084811,354103.453,2775354.051
全家台塑店,227940810,台北市內湖區南京東路六段３７０號,62836,121.5878794,25.0594936,356728.766,2772522.09
全家精英店,226579148,台北市內湖區堤頂大道二段２４１號壹樓,16748,121.5672366,25.0786692,354668.79,2774667.745
全家新瑞店,226592842,台北市內湖區堤頂大道２段４０７巷２６號一樓,15377,121.563427,25.081055,354287.338,2774936.059
全家東安店,226345521,台北市內湖區安康路４８０號,11264,121.6158416,25.0678598,359559.111,2773419.493
全家紫新店,227940091,台北市內湖區康寧路ㄧ段３７號ㄧ樓,56456,121.5589651,25.0852396,353842.233,2775404.309
全家康雲店,227940805,台北市內湖區康寧路一段１１６號及地下室,55810,121.593333,25.0794499,357301.931,2774726.556
全家東茂店,226317208,台北市內湖區康寧路三段１８９巷１２號１樓,60130,121.6126635,25.0702985,359241.295,2773692.869
全家湖東店,226316023,台北市內湖區康樂街１１０巷１５號,62617,121.618459,25.0707876,359826.452,2773741.05
全家康福店,226339860,台北市內湖區康樂街８７號,14453,121.6188527,25.0696639,359864.893,2773616.193
全家湖興店,287926469,台北市內湖區成功路二段３２０巷２８號１樓,61254,121.589295,25.0675351,356880.865,2773411.212
全家鑫三總店,287917684,台北市內湖區成功路二段３２５號Ｂ１Ｆ,63658,121.5928527,25.0716694,357244.514,2773865.354
全家湖捷店,227946716,台北市內湖區成功路四段１７８號１樓,58313,121.5938554,25.0835882,357359.393,2775184.333
全家德湖店,287923344,台北市內湖區成功路四段６２號１樓及Ｂ１,57622,121.5925068,25.0827071,357222.354,2775088.165
全家紫陽店,287519703,台北市內湖區文德路２１２號,14132,121.5839876,25.0782428,356357.905,2774602.711
全家瑞陽店,226597471,台北市內湖區文德路９０巷４９號,12171,121.5834657,25.0772411,356304.1,2774492.322
全家湖茂店,227978682,台北市內湖區文湖街２１巷７號１樓,61291,121.5601355,25.0870375,353962.403,2775602.174
全家文湖店,227973433,台北市內湖區文湖街５９號,14540,121.5626777,25.0868174,354218.55,2775575.067
全家興盛店,227903667,台北市內湖區新明路１８２號,11482,121.5853369,25.0574596,356469.918,2772299.501
全家行美店,227945755,台北市內湖區新明路３７６號,62741,121.580523,25.0549193,355981.323,2772023.246
全家新湖店,227937065,台北市內湖區新湖二路２５０巷８號１樓,12915,121.582506,25.0648484,356192.905,2773120.817
全家星湖店,227906271,台北市內湖區星雲街１６１巷１號,52945,121.5962599,25.0809091,357598.832,2774885.095
全家民善店,287922468,台北市內湖區民善街１號１樓,57999,121.5771275,25.0575383,355641.817,2772316.906
全家內華店,227911354,台北市內湖區民權東路六段１６２號,14448,121.5917815,25.0685084,357132.814,2773516.392
全家湖洲店,226308735,台北市內湖區民權東路六段２９６巷７０號１樓,61293,121.6089497,25.0702071,358866.572,2773686.596
全家三民店,227942827,台北市內湖區民權東路六段９０巷１號,10035,121.5861291,25.0687168,356562.874,2773545.424
全家內科店,287511523,台北市內湖區洲子街６１號１樓（部份）,57501,121.5729685,25.0797811,355248.246,2774784.774
全家瑞湖店,287524016,台北市內湖區港墘里瑞光路５１３巷３９號１樓,16082,121.5704091,25.0800293,354990.382,2774814.991
全家港華店,287975015,台北市內湖區港華街４０號１樓,59373,121.5749072,25.0829932,355447.546,2775138.459
全家瑞豐店,287514934,台北市內湖區瑞光路２２０號,57978,121.575935,25.075456,355542.416,2774302.601
全家瑞亞店,226573023,台北市內湖區瑞光路３０２號１樓,59030,121.5742574,25.0764761,355374.39,2774417.364
全家瑞興店,226591468,台北市內湖區瑞光路３０３號,55849,121.5760146,25.0758654,355550.923,2774347.859
全家瑞智店,287518611,台北市內湖區瑞光路４３３號１樓,58709,121.570382,25.0786547,354986.038,2774662.779
全家瑞光店,287514993,台北市內湖區瑞光路５１０號１樓,12253,121.5676585,25.0794177,354712.224,2774750.193
全家瑞盛店,287926581,台北市內湖區瑞光路６６巷４０號,55393,121.5809133,25.0696006,356037.762,2773648.82
全家陽鑫店,226593732,台北市內湖區瑞湖街８０號１樓Ｒ３、Ｒ４　,58636,121.5759688,25.0725545,355542.439,2773981.217
全家新環山店,228839401,台北市內湖區環山路一段７號１樓,62274,121.5656867,25.0828659,354517.391,2775134.201
全家金莊店,227941829,台北市內湖區石潭路６７號１樓,54027,121.587078,25.0628977,356651.858,2772899.946
全家堤頂店,287989969,台北市內湖區舊宗路二段２０７號１樓（部份）,58160,121.57402,25.07323,355346.651,2774058.102
全家行善公宅店,287926725,台北市內湖區行善路２６２號１樓,62211,121.5816131,25.0599974,356097.196,2772584.503
全家明美店,227941977,台北市內湖區金莊路８６號１樓,58807,121.5873902,25.0633483,356683.874,2772949.522
全家陽盛店,226579844,台北市內湖區陽光街３５３號１樓,60464,121.5772287,25.072834,355669.853,2774010.834
全家湖山店,226572616,台北市內湖區麗山街３４８巷１０弄２號,11845,121.5734808,25.0821826,355302.728,2775050.201
全家湖濱店,226593051,臺北市內湖區內湖路二段１０３巷１０４號,19222,121.5808218,25.0839428,356045.212,2775237.35
全家新內湖店,227948239,臺北市內湖區成功路２段４２０號,52138,121.589691,25.071227,356925.078,2773819.681
全家德陽店,227987160,臺北市內湖區文德路２２巷２５號,18963,121.5799315,25.076798,355947.099,2774446.989
全家新東湖店,226317679,臺北市內湖區東湖路４３巷４號,50301,121.614207,25.0691678,359395.707,2773566.045
全家新德明店,227996853,臺北市內湖區環山路一段１１０號,53284,121.5679806,25.0865525,354753.088,2775540.048
全家行善店,227967192,臺北市內湖區行善路２８９號,52866,121.5841681,25.0616751,356356.893,2772767.611
全家金瑞店,227934276,臺北市內湖區金龍路２２４號,51866,121.5866988,25.0882906,356643.014,2775712.666
全家三合店,228946764,台北市北投區三合街一段１１６號１樓,59263,121.5041984,25.1270086,348369.609,2780090.485
全家鑫復中店,225239913,台北市北投區中和街３２２號,62389,121.499786,25.141102,347942.078,2781656.351
全家新和店,228912821,台北市北投區中和街４８９號,52067,121.4951934,25.1451129,347484.023,2782105.743
全家新復興崗店,228910617,台北市北投區中央北路三段４號１樓,55782,121.4866126,25.1384645,346610.692,2781379.075
全家文化店,228976316,台北市北投區中央北路二段９７號１樓,10833,121.495158,25.136842,347470.23,2781189.73
全家義忠店,228945003,台北市北投區中央北路四段２９８號,62888,121.4729713,25.1313457,345226.449,2780606.126
全家中央南路店,228911712,台北市北投區中央南路２段１５號１樓,57247,121.5005383,25.125821,347999.104,2779963.048
全家清江店,228970433,台北市北投區中央里清江路１號，中央南路一段６３號,12774,121.5014454,25.1317464,348097.858,2780618.304
全家甲桂林店,228725427,台北市北投區中山北路七段２１９巷３弄１７１號壹樓,55397,121.5308013,25.1285452,351053.785,2780231.191
全家永興店,228947414,台北市北投區中庸里永興路一段１號、３號一樓,12462,121.4994013,25.1388601,347900.53,2781408.479
全家北投店,228941595,台北市北投區光明路２１８之１號,10343,121.5042869,25.136169,348389.784,2781104.952
全家光明店,228966631,台北市北投區光明路２３號，２５號,11789,121.4991751,25.132645,347870.063,2780720.374
全家新奇岩店,228947281,台北市北投區公館路２３０號,53428,121.5079336,25.1263293,348745.392,2780011.077
全家大同店,228919974,台北市北投區大業路４５２巷３１號,14441,121.4972302,25.1321269,347673.331,2780665.175
全家大業店,228964457,台北市北投區大興街２２號,11030,121.4984261,25.1298638,347791.117,2780413.181
全家尊賢店,228271417,台北市北投區尊賢街２６０號１Ｆ,10650,121.5071973,25.1173393,348660.135,2779016.208
全家振華店,228232410,台北市北投區振華街２號,14514,121.5200142,25.1156487,349950.489,2778814.729
全家北護店,228212508,台北市北投區明德路３６５號教學研究大樓一樓,61019,121.5210206,25.1185042,350055.438,2779129.877
全家東華店,228232256,台北市北投區東華街二段８８號,11881,121.5137377,25.1177103,349320.097,2779050.018
全家富貴店,228237199,台北市北投區榮華三路３之１號１樓,60818,121.5240472,25.1136705,350354.77,2778591.18
全家崇合店,228972076,台北市北投區清江里三合街二段４８７號１樓,12577,121.5012904,25.1261553,348075.35,2779999.231
全家行勝店,228586707,台北市北投區知行路２９８號１樓,56300,121.4675125,25.1219657,344664.258,2779573.471
全家榮光店,228217765,台北市北投區石牌路一段１６６巷９３號,50942,121.5151727,25.1124033,349458.33,2778460.648
全家北榮店,228766755,台北市北投區石牌路二段２０１號,54647,121.5222656,25.1222532,350185.525,2779543.722
全家東榮店,228742808,台北市北投區石牌路二段２０１號（長青樓大樓）,62693,121.5188839,25.1211377,349843.185,2779423.914
全家華勝店,228217248,台北市北投區石牌路２段８８之１號１樓,56961,121.5164481,25.1169631,349592.493,2778964.254
全家明德店,228239507,台北市北投區石牌里明德路９３號,11702,121.5188675,25.1090864,349826.883,2778089.191
全家榮岩店,228978095,台北市北投區磺港路２６１號１樓,61479,121.5031725,25.1238138,348262.243,2779737.79
全家關渡慈濟店,223820683,台北市北投區立德路８號（二樓部分）,62148,121.472336,25.1238186,345152.953,2779773.176
全家立賢店,228202721,台北市北投區立賢里承德路七段２９０號,12130,121.5053197,25.1164935,348469.767,2778924.627
全家新自強店,228212852,台北市北投區自強街１１６號１樓,56560,121.5155216,25.1107734,349491.527,2778279.741
全家東陽店,228212319,台北市北投區西安街一段２８３號,14336,121.516698,25.1120094,349611.662,2778415.33
全家華儷店,229266847,台北市北投區西安街二段２０３號１樓,62256,121.5100101,25.1197404,348946.704,2779279.007
全家中永店,228949813,台北市北投區開明里中和街２５２號一樓,12460,121.5008779,25.1399773,348050.775,2781530.56
全家新實店,228236547,臺北市北投區實踐街５１號１樓,19489,121.5095852,25.115361,348898.502,2778794.439
全家新知行店,228586738,臺北市北投區知行路２３７號,50979,121.4669978,25.120469,344610.475,2779408.291
全家唭哩店,228219568,臺北市北投區西安街二段２８３號,18917,121.5063884,25.1205135,348582.46,2779368.67
全家工業一店,226550313,台北市南港區三重路１９－７號內之一部份,53755,121.6137086,25.0571469,359331.783,2772235.231
全家工業三店,227833949,台北市南港區三重路６６之２號１樓,16966,121.6151362,25.0574419,359476.137,2772266.427
全家宏展店,226539324,台北市南港區三重路６６號１樓,58852,121.614302,25.0571105,359391.605,2772230.586
全家德民店,226536783,台北市南港區八德路四段７６８巷９號１樓,62993,121.5803904,25.049727,355961.91,2771448.328
全家港成店,226548729,台北市南港區南港路三段２號,53077,121.5930487,25.054544,357244.55,2771968.478
全家南港公宅店,226546142,台北市南港區南港路二段３８巷６之２號,59213,121.6047706,25.0547743,358427.381,2771981.734
全家小彎公宅店,227836507,台北市南港區向陽路２５６號１樓,61647,121.593695,25.0580659,357313.808,2772357.857
全家工業二店,226558763,台北市南港區園區街３號２樓之７,15117,121.6118825,25.0584861,359149.083,2772385.439
全家富康店,227821423,台北市南港區富康街８６號１Ｆ,10559,121.6169066,25.0519543,359648.525,2771656.842
全家南港生技店,226534024,台北市南港區忠孝東路七段５０８之７號１樓,62962,121.6099135,25.0522286,358943.324,2771694.453
全家港忠店,226511449,台北市南港區忠孝東路七段６３５號１樓,60526,121.615953,25.0533168,359553.863,2771808.725
全家新昆陽店,227883495,台北市南港區昆陽街１４５號,52236,121.5941934,25.0501261,357354.949,2771477.987
全家向陽店,227887390,台北市南港區東新里重陽路１６號一樓,15287,121.5959136,25.0551165,357534.235,2772028.88
全家新成鑫店,227853529,台北市南港區玉成街１７６巷１號,52157,121.5843134,25.0443493,356351.469,2770848.59
全家港運店,227857667,台北市南港區玉成街５２巷２弄７號一樓,60109,121.5813421,25.0477015,356055.575,2771222.993
全家中研店,227839381,台北市南港區研究院路二段１２巷５５號１樓,59031,121.613935,25.047711,359343.914,2771189.961
全家研究院店,226515140,台北市南港區研究院路２段７０巷１號,14429,121.6150046,25.0458652,359449.734,2770984.432
全家港福店,226543532,台北市南港區福德街３７３巷６３號１樓,16553,121.5922369,25.0394789,357145.291,2770300.845
全家大聯大店,226510364,台北市南港區經貿二路１９１號一樓,60111,121.6161053,25.0608537,359577.769,2772643.287
全家京石店,227831176,台北市南港區經貿二路２３５巷３８號１樓,63221,121.6151147,25.0614302,359478.492,2772708.158
全家中視店,227864176,台北市南港區興南街３９號１樓,11489,121.6014599,25.0561766,358094.986,2772140.491
全家興華店,227834076,台北市南港區興華路８６號,11826,121.6056456,25.0559319,358516.977,2772109.03
全家新莊研店,227853487,台北市南港區舊莊街一段１６９號,54856,121.6212636,25.0394356,360073.962,2770265.899
全家胡適店,227888455,台北市南港區舊莊街一段３巷１６號,50358,121.6181822,25.0423061,359766.303,2770586.98
全家國興店,227832665,台北市南港區舊莊街一段３巷３弄２號,14434,121.6188841,25.0430694,359837.984,2770670.794
全家重陽店,227893918,台北市南港區重陽路１８３、１８５號１樓,12952,121.5987604,25.0567525,357823.311,2772207.091
全家經貿店,227833027,臺北市南港區經貿二路２００號１樓,58108,121.6143075,25.0596859,359395.082,2772515.809
全家金天玉店,228724513,台北市士林區中山北路七段８１巷８號１樓,61338,121.5306336,25.1218824,351028.839,2779493.439
全家天強店,228317990,台北市士林區中山北路六段２３８號壹樓,54985,121.5254958,25.1090163,350495.214,2778074.109
全家榮富店,228768631,台北市士林區中山北路六段７２６號北側,52924,121.5279258,25.1150981,350747.608,2778745.022
全家仰德大樓店,228383850,台北市士林區中山北路六段８８號地下室,61289,121.5257708,25.0841044,350492.826,2775314.703
全家士林店,228348066,台北市士林區中山北路５段６９７號,18702,121.5271204,25.0976484,350645.308,2776813.275
全家士商店,228838435,台北市士林區中正路５０３號,50120,121.5180117,25.0916805,349719.423,2776162.352
全家福港店,228804266,台北市士林區前港街１２６號,10690,121.5178463,25.0851784,349694.84,2775442.398
全家大港店,228832065,台北市士林區前港街３９號,14157,121.5215497,25.084872,350068.002,2775404.37
全家基河店,228837080,台北市士林區基河路１２８號１樓,62646,121.5232666,25.0885792,350245.662,2775813.065
全家芝玉店,228343943,台北市士林區士東路２６６巷５弄１６號,14445,121.537499,25.112386,351709.691,2778434.15
全家新士誠店,228314357,台北市士林區士東路８６號壹樓,57575,121.5288289,25.1120044,350834.94,2778401.388
全家華港店,228810722,台北市士林區大南路２３１號,50378,121.5209461,25.0883772,350011.372,2775793.253
全家新天地店,228811327,台北市士林區大南路３４６號１樓,62320,121.5176112,25.0891006,349675.894,2775877.06
全家大南店,228833976,台北市士林區大南路５２號,10923,121.5249323,25.0894468,350414.713,2775907.32
全家大東店,228834125,台北市士林區大東路６３號１樓,59959,121.5254773,25.09013,350470.507,2775982.387
全家天山店,228769215,台北市士林區天母東路６９巷１１之９號１樓,19229,121.533781,25.119507,351343.338,2779226.9
全家新磺溪店,228767673,台北市士林區天母西路４０－２號１樓,54429,121.5258285,25.1184042,350540.122,2779113.497
全家天成店,228747141,台北市士林區天福里天母東路３６號之５，之６,16606,121.5326821,25.1179057,351230.603,2779050.753
全家新延店,228113485,台北市士林區延平北路五段２１７號１樓,60510,121.5098419,25.0839899,348886.043,2775319.647
全家葫蘆店,288114965,台北市士林區延平北路五段２８３之１號,11871,121.5094807,25.085615,348851.597,2775500.036
全家社子島店,228105039,台北市士林區延平北路八段１０５號１樓,61646,121.483407,25.1057775,346246.808,2777762.419
全家德行店,228314191,台北市士林區德行東路１０９巷３號,11396,121.5281936,25.1078808,350765.896,2777945.379
全家德忠店,228318420,台北市士林區德行東路１０９巷７５號壹樓,52932,121.5284697,25.1100775,350796.391,2778188.37
全家新芝蘭店,228345602,台北市士林區德行東路２８２號１樓,63061,121.5357928,25.1099374,351534.697,2778164.822
全家新天和店,228723753,台北市士林區忠誠路二段１６８號１樓,54186,121.5331645,25.1156536,351276.535,2778800.794
全家誠德店,228344780,台北市士林區忠誠路二段５號１樓,56412,121.5306097,25.1087688,351010.615,2778041.074
全家新蘭雅店,228314977,台北市士林區忠誠路二段５２號壹樓及地下室部份,54987,121.5303818,25.1108839,350990.183,2778275.581
全家文鑫店,228816801,台北市士林區文林路２０５號１樓及地下室,58442,121.5270008,25.0901023,350624.131,2775977.643
全家新格致店,228623855,台北市士林區格致路５３號１樓,55430,121.5464251,25.1377253,352640.034,2781230.859
全家鑫社店,228112859,台北市士林區社中街２８０號１樓及２樓,59595,121.5062323,25.0920812,348531.875,2776219.819
全家社中店,228132673,台北市士林區社中街３８６號,18803,121.5034501,25.0922812,348251.515,2776245.076
全家永新店,228113436,台北市士林區社子街２７號,11080,121.5079657,25.0876678,348701.301,2775729.081
全家社正店,288115530,台北市士林區社正路２６號１樓,59896,121.5095614,25.088659,348863.456,2775837.084
全家福林店,288611682,台北市士林區福林里中正路２３３號，２３３之１號,12034,121.526009,25.095213,350530.277,2776544.766
全家百齡店,228834606,台北市士林區福港街１５８－１號,50535,121.5177486,25.0871572,349687.39,2775661.667
全家和豐店,228813084,台北市士林區福華里和豐街２號一樓,15638,121.5193393,25.0828021,349842.543,2775177.561
全家天文店,228319102,台北市士林區美崙街１１８號,16316,121.5195316,25.0970573,349879.243,2776756.177
全家至善店,228414153,台北市士林區臨溪里至善路二段２６８號一樓,12950,121.5510549,25.1004577,353062.481,2777098.301
全家中影店,228839581,台北市士林區至善路二段３４號,19226,121.5448055,25.0968984,352427.986,2776710.873
全家美崙店,228346427,台北市士林區華榮街９７號,10246,121.5231683,25.0971113,350246.08,2776758.142
全家通河店,228858507,台北市士林區通河街１４５號,11036,121.5207014,25.0810371,349977.79,2774980.575
全家新葫東店,228162923,台北市士林區重慶北路四段１８４號１樓,54213,121.511996,25.084562,349104.011,2775380.615
全家致昇店,228385392,台北市士林區雨聲街３６號１樓,57718,121.529215,25.102078,350861.896,2777301.57
全家新陽明店,228818262,臺北市士林區中正路３２９號,50840,121.5231603,25.0945343,350242.152,2776472.736
全家大北店,228819255,臺北市士林區文林路３２０號,50683,121.5261069,25.0923066,350536.638,2776222.762
全家金慶店,225564600,台北市大同區南京西路３０８號１樓,56491,121.513377,25.053872,349205.924,2771980.027
全家京鋒店,225587692,台北市大同區南京西路６１號１樓,58045,121.519236,25.053104,349796.097,2771888.484
全家大龍店,225980054,台北市大同區大龍街１３３號１樓,14447,121.5161886,25.0674037,349506.026,2773475.606
全家蘭州店,225995380,台北市大同區大龍街２１７號１樓,16641,121.5159995,25.0705817,349490.814,2773827.793
全家太陽店,225507907,台北市大同區太原路１５３號１樓,59755,121.5166957,25.055248,349542.413,2772128.749
全家泰元店,225592980,台北市大同區太原路８１號,56215,121.5157275,25.0517999,349440.543,2771747.929
全家寧夏店,225500930,台北市大同區寧夏路２８，３０，２８—１，２８—２號,11023,121.5150634,25.0558713,349378.493,2772199.589
全家國順店,225919787,台北市大同區延平北路三段１１８號１樓,14516,121.5108186,25.0673463,348964.245,2773475.205
全家永樂店,225529571,台北市大同區延平北路二段２６０號之１　,50875,121.511266,25.060467,349000.989,2772712.795
全家龍泉店,285961664,台北市大同區延平北路四段６２號１樓,60985,121.510802,25.0704909,348966.407,2773823.502
全家京承店,225508721,台北市大同區承德路一段２９號１樓,61900,121.5173002,25.0509419,349598.171,2771651.162
全家日新店,225505051,台北市大同區承德路二段３９＆４１號１樓,14515,121.5184133,25.0549924,349715.386,2772098.541
全家甘州店,225505587,台北市大同區歸綏街１８１之２號,50716,121.513269,25.0582942,349200.412,2772469.925
全家權澤店,225506916,台北市大同區民權西路１１０號１樓及夾層,59306,121.5170177,25.0627151,349583.967,2772955.406
全家福澤店,225572577,台北市大同區民權西路１４６號,11099,121.5158454,25.0627453,349465.741,2772960.048
全家萬全店,225576965,台北市大同區民生西路６３號,11354,121.5201341,25.0577399,349892.323,2772400.937
全家迪化街店,285902267,台北市大同區迪化街一段４２號１、２樓,62002,121.509978,25.054875,348864.228,2772094.887
全家鑫泉店,225986829,台北市大同區酒泉街２２７號１樓,59021,121.511258,25.0722453,349014.546,2774017.303
全家慶國店,225950170,台北市大同區重慶北路三段２７８之２號１樓,61468,121.5135823,25.072639,349249.486,2774058.327
全家龍昌店,225919144,台北市大同區重慶北路三段３２７號１樓（如附圖）,59247,121.5140679,25.0744433,349300.666,2774257.623
全家慶權店,225578978,台北市大同區重慶北路二段２６３號１樓,12707,121.5138427,25.0627427,349263.704,2772961.979
全家福山店,225526380,台北市大同區長安西路２５號１樓全部,60511,121.519961,25.0503304,349865.88,2771580.496
全家長慶店,225507756,台北市大同區長安西路２５８號１樓,57719,121.5133563,25.0516043,349201.075,2771728.893
全家玉泉店,225522657,台北市大同區長安西路３４２號１樓,57525,121.5102772,25.0519359,348890.828,2771769.036
全家福安店,225509755,台北市大同區長安西路５４號１樓,14437,121.5198762,25.0501431,349857.097,2771559.846
全家酒泉店,225929575,臺北市大同區庫倫街４８之４號,50002,121.5180586,25.0718037,349700.008,2773960.856
全家新橋店,225996171,臺北市大同區延平北路三段２５之３號,52078,121.5112541,25.06438,349004.56,2773146.19
全家明曜店,227780326,台北市大安區仁愛路四段１５１巷３４號．３６號,11901,121.5516555,25.0405267,353051.933,2770460.098
全家國泰店,227542056,台北市大安區仁愛路四段２６６巷１５弄１０號１樓,12742,121.5535193,25.0365427,353235.271,2770016.848
全家吉泰店,227001566,台北市大安區仁愛路四段３００巷１１之１號,51421,121.5546715,25.0369724,353352.038,2770063.196
全家仁慈店,227089002,台北市大安區仁愛路四段４８巷６號,10086,121.5470275,25.0371082,352580.912,2770086.495
全家忠愛店,227314580,台北市大安區仁愛路４段２７巷４３號,14560,121.5452829,25.0410747,352409.602,2770527.687
全家金信店,223587145,台北市大安區信義路二段１０４號１樓,55507,121.527538,25.0338325,350610.448,2769744.952
全家義和店,227047661,台北市大安區信義路四段２６５巷８號,53348,121.5541698,25.0337519,353297.606,2769707.058
全家義安店,227015844,台北市大安區信義路四段８８號（部分）,53796,121.5475804,25.0330241,352631.846,2769633.57
全家義興店,227048404,台北市大安區信義路４段１之１０．１之１１號,14506,121.5441502,25.0335261,352286.322,2769692.886
全家華視店,227310238,台北市大安區光復南路１１６巷２６號,14497,121.5565761,25.0429093,353551.227,2770718.673
全家國父紀念館店,227755468,台北市大安區光復南路２９２號（範圍如附圖）,58222,121.557358,25.0392336,353625.778,2770310.738
全家光新店,227849586,台北市大安區光復南路４１８號,11234,121.5573165,25.0365381,353618.408,2770012.249
全家台師店,223682773,台北市大安區和平東路一段１６２號,56569,121.5270005,25.0256415,350546.342,2768838.36
全家和茂店,227371408,台北市大安區和平東路三段５８號１樓,53269,121.548167,25.024361,352680.748,2768673.472
全家和東店,227324425,台北市大安區和平東路二段１０２之３號１樓,11020,121.5417603,25.0249196,352034.904,2768742.286
全家國立教育店,227325341,台北市大安區和平東路二段１３４號１樓,62801,121.5464801,25.0234536,352509.442,2768574.801
全家和新店,283691009,台北市大安區和平東路二段２２號,11205,121.536271,25.025621,351481.812,2768825.945
全家和復店,227540370,台北市大安區和平東路二段２６１號，２６３號,11572,121.5439412,25.0249481,352255.015,2768743.074
全家成功店,227550428,台北市大安區和平東路二段３１１巷３２號,10552,121.5450559,25.0256433,352368.328,2768818.86
全家台科店,227384936,台北市大安區基隆路４段４３號地下一樓第三餐廳,58658,121.5410802,25.0119407,351950.791,2767305.575
全家大安店,227117896,台北市大安區大安路一段２０號,10076,121.5460856,25.0440921,352494.183,2770861.003
全家和信店,227556391,台北市大安區安和路一段１０４號,56909,121.552268,25.034158,353106.189,2769754.085
全家敦安店,227019097,台北市大安區安和路一段１１２巷２７號,10038,121.5503778,25.0340368,352915.317,2769742.703
全家安富店,227755484,台北市大安區安和路一段４９巷１０號,58248,121.5517087,25.0384537,353054.844,2770230.45
全家東方店,227039578,台北市大安區安和路二段１０巷１０號壹樓及地下室,50625,121.5516969,25.032496,353046.593,2769570.631
全家樂和店,227329745,台北市大安區安和路二段１６９號,56351,121.5501796,25.0281922,352888.386,2769095.612
全家安居店,227375452,台北市大安區安居街７６號,10121,121.5533299,25.0196611,353196.183,2768147.371
全家師大店,223918196,台北市大安區師大路７９號,10051,121.5285941,25.0233969,350704.452,2768588.015
全家延安二店,287717379,台北市大安區延吉街１３０號,53434,121.5547133,25.0401385,353360,2770413.805
全家延孝店,227405319,台北市大安區延吉街１３５號之三，一樓,10564,121.554397,25.0423395,353330.69,2770657.913
全家延安店,287716553,台北市大安區延吉街１５８號,11636,121.5548506,25.0395322,353373.137,2770346.508
全家北科店,227762695,台北市大安區建國南路一段８１號,56573,121.537739,25.0435178,351651.361,2770806.472
全家建國店,227540801,台北市大安區建國南路二段１５１巷３８號１樓,10823,121.5392359,25.028656,351784.629,2769158.849
全家建南店,227318185,台北市大安區建國南路１段１５６，１５８號,14424,121.536824,25.0411955,351556.26,2770550.268
全家興忠店,227419504,台北市大安區復興南路一段２００號,10258,121.5434452,25.0397231,352222.571,2770379.988
全家興仁店,287732350,台北市大安區復興南路一段２１７號,11029,121.5439589,25.0390985,352273.658,2770310.254
全家復豪店,227098606,台北市大安區復興南路一段３６２號,61762,121.543307,25.035221,352203.26,2769881.517
全家興和店,227845780,台北市大安區復興南路二段１５３號,12065,121.5437837,25.0282649,352243.073,2769110.59
全家興南店,227552227,台北市大安區復興南路二段８號及１０號,10197,121.5433475,25.0328736,352204.549,2769621.491
全家復豐店,227555927,台北市大安區復興南路１段２５７號１樓,59160,121.544113,25.034036,352283.176,2769749.399
全家懷生店,227763718,台北市大安區復興南路１段７０號,14559,121.544113,25.034036,352283.176,2769749.399
全家正興店,227316936,台北市大安區忠孝東路三段２４８巷６號,59760,121.5411411,25.0412708,351991.937,2770553.905
全家安勝店,227790263,台北市大安區忠孝東路四段１８１巷６號１樓,61447,121.5507046,25.0419442,352957.671,2770618.117
全家統領店,227112125,台北市大安區忠孝東路四段１８１巷７弄２１號１樓部份,58020,121.5517587,25.0421803,353064.306,2770643.127
全家延吉店,227412630,台北市大安區忠孝東路四段２１６巷３１號,10003,121.553054,25.0395997,353191.942,2770355.921
全家昌隆店,287733114,台北市大安區忠孝東路３段２１７巷２弄１號１樓,16506,121.5398526,25.0437034,351864.837,2770824.725
全家龍普店,287733622,台北市大安區忠孝東路４段１７０巷６弄２號,14423,121.5507892,25.0413024,352965.445,2770546.945
全家忠孝光復店,227790255,台北市大安區忠孝東路４段３０２號１樓東側部分,60528,121.5563871,25.0411551,353530.085,2770524.594
全家忠孝延吉店,227754165,台北市大安區忠孝東路４段３１５號１樓,60878,121.5559331,25.0416119,353484.818,2770575.675
全家忠孝店,227780668,台北市大安區敦化南路一段１９０巷７號,52097,121.5482022,25.0427355,352706.126,2770708.463
全家新遠企店,227323623,台北市大安區敦化南路二段２６１號,14201,121.5491738,25.0256108,352783.829,2768810.802
全家敦鼎店,227018593,台北市大安區敦化南路二段７７號１樓右側空間,58876,121.5491676,25.0301126,352788.546,2769309.396
全家敦新店,227057671,台北市大安區敦安里仁愛路四段１１２巷５號一樓,15882,121.5497423,25.0369716,352854.676,2770068.428
全家通昌店,223256420,台北市大安區文昌街１４２號壹樓全部,54482,121.5532532,25.0324858,353203.619,2769567.822
全家新生南路店,227035220,台北市大安區新生南路一段１６３號,10085,121.532988,25.0343293,351160.973,2769794.003
全家大森店,227005349,台北市大安區新生南路一段１６５巷３５號,56790,121.5360515,25.0342136,351469.953,2769777.842
全家台新店,223626210,台北市大安區新生南路三段８４之８號,11819,121.5334736,25.0188981,351191.46,2768084.417
全家新北科店,227712202,台北市大安區新生南路１段１號光華樓１樓部分空間,59674,121.533227,25.044019,351196.72,2770866.909
全家泰順店,223634365,台北市大安區泰順街２０號１樓（部分範圍）,59500,121.5314138,25.0252791,350991.257,2768793.386
全家潮州店,223917239,台北市大安區潮州街８０號１樓,62990,121.5243668,25.0291353,350284.789,2769228.205
全家濟南二店,287734589,台北市大安區濟南路３段７號,51735,121.5336487,25.0403001,351234.804,2770454.567
全家瑞和店,227049888,台北市大安區瑞安街１３５巷２８號１樓,14503,121.5416741,25.0264997,352028.091,2768917.38
全家羅騰店,223651801,台北市大安區羅斯福路三段２６９巷２號,54169,121.5306737,25.0189915,350909.017,2768097.824
全家羅中店,223924175,台北市大安區羅斯福路二段１７號１Ｆ,10706,121.521944,25.0281109,350039.07,2769117.415
全家台福店,283691892,台北市大安區羅斯福路四段１號腳踏車部部份空間,51140,121.5374454,25.0178915,351591.076,2767968.599
全家台大楓林店,223675017,台北市大安區羅斯福路四段１號（女九餐廳）,57548,121.5348371,25.0147271,351324.063,2767620.977
全家台大二活店,223661941,台北市大安區羅斯福路四段８５號（第二學生活動中心）,12701,121.536638,25.0129394,351503.67,2767421.019
全家古亭店,223673372,台北市大安區羅斯福路２段１０３號,14431,121.5245431,25.0246795,350297.202,2768734.515
全家台一宿舍店,223672617,台北市大安區羅斯福路４段１號台大大一女北側餐廳,60038,121.5346063,25.0153554,351301.523,2767690.815
全家臨江店,227322438,台北市大安區臨江街２巷２號,57497,121.5568909,25.0293856,353567.02,2769220.549
全家二繽店,227372960,台北市大安區辛亥路三段３３０號,55392,121.5530214,25.0135446,353157.814,2767470.286
全家辛亥店,223778503,台北市大安區辛亥路二段１７１巷３號,10462,121.5412116,25.0219394,351975.979,2768412.816
全家通和店,227331503,台北市大安區通安街７７號,14420,121.5533121,25.0303352,353207.017,2769329.574
全家台興店,227324804,台北市大安區長興街５０號,55746,121.5453762,25.0158108,352388.954,2767729.537
全家信美店,227544328,臺北市大安區信義路三段１３４巷２號壹樓＋地下室,19866,121.5392793,25.0330035,351794.203,2769640.301
全家安賢店,227074252,臺北市大安區四維路１７０巷４號,50267,121.5478151,25.0281012,352649.68,2769088.091
全家新敦民店,227111320,臺北市大安區敦化南路一段１６１巷７號,14983,121.5496954,25.0436398,352857.858,2770807.001
全家仙岩店,286631305,台北市文山區仙岩路２號,10582,121.5478771,24.9982148,352620.456,2765778.028
全家保儀店,229371061,台北市文山區保儀路７８號、８０號,59246,121.5685166,24.9875088,354691.134,2764570.161
全家順輝店,229388216,台北市文山區光輝路７號,14381,121.5551008,24.9864334,353335.657,2764465.421
全家大順店,222344799,台北市文山區忠順街一段１３１號,57245,121.5605191,24.9844421,353880.252,2764239.064
全家鑫順店,229370174,台北市文山區忠順街二段１６號、１８號,51921,121.5626602,24.9845533,354096.513,2764249.088
全家恆光店,229375738,台北市文山區恆光街２１號１樓,60498,121.566904,24.9832186,354523.335,2764096.734
全家指南店,229376465,台北市文山區指南路三段５１號１樓及２樓,60586,121.5797009,24.9838229,355815.812,2764150.072
全家政富店,286613075,台北市文山區指南路二段１４５號１樓,57249,121.577126,24.987514,355560.181,2764561.59
全家興政店,286619335,台北市文山區指南路二段８３號壹＋貳樓,52233,121.5751829,24.9878667,355364.453,2764602.712
全家景中店,229334768,台北市文山區景中街５號，七號一樓,10661,121.541795,24.993073,352000.445,2765215.151
全家景後店,229342042,台北市文山區景後街９５號,55530,121.5429252,24.9919383,352113.174,2765088.253
全家景文店,229303305,台北市文山區景文街８３號,10986,121.5414987,24.9911681,351968.268,2765004.5
全家萬慶店,286631281,台北市文山區景福街２３０巷１號一樓,60805,121.5391892,24.9936163,351738.071,2765278.154
全家景富店,289313890,台北市文山區景福街２５號,51236,121.5382083,24.9990019,351645.495,2765875.691
全家世景店,286632846,台北市文山區景興路２８２巷２號壹樓,58298,121.5423235,24.9896579,352049.724,2764836.346
全家新文華店,286633877,台北市文山區景華街３巷２號１樓及Ｂ１,52542,121.5416676,24.9951984,351990.118,2765450.682
全家華德店,229356335,台北市文山區景華街７５號,16972,121.5454545,24.9953323,352372.51,2765461.405
全家鑫木新店,229388551,台北市文山區木新路三段３４３號１樓,62612,121.5559761,24.9803476,353416.836,2763790.466
全家欣榮店,222343591,台北市文山區木新路三段９３號,52904,121.5630622,24.9821107,354134.226,2763978.136
全家試院店,222369520,台北市文山區木柵路一段９１號９３號一樓,12966,121.547387,24.9871459,352557.853,2764552.651
全家木柵路店,229362952,台北市文山區木柵路三段１４８號１５０號,10013,121.568612,24.988804,354702.278,2764713.505
全家明興店,286618412,台北市文山區木柵路２段１０９巷２５弄２號．２－１號,16279,121.562951,24.990029,354132.294,2764855.22
全家木興店,222348419,台北市文山區木柵路２段５２號,14507,121.5588734,24.9886001,353719.022,2764701.335
全家師美店,229322856,台北市文山區汀州路４段７７號,14502,121.5375578,25.0080777,351590.685,2766881.569
全家萬和店,286636168,台北市文山區羅斯福路五段２１８巷３８弄２號１樓,12870,121.5369143,25.0021667,351518.672,2766227.61
全家萬福店,229315696,台北市文山區羅斯福路五段２６９巷１１號,57119,121.5401754,25.0013605,351846.852,2766134.772
全家羅和店,229352655,台北市文山區羅斯福路六段１４６－１號,56570,121.5410883,24.9956891,351932.231,2765505.658
全家景和店,289319847,台北市文山區羅斯福路六段２７４號,11705,121.539907,24.9914396,351807.927,2765036.299
全家興園店,229334696,台北市文山區興業里興隆路二段２２０巷３３號,10692,121.5522651,25.0004156,353065.952,2766017.033
全家景興店,229304049,台北市文山區興隆路一段２４９號１樓,10770,121.544179,24.999615,352248.861,2765937.107
全家萬芳店,229348650,台北市文山區興隆路三段１１２巷２弄１號１樓,62061,121.5570226,24.9988753,353544.315,2765841.321
全家中科大店,229333950,台北市文山區興隆路三段３６巷９弄１０號,56916,121.5555694,24.9997571,353398.681,2765940.545
全家興業店,286635963,台北市文山區興隆路二段２７９號,10731,121.552673,25.0016911,353108.631,2766157.858
全家靜興店,229356712,台北市文山區興隆路二段７５號壹樓,54857,121.5465804,24.9992633,352490.821,2765895.554
全家文山公宅店,286619874,台北市文山區興隆路四段１０５巷４２號木柵大樓１樓,59499,121.5620305,24.9876173,354036.547,2764589.105
全家興崙店,229397480,台北市文山區興隆路四段５０之１號,11823,121.5608099,24.9864951,353912.019,2764466.126
全家再興店,222302780,台北市文山區興隆路３段２０７巷１１弄２號,14498,121.561556,24.9949639,353997.283,2765403.262
全家興萬店,282301508,台北市文山區萬安街２９號一樓,60351,121.5707412,25.0007361,354931.132,2766032.737
全家興昌店,229357810,台北市文山區辛亥路４段１０１巷１號,14172,121.55902,25.006621,353755.038,2766697.029
全家名門店,222301700,臺北市文山區和平東路四段９５、９７號１樓,10480,121.5678822,25.0052007,354647.798,2766530.246
全家新福興店,229301491,臺北市文山區福興路６５號,50509,121.5499189,25.003632,352832.96,2766375.789
全家萬興店,229304220,臺北市文山區興隆路一段５５巷２７弄１－４號,19475,121.5413255,25.0042038,351966.322,2766448.425
全家京萬店,225464886,台北市南京東路三段３３３號,62776,121.5474591,25.0520388,352642.212,2771739.636
全家三富店,227677510,台北市松山區三民路１４８號,18798,121.5633311,25.0610803,354254.153,2772723.906
全家京民店,227422080,台北市松山區三民路６號＋Ｂ１,52667,121.5639817,25.0521035,354309.23,2771729.004
全家慶城店,225464461,台北市松山區中正里慶城街８號,12710,121.544857,25.052626,352380.389,2771807.492
全家常興店,225464600,台北市松山區五常街３６４號１樓,16377,121.5449088,25.0642512,352399.468,2773094.965
全家康柏店,227604612,台北市松山區健康路２２０號,19308,121.5614413,25.0538007,354054.932,2771919.697
全家民康店,227457090,台北市松山區健康路２８５號１樓,57248,121.563995,25.054313,354313.17,2771973.698
全家大理店,227473064,台北市松山區光復北路１１巷５０號１樓,10572,121.5600167,25.0498405,353906.54,2771482.623
全家新德光店,225780506,台北市松山區光復南路３２巷４６－４號,53740,121.5543059,25.0461876,353326.052,2771084.199
全家台發店,225781936,台北市松山區八德路三段３０號壹樓（如附圖）,58139,121.551529,25.0480786,353048.123,2771296.629
全家中發店,225793662,台北市松山區八德路三段７４巷１０號１．２樓如附圖,58851,121.5524808,25.047775,353143.792,2771261.977
全家復盛店,227619127,台北市松山區八德路四段４０號．４２號,14193,121.5592213,25.0482148,353824.374,2771303.427
全家寶清店,227532857,台北市松山區八德路四段５９８號１樓,12465,121.5727214,25.0497121,355188.168,2771454.819
全家松慈店,227466249,台北市松山區八德路四段６７６號,60556,121.5763166,25.0499063,355551.114,2771472.505
全家力晶店,227213487,台北市松山區南京東路三段２５８號,16737,121.5448389,25.0515859,352377.324,2771692.317
全家新東光店,237652819,台北市松山區南京東路五段１２３巷１號１樓,54918,121.5606984,25.0519529,353977.806,2771715.845
全家京吉店,227478279,台北市松山區南京東路五段１８０號,55678,121.5634683,25.0510431,354256.187,2771612.112
全家新東寶店,227605928,台北市松山區南京東路五段２９１巷１４號,53920,121.5660664,25.0523095,354519.794,2771749.588
全家大盛店,227650089,台北市松山區南京東路五段６６巷２弄１之１號１樓,11464,121.5604933,25.0508091,353955.766,2771589.387
全家新健康店,225462607,台北市松山區南京東路四段１３３巷９弄２號,52235,121.5552486,25.0532357,353429.501,2771863.78
全家京兆店,227121962,台北市松山區南京東路四段１３７號壹樓,62679,121.5553266,25.0518323,353435.71,2771708.266
全家京鑽店,225460775,台北市松山區南京東路四段４７號壹樓,57769,121.5508247,25.0519256,352981.629,2771723.457
全家京盛店,225795737,台北市松山區南京東路四段５６－１號１樓,55030,121.553727,25.051479,353273.91,2771670.861
全家新大吉店,227489223,台北市松山區吉祥路１９號,53561,121.5627064,25.0493777,354177.36,2771428.481
全家微風店,287719880,台北市松山區市民大道四段５１號１樓,12002,121.546099,25.0453402,352497.02,2770999.22
全家長城店,227176687,台北市松山區敦化北路１２０巷８０號,14267,121.5462734,25.0543735,352525.367,2771999.497
全家宏勝店,225455887,台北市松山區敦化北路１５３號１樓,60647,121.5494742,25.0541054,352847.968,2771966.337
全家宏大店,227183704,台北市松山區敦化北路１５５巷３號１樓,10576,121.5497368,25.0541633,352874.529,2771972.466
全家敦中店,287716763,台北市松山區敦化北路４巷１號,51718,121.547364,25.0500679,352630.274,2771521.456
全家新東店,227653580,台北市松山區新東街１４號,10989,121.5662001,25.0578474,354539.784,2772362.782
全家富錦店,227455196,台北市松山區新益里富錦街５２９號一樓,15722,121.5654539,25.0612808,354468.539,2772743.838
全家松醫店,227600199,台北市松山區東光里健康路１５８號,12121,121.55785,25.053378,353692.118,2771876.74
全家興北店,227150977,台北市松山區民權東路三段１０３巷１５—１號,11539,121.5450716,25.0635244,352415.025,2773014.293
全家復北店,225468878,台北市松山區民權東路三段１０４號壹樓及地下室,58478,121.5448359,25.0618164,352389.212,2772825.382
全家新民有店,287129937,台北市松山區民權東路三段１６０巷１１號,52774,121.5478006,25.0606677,352686.927,2772694.945
全家豐華店,227123226,台北市松山區民生東路三段１１３巷６弄１號一樓,16991,121.5460327,25.0586579,352506.185,2772474.269
全家豐禾店,227126702,台北市松山區民生東路三段１３０巷５弄２號,10142,121.5463277,25.0569252,352533.883,2772282.047
全家豐興店,225471001,台北市松山區民生東路三段１３０巷５弄２２號,11417,121.5471293,25.0569233,352614.75,2772280.968
全家松民店,237652608,台北市松山區民生東路五段１５９號,56542,121.5624961,25.0591144,354167.603,2772507.072
全家昇東店,227491649,台北市松山區民生東路五段１９７號,52234,121.566196,25.0593693,354541.158,2772531.341
全家富泰店,227460211,台北市松山區民生東路五段２０４－３號一樓,60127,121.564772,25.0582051,354396.133,2772403.926
全家東豐店,227612771,台北市松山區民生東路五段３７號,54527,121.5568944,25.0585487,353601.82,2772450.438
全家鑫民復店,225473532,台北市松山區民生東路四段８０巷１弄２號,62442,121.5531171,25.057548,353219.568,2772343.679
全家中央店,225460351,台北市松山區民生東路四段９５號,10260,121.5519872,25.0582031,353106.356,2772417.453
全家松壽店,227474015,台北市松山區自強里延壽街３３０巷７弄２２號一樓,15776,121.5618412,25.0552597,354096.995,2772080.856
全家長復店,227500001,台北市松山區長安東路二段２１９號,14281,121.5449043,25.0482805,352379.984,2771326.163
全家鑫德店,287717609,臺北市松山區八德路二段４００號,51699,121.5466491,25.0480204,352555.711,2771295.464
全家塔悠店,227420973,臺北市松山區延壽街２號一樓,18829,121.5690567,25.0572014,354827.211,2772288.184
全家長泰店,223034841,台北市萬華區壽德里長泰街２號２之１號一樓,15541,121.5014236,25.0231497,347962.286,2768590.704
全家新富民店,223070071,台北市萬華區富民路９１巷８號１樓,55943,121.4992297,25.0189877,347735.783,2768132.197
全家寶元店,223099925,台北市萬華區寶興街４０號,14195,121.4932876,25.0272176,347146.264,2769050.353
全家寶興店,223013308,台北市萬華區寶興街７８號,10056,121.4942159,25.026091,347238.551,2768924.535
全家萬國店,223894642,台北市萬華區峨眉街２１號１樓,10602,121.507437,25.04353,348594.009,2770841.205
全家新峨嵋店,223711411,台北市萬華區峨眉街８２號１樓,52625,121.504065,25.044116,348254.502,2770909.864
全家康華店,223027338,台北市萬華區康定路２２９號１樓,58618,121.5013574,25.0353773,347970.597,2769945.037
全家康勝店,223821077,台北市萬華區康定路６０號１樓,56682,121.5022114,25.0425399,348065.548,2770737.373
全家康定店,223899260,台北市萬華區康定路７３號,10720,121.5022119,25.0406509,348063.283,2770528.157
全家康陽店,223812716,台北市萬華區康定路９９號,55851,121.5020354,25.039647,348044.243,2770417.168
全家龍廣店,223026434,台北市萬華區廣州街２０３號１．２樓,57328,121.5003595,25.0367317,347871.567,2770096.158
全家新廣州店,223027354,台北市萬華區廣州街２３５－１號,54858,121.4986134,25.0368372,347695.51,2770109.796
全家和西店,223080749,台北市萬華區愛鄉里和平西路三段２９０之５號、２９０,16064,121.4947867,25.0352563,347307.438,2769938.993
全家鑫都店,223885903,台北市萬華區成都路７１號１樓,59036,121.50561,25.042955,348408.967,2770779.556
全家成都店,223758507,台北市萬華區昆明街１３４號；成都路８６號,12553,121.5046866,25.0427821,348315.587,2770761.436
全家廣明店,223115442,台北市萬華區昆明街１７３號１樓,59958,121.5043309,25.0398411,348276.098,2770436.104
全家昆明店,223705910,台北市萬華區昆明街１８６號１樓,12491,121.5044101,25.0414219,348286.024,2770611.096
全家萬東店,223077891,台北市萬華區東園街１７４號１樓,54170,121.4980207,25.0223591,347617.915,2768506.946
全家鑫吉利店,223378557,台北市萬華區東園街２８巷３４號,56130,121.4950732,25.0268498,347325.997,2769007.614
全家東園店,223327420,台北市萬華區東園街６９號,10211,121.4965415,25.0260297,347473.156,2768915.138
全家桂林店,223318161,台北市萬華區桂林路２３號１樓,52446,121.5050848,25.0379576,348349.862,2770226.658
全家民和店,223039216,台北市萬華區民和街９號１樓,54559,121.4998873,25.0262658,347811.076,2768937.542
全家漢中店,223141275,台北市萬華區漢中街１３９號１樓,14443,121.5073529,25.041721,348583.314,2770640.944
全家萬中店,223887636,台北市萬華區漢口街二段２２號,55246,121.5079625,25.0452873,348649.177,2771035.249
全家萬明店,223119635,台北市萬華區漢口街二段６７之２號１樓,57790,121.5054825,25.0460827,348399.929,2771126.105
全家綠堤店,223041210,台北市萬華區環河南路二段１７３號,16464,121.4923968,25.0328837,347063.361,2769678.9
全家環南店,223026891,台北市萬華區環河南路二段２９８號,10899,121.49071,25.031562,346891.52,2769534.413
全家園寶店,223035528,台北市萬華區興義街５１號１樓,63651,121.4915592,25.0263505,346970.779,2768956.26
全家新武成店,223326103,台北市萬華區萬大路４８６巷５９弄１號１樓,55945,121.4959238,25.0203995,347403.897,2768292.261
全家萬大店,223040610,台北市萬華區萬大路６４號１樓,58487,121.5003898,25.0310196,347867.615,2769463.484
全家萬園店,223040410,台北市萬華區西園路一段１５９號壹樓,55429,121.4994685,25.0349993,347779.535,2769905.284
全家萬年店,223883343,台北市萬華區西寧南路１５５號１樓,12307,121.506284,25.0435309,348477.676,2770842.589
全家西寧南路店,225469055,台北市萬華區西寧南路３１－１號,62613,121.507602,25.047809,348615.885,2771314.939
全家貴陽店,223891854,台北市萬華區貴陽街二段１８２號，１８４號,11362,121.5005795,25.0401147,347897.916,2770470.595
全家日祥店,223331039,台北市萬華區青年路１５４號、１６８巷２弄１４號１樓,12867,121.5023553,25.0211159,348053.816,2768364.412
全家公園店,223051904,台北市萬華區青年路４８號,10329,121.5040744,25.0255502,348232.726,2768853.612
全家金園店,223083402,臺北市萬華區西園路二段１４０巷４２號,51480,121.4951687,25.0313233,347341.141,2769502.967
全家新青年店,223331983,臺北市萬華區青年路６號,50578,121.5061913,25.0262047,348447.145,2768923.742
全家三峽金寶店,286714922,新北市三峽區中山路２４０號,10995,121.3624212,24.9375125,333820.199,2759268.105
全家三峽新莉雅店,226741580,新北市三峽區二鬮路５９之１號１樓,52793,121.359866,24.9076856,333522.29,2755967.66
全家三峽新介壽店,286766209,新北市三峽區介壽路三段１７６號１樓,53562,121.4029249,24.9441264,337919.181,2759951.939
全家三峽大同店,286742229,新北市三峽區光明路１００之６號,10895,121.3757809,24.9280838,335156.884,2758207.611
全家三峽光明店,226749014,新北市三峽區光明路６號，８號１樓,10768,121.3730727,24.931236,334887.548,2758560.012
全家三峽錦隆店,286717821,新北市三峽區國光街１號１樓,50359,121.3755477,24.9367013,335144.743,2759162.343
全家三峽國寧店,286721143,新北市三峽區國學街３１．３３號,14403,121.3728173,24.9423229,334876.463,2759788.277
全家三峽金同店,286721784,新北市三峽區大同路１９６之１號１樓,50626,121.371242,24.92715,334697.236,2758109.672
全家三峽同發店,286714604,新北市三峽區大同路３－１號１樓及地下層全部,18655,121.377809,24.9290168,335362.947,2758308.501
全家三峽福容店,226728452,新北市三峽區大學路８１號１樓,51468,121.375873,24.9414737,335183.915,2759690.529
全家三峽大德店,235012620,新北市三峽區大德路４８３號１樓,50095,121.3742664,24.9476099,335029.809,2760372.1
全家三峽觀成店,286723040,新北市三峽區大觀路８０號１樓,14525,121.3741416,24.9462616,335015.419,2760222.916
全家三峽大學店,286721732,新北市三峽區學勤路１號１樓,60626,121.3732657,24.9458169,334926.38,2760174.721
全家三峽學勝店,286716146,新北市三峽區學勤路１６２號１樓,52934,121.3754344,24.9460864,335145.734,2760201.949
全家三峽和平店,226735218,新北市三峽區復興路１５７號１樓,18878,121.370761,24.9382919,334663.455,2759344.303
全家三峽恩主店,226714305,新北市三峽區復興路３７３、３７５號１樓,12763,121.3634006,24.9385003,333920.425,2759376.32
全家三峽復興店,226714174,新北市三峽區復興路５６號１樓,15372,121.3735439,24.937178,334943.015,2759217.562
全家三峽文化店,226728908,新北市三峽區文化路１１７號１樓,15242,121.3700792,24.9360247,334591.589,2759094.019
全家三峽大勇店,226734590,新北市三峽區文化路２５４號１樓,52576,121.367134,24.9359345,334294.035,2759087.601
全家三峽民權店,286711532,新北市三峽區民權街２３１號１樓,51422,121.3679283,24.9279987,334363.693,2758207.687
全家三峽峇里店,226736076,新北市三峽區鳶山里中山路３０３號一樓,16018,121.3612761,24.9376461,333704.736,2759284.297
全家三峽三樹店,226739736,新北市三峽區龍埔里三樹路２５７號２５９號一樓,15621,121.3790432,24.9431788,335506.31,2759875.556
全家三芝如意店,226368526,新北市三芝區中山路一段７５號,63410,121.5010618,25.2569911,348213.712,2794490.411
全家三芝吉祥店,226361917,新北市三芝區淡金路一段７３，７５，７７號,11514,121.5020751,25.2586776,348317.858,2794676.064
全家三重厚德店,229815241,新北市三重區三和路三段１８６號１樓,54038,121.4920369,25.073508,347077.205,2774178.647
全家三重三安店,229819584,新北市三重區三和路三段４０號,53155,121.4961137,25.0706062,347484.867,2773852.676
全家三重龍和店,229762428,新北市三重區三和路三段５９號,18758,121.495083,25.071806,347382.375,2773986.717
全家三重福運店,222863881,新北市三重區三和路四段２５０號１樓,14972,121.486027,25.076753,346474.995,2774544.825
全家三重銀和店,222870339,新北市三重區三和路四段３９４號１樓,54449,121.481697,25.0792508,346041.334,2774826.371
全家三重三民店,229843629,新北市三重區三民街１１２號,11182,121.4849451,25.0633437,346349.217,2773060.896
全家三重新福田店,229823712,新北市三重區三民街２７０號１樓,51783,121.4790547,25.0680413,345760.838,2773587.853
全家三重富貴店,282876954,新北市三重區三賢街２０１號,14291,121.4855729,25.0866796,346441.512,2775644.765
全家三重陽光店,229717002,新北市三重區三陽路１１０號１樓,60360,121.4832008,25.0587286,346167.516,2772551.722
全家三重新三陽店,229718178,新北市三重區三陽路１３巷２號１樓,55679,121.4858582,25.0589226,346435.849,2772570.204
全家三重三佾店,229784888,新北市三重區中央北路５８號１樓,16546,121.5003989,25.0654904,347910.852,2773281.274
全家三重中央店,229744057,新北市三重區中央南路５１號１樓,56577,121.5012054,25.061719,347987.581,2772862.671
全家三重興南店,229742923,新北市三重區中央南路８號１樓,50286,121.5013295,25.0629983,348001.671,2773004.221
全家三重金勇店,229850689,新北市三重區中正北路３７８號１樓,52174,121.47672,25.0696239,345527.294,2773765.786
全家三重新正店,229720095,新北市三重區中正南路１８４號１樓,55946,121.4941856,25.0564485,347272.907,2772286.805
全家三重華山店,229879931,新北市三重區中華路２８號,50360,121.4833037,25.0610516,346180.783,2772808.89
全家三重華泰店,229874587,新北市三重區中華路５３號１樓,19827,121.4836594,25.0621235,346217.999,2772927.206
全家三重華興店,229876468,新北市三重區五華街４５號．４７號１樓,12622,121.4944511,25.0811639,347330.178,2775023.863
全家三重新五華店,229889750,新北市三重區五華街８３號１樓,62223,121.4921835,25.0832164,347103.99,2775253.739
全家三重谷王店,229995146,新北市三重區五谷王北街１７１號１樓,62727,121.476647,25.053372,345499.652,2771965.881
全家三重仁美店,282879284,新北市三重區仁美街１０４號,53640,121.4856468,25.0805861,346441.401,2774969.792
全家三重新仁義店,289859488,新北市三重區仁義街１６４號１樓,51369,121.496939,25.080901,347580.8,2774991.951
全家三重華義店,289859180,新北市三重區仁義街２４４號、富華街１９３號１樓,16326,121.4941362,25.0854788,347303.742,2775502.115
全家三重通華店,282875919,新北市三重區仁義街３１７號,19032,121.4954678,25.0843086,347436.608,2775371.013
全家三重仁興店,229937198,新北市三重區仁興街３９巷４１號１樓及地下室,60879,121.5000954,25.0760561,347893.22,2774451.817
全家三重興富店,285124587,新北市三重區光復路一段７０號１樓,54183,121.4719067,25.0495568,345016.63,2771548.721
全家三重群光店,229999287,新北市三重區光復路二段６９號１樓,55533,121.4726687,25.0564641,345102.149,2772312.875
全家三重力行店,229808615,新北市三重區力行路一段４０號,10926,121.4861794,25.067951,346479.449,2773569.784
全家三重頂崁店,229809001,新北市三重區博愛里２２鄰頂崁街２１０巷３１號１樓,12498,121.4756402,25.0682559,345416.659,2773615.5
全家三重車勇店,229868439,新北市三重區大勇街１號１樓,56941,121.4837707,25.0714569,346240.82,2773960.805
全家三重大同店,229841445,新北市三重區大同北路６號１樓,55115,121.4952343,25.0619498,347385.487,2772894.923
全家三重致學店,229869646,新北市三重區大智街１９７號１樓,19027,121.4893309,25.0735974,346804.353,2774191.597
全家三重大智店,229807923,新北市三重區大智街９４號,10353,121.493446,25.0663266,347210.48,2773381.685
全家三重環南店,229743620,新北市三重區成功路５２號，５４號，５６號１樓,11524,121.4888797,25.0506266,346730.408,2771647.971
全家三重環北店,229736779,新北市三重區成功里環河南路２５３號一樓,15838,121.4912491,25.0506505,346969.49,2771647.949
全家三重新運店,229879457,新北市三重區捷運路１９巷６弄２０號１樓,19629,121.4844601,25.0567563,346292.113,2772331.855
全家三重大榮店,229761842,新北市三重區文化北路１５號１樓,58198,121.4997963,25.0635973,347847.736,2773072.278
全家三重新文化店,229749186,新北市三重區文化南路３０號１樓,63031,121.5002694,25.0616327,347893.049,2772854.16
全家三重醫院店,229845054,新北市三重區新北大道一段３號前棟２樓,61729,121.4902027,25.0609301,346876.626,2772787.645
全家三重正義北店,229863442,新北市三重區正義北路２５３號１樓,63322,121.495799,25.0696707,347451.969,2773749.418
全家三重民生店,229809320,新北市三重區民生東街２號,11193,121.4925526,25.0683003,347122.793,2773601.287
全家三重永安店,228579121,新北市三重區永安北路二段１１號１樓,11893,121.4819811,25.0812985,346072.538,2775052.843
全家三重大勇店,229829253,新北市三重區永發里力行路二段２號一樓,15905,121.4817698,25.0719344,346039.574,2774015.956
全家三重福旺店,222863796,新北市三重區永福街１２３號１樓,14316,121.4789508,25.077165,345761.728,2774598.472
全家三重新永福店,222800071,新北市三重區永福街１２６號１樓,61648,121.4793775,25.0749803,345802.047,2774356.019
全家三重溪尾店,222867450,新北市三重區溪尾街１６０號１樓,10636,121.4887294,25.0800651,346751.689,2774908.607
全家三重福溪店,282873066,新北市三重區溪尾街５６號,11858,121.4903921,25.0777035,346916.48,2774645.173
全家三重田心店,229844120,新北市三重區田心里忠孝路三段５０巷８２號一樓,15757,121.483043,25.064616,346158.912,2773203.962
全家三重大橋店,229769363,新北市三重區福德南路１０號１樓,60117,121.5027851,25.0632705,348148.847,2773032.742
全家三重成功店,229742342,新北市三重區福德里成功路１４５巷４５號４７號一樓,15296,121.487929,25.0533759,346637.894,2771953.541
全家三重自立店,229863917,新北市三重區自強路三段１５號１樓,59470,121.4872384,25.0721562,346591.49,2774034.337
全家三重欣田店,289837451,新北市三重區自強路二段２４號,16720,121.489452,25.069137,346811.049,2773697.447
全家三重興德店,285124015,新北市三重區興德路１２３號,18656,121.4709046,25.0531977,344920.083,2771953.113
全家三重車路頭店,282839334,新北市三重區車路頭街１４０號１樓及地下室,52421,121.4839869,25.075742,346267.953,2774435.159
全家三重過圳店,229868554,新北市三重區過圳街３號１樓,16988,121.4890013,25.0588422,346752.841,2772557.753
全家三重菜寮店,229749493,新北市三重區重新路三段１２６號１樓,52257,121.4921496,25.059948,347071.823,2772676.681
全家三重重光店,229746074,新北市三重區重新路三段１７６號１樓,53419,121.490688,25.059088,346923.308,2772583.076
全家三重天台店,229744755,新北市三重區重新路二段７８號,16971,121.4974124,25.0619496,347605.218,2772892.458
全家三重中興店,229992889,新北市三重區重新路五段５９５，５９７號,10735,121.469568,25.0457574,344775.911,2771130.583
全家三重國泰店,229720115,新北市三重區重新路四段８９號重新第二大樓１樓,58822,121.486069,25.055625,346453.027,2772204.74
全家三重湯城店,229992495,新北市三重區重新路５段６０９巷１４號之７＆之８,18637,121.467594,25.0459724,344577.011,2771156.65
全家三重金陽店,289859597,新北市三重區重陽路一段７９號１樓,59209,121.486971,25.0588801,346548.062,2772564.24
全家三重力陽店,229806455,新北市三重區重陽路三段１２６號１樓,61635,121.4888868,25.0666278,346750.927,2773420.177
全家三重重仁店,289883651,新北市三重區重陽路三段５巷３０號,11359,121.4914725,25.0652591,347010.077,2773265.674
全家三重九陽店,229845805,新北市三重區重陽路二段３０號１樓,58042,121.4868378,25.0628157,346539.501,2773000.279
全家三重信安店,229878001,新北市三重區重陽路四段５５號１樓,51226,121.4921171,25.0703135,347081.348,2773824.749
全家三重新光榮店,229767953,新北市三重區長興街５７號１樓,56115,121.5009863,25.0687948,347974.166,2773646.595
全家三重集勇店,228570741,新北市三重區集勇街１９號,19380,121.485095,25.0851936,346391.464,2775480.722
全家三重新集明店,229742458,新北市三重區集美街１１８號１樓,63073,121.4888184,25.053751,346728.089,2771994.083
全家三重集美店,229742761,新北市三重區集美街１４９號１樓,10851,121.490794,25.0530314,346926.516,2771912.158
全家三重長壽店,289827026,新北市三重區雙園里長壽西街１號,12156,121.498017,25.0676994,347673.286,2773528.599
全家三重街口店,229875620,新北市三重區頂崁街２１０巷２號１樓,56766,121.4772536,25.0674654,345578.429,2773526.114
全家三重龍美店,229785611,新北市三重區龍濱路１２０號１樓,14480,121.5017827,25.0712184,348057.479,2773914.13
全家三重龍明店,229781104,新北市三重區龍濱路１６８號１樓,14523,121.5013379,25.0725388,348014.232,2774060.868
全家三重龍門店,229723089,新北市三重區龍門路２７６號,16671,121.5017941,25.0741626,348062.244,2774240.202
全家中和左岸店,222264967,新北市中和區中原三街３號,63420,121.4876352,25.0101778,346554.801,2767169.476
全家中和金原店,282211769,新北市中和區中原街１２６號１樓,57078,121.485882,25.0110867,346378.985,2767272.117
全家中和新漳和店,222463806,新北市中和區中和路２４號１樓,55342,121.4996953,25.0018114,347761.703,2766229.331
全家中和中和店,232338551,新北市中和區中和路４８０號１Ｆ,10648,121.5126412,25.0041427,349071.182,2766473.128
全家中和中安店,229256006,新北市中和區中安街１９２號,10814,121.5113141,24.9990969,348931.1,2765915.758
全家中和中鼎店,229294187,新北市中和區中安里中安街８０號一樓,15959,121.5121856,25.0019929,349022.585,2766235.534
全家中和中環店,222267465,新北市中和區中山路三段１１１號１樓,15451,121.4747472,25.0058907,345248.734,2766709.241
全家中和環球店,232349461,新北市中和區中山路三段１２０之１１號,12894,121.473636,25.0083403,345139.638,2766981.809
全家中和中漢店,222239355,新北市中和區中山路三段１４６－２號,50946,121.4736931,25.0066945,345143.348,2766799.463
全家中和勝鴻店,282451477,新北市中和區中山路二段２巷４５弄１號１樓,52373,121.5024845,25.0068413,348049.377,2766783.298
全家中和威利店,222474176,新北市中和區中山路二段２９１號１樓,60551,121.4957431,25.0018849,347362.893,2766241.893
全家中和元氣店,222256901,新北市中和區中山路３段３９號２樓,14133,121.477696,25.005313,345545.634,2766641.911
全家中和和興店,222446249,新北市中和區中正路１１號，１３號,11379,121.5029951,24.9932931,348084.337,2765282.213
全家中和德民店,222214027,新北市中和區中正路１１８６號１樓,54986,121.4807204,25.010317,345857.098,2767192.701
全家中和鎮順店,222427811,新北市中和區中正路１６７巷１６號、１８號１樓,52318,121.4981916,24.9927524,347598.816,2765227.691
全家中和力行店,222435392,新北市中和區中正路２４２號,50042,121.4960237,24.9941414,347381.698,2765383.955
全家中和國華店,232343009,新北市中和區中正路８６８－１號,19408,121.4842808,25.005894,346210.951,2766698.809
全家中和巴黎店,222407145,新北市中和區中興街２３５巷１號,14283,121.5007844,24.9896544,347856.736,2764881.679
全家中和仁義店,229484666,新北市中和區仁愛街３６號,18806,121.510907,24.988332,348876.914,2764723.959
全家中和佳和店,222450773,新北市中和區佳和里中山路二段１３２號、１３４號１樓,11376,121.5023034,25.0034607,348026.961,2766409.085
全家中和保健店,229444222,新北市中和區保健路１７號,11433,121.5080883,24.9982409,348604.466,2765824.533
全家中和水源店,282459519,新北市中和區保平路３２０號、３２２號,50305,121.507272,25.0044067,348529.595,2766508.325
全家中和南勢角店,289412772,新北市中和區南山路３９９巷１０號１樓,14461,121.5071434,24.9904674,348499.613,2764964.64
全家中和勝華店,222425933,新北市中和區南華路６７號壹樓,56490,121.5046943,24.9973646,348260.825,2765731.254
全家中和平興店,229431824,新北市中和區和平街２０號,19031,121.5099135,24.9901784,348778.876,2764929.556
全家中和和平店,229444304,新北市中和區和平街５６號１樓；５４巷１弄１號１樓,11380,121.5085295,24.9908615,348640.006,2765006.748
全家中和新慶店,282217342,新北市中和區員山路１３７號１樓,51461,121.480914,24.996102,345858.989,2765618.105
全家中和員山店,222267296,新北市中和區員山路３２５之４號、之５號１樓,10050,121.4812104,25.0008676,345894.821,2766145.582
全家中和員科店,222221264,新北市中和區員山路５０４之１號１樓,60255,121.4795978,25.0082527,345741.234,2766965.341
全家中和員慶店,222236924,新北市中和區員山路７３號一樓,56681,121.4807006,24.9939681,345834.8,2765382.008
全家中和興國店,229635114,新北市中和區國光街１０４號１樓,52448,121.4702185,25.0004937,344784.91,2766116.649
全家中和安邦店,222460866,新北市中和區圓通路１６９號,11573,121.4977101,24.9952489,347553.278,2765504.727
全家中和圓峰店,222433191,新北市中和區圓通路２２６號１樓,54037,121.4951929,24.9930624,347296.512,2765265.382
全家中和圓通店,222454902,新北市中和區圓通路３０７之５號,10520,121.493319,24.9907961,347104.574,2765016.481
全家中和凌雲店,222427725,新北市中和區圓通路３６７巷２號,18708,121.491285,24.9893961,346897.535,2764863.708
全家中和錦順店,222426992,新北市中和區圓通路３９５號１樓,52618,121.489533,24.9890207,346720.222,2764824.1
全家中和民德店,229640401,新北市中和區壽德里壽德街２６號１樓,12294,121.4665053,24.9943416,344402.415,2765439.508
全家中和仁勇店,229400962,新北市中和區大勇街２０號１樓,53483,121.5173402,24.9928806,349531.803,2765220.615
全家中和安樂店,229400326,新北市中和區安樂路８１號,50943,121.5127597,24.9943037,349071.185,2765383.293
全家中和廣場店,282278301,新北市中和區平河里中正路７１２號一樓,15912,121.4859807,24.9970274,346371.549,2765714.876
全家中和南中店,222464585,新北市中和區廣福路６２號１樓,51609,121.5035483,25.0019182,348150.722,2766236.859
全家中和圓順店,222289923,新北市中和區建一路１４１號,50217,121.4882435,25.0007357,346604.527,2766123.037
全家中和遠建店,282272991,新北市中和區建一路１７６號１樓,12613,121.4879325,24.9972744,346568.86,2765740.033
全家中和建新店,282263686,新北市中和區建八路２８號１樓,54115,121.4873215,24.9982871,346508.44,2765852.882
全家中和和連店,282457861,新北市中和區建和里連城路２６５巷１號一樓,12991,121.4914861,24.9962635,346926.298,2765624.075
全家中和秀欣店,222432645,新北市中和區復興路２６７號１樓及地下室,60359,121.5025637,24.9901752,348036.978,2764937.375
全家中和中興店,282423542,新北市中和區復興里中興街１１１號，１１３號,12087,121.500015,24.992253,347782.256,2765170.343
全家中和德穗店,289526580,新北市中和區德光路２４．２６號１樓,16634,121.4708378,25.0044495,344852.361,2766554.068
全家中和鑫發店,229434443,新北市中和區忠孝街１０５號,59037,121.511902,24.9864777,348975.098,2764517.486
全家中和新忠店,229425376,新北市中和區忠孝街２７號１樓,51816,121.5103868,24.9829918,348817.907,2764133.09
全家中和新生店,232342883,新北市中和區新生街１３２號,11044,121.4834879,25.0011002,346124.983,2766168.769
全家中和新正店,222263432,新北市中和區新生街１９０號１樓,52742,121.4836209,24.9995178,346136.446,2765993.361
全家中和新中穗店,222253237,新北市中和區新生街８號１樓,55452,121.483079,25.0045843,346088.031,2766555.111
全家中和捷勝店,222426396,新北市中和區景安路１２８號１樓,58388,121.5051069,24.9945399,348299.021,2765417.949
全家中和摩天店,289423447,新北市中和區景平路１８２號１樓,12640,121.5164034,24.9924086,349436.672,2765169.374
全家東森一號店,289434426,新北市中和區景平路２５８號１樓,62127,121.5151204,24.9927011,349307.523,2765203.187
全家中和景會店,222424705,新北市中和區景平路４３３號１樓,50092,121.5009102,24.9957696,347876.924,2765558.821
全家中和景平店,289422184,新北市中和區景平路４７８號,11240,121.505272,24.9937212,348314.686,2765327.091
全家中和勝平店,222474417,新北市中和區景平路５１７、５１９號１樓,12803,121.4991432,24.9988407,347702.336,2765900.931
全家中和福真店,222469262,新北市中和區景平路７０１、７０１之１號２樓,15241,121.4963704,25.0034401,347428.118,2766413.435
全家中和景秀店,286680018,新北市中和區景平路７１—２號,11024,121.5193012,24.9913149,349727.849,2765045.045
全家中和福中店,222460574,新北市中和區景平路７１０號１號,61445,121.496846,25.0026397,347475.137,2766324.255
全家中和朕新店,229426294,新北市中和區景德街１２４號１樓,53328,121.5145429,24.9911045,349247.293,2765026.997
全家中和景明店,229466803,新北市中和區景新街２１２號１樓,55781,121.50705,24.995151,348495.897,2765483.469
全家中和新平店,289411655,新北市中和區景新街２６５、２６７號,12659,121.5088887,24.9939893,348680.074,2765352.764
全家中和雙捷店,289417765,新北市中和區景新街４６８號,57923,121.5135727,24.9872662,349144.701,2764602.966
全家中和景欣店,229439032,新北市中和區景本里景新街３８５號，３８５號之１,11866,121.5124901,24.9902202,349039.01,2764931.33
全家中和橋安店,222424182,新北市中和區橋和路１２０號,19159,121.49224,25.00566,347013.972,2766663.93
全家中和橋和店,222445415,新北市中和區橋和路１５２號，１５６號,11558,121.494073,25.006111,347199.529,2766711.823
全家中和嘉穗店,222221242,新北市中和區民利街９１號１樓,53129,121.4779093,24.9978978,345557.938,2765820.401
全家中和國院店,222213432,新北市中和區民安街５１號１樓,50380,121.4796341,25.0000149,345734.661,2766052.925
全家中和光明店,289535241,新北市中和區民生街８５巷２弄１號１樓,52825,121.4689363,25.0044641,344660.461,2766557.852
全家中和福美店,222435180,新北市中和區永和路７４號１樓,51460,121.4979148,25.0052301,347586.192,2766609.956
全家中和永貞店,229288350,新北市中和區永貞路２４４號,10378,121.514287,25.003874,349236.965,2766441.546
全家中和漢陽店,222230343,新北市中和區瑞穗里中山路三段１７２號１樓,16021,121.4728251,25.0064707,345055.463,2766775.664
全家中和萊陽店,282456393,新北市中和區瓦嗂里光華街１號３號一樓,15567,121.5039073,25.0048103,348190.493,2766556.771
全家中和新福祥店,222421670,新北市中和區福祥路４２號,63130,121.4995189,25.0039407,347746.51,2766465.356
全家中和新秀店,229426524,新北市中和區秀朗路三段４４號１樓,52255,121.5263669,24.9958097,350446.467,2765535.087
全家中和秀山店,289421005,新北市中和區立人街６５號，６７號,11076,121.520053,24.9941509,349807.164,2765358.313
全家中和德勝店,222286849,新北市中和區立德街１５０號１樓,60497,121.4862239,25.0086632,346410.492,2767003.318
全家中和建業店,222224223,新北市中和區立德街１８９號１樓,18709,121.4848575,25.0091007,346273.128,2767053.315
全家中和秀吉店,229412382,新北市中和區自立路１７號,59620,121.5223999,24.9959893,350046.272,2765559.337
全家中和大智店,229494154,新北市中和區自立路３６號１樓及地下室,61511,121.5226672,24.9926692,350069.245,2765191.332
全家中和新興店,229427198,新北市中和區興南路二段３６號,10927,121.5067384,24.98541,348452.563,2764404.965
全家中和南興店,229420466,新北市中和區興南路二段５號,18989,121.5081484,24.98639,348596.089,2764511.937
全家中和烘爐店,229468782,新北市中和區興南路２段１２０號１樓,57717,121.5044145,24.9838478,348216.07,2764234.531
全家中和自強店,232346883,新北市中和區莒光路１３１號,11298,121.472665,25.0017894,345033.46,2766257.369
全家中和莒城店,222230924,新北市中和區莒光路１８１號,51145,121.472795,24.9991039,345043.23,2765959.789
全家中和華隆店,229414221,新北市中和區華新街１０９巷１－３號,50998,121.509098,24.9824309,348687.125,2764072.398
全家中和華夏店,229479070,新北市中和區華新街２０２號，２０４號,11584,121.5066433,24.9819561,348438.751,2764022.539
全家中和華樹店,229493985,新北市中和區華新街５５號１樓,56133,121.5080273,24.9844238,348581.469,2764294.308
全家中和華福店,229506983,新北市中和區華順街１１７號，１１９號,10976,121.4653881,24.9966576,344292.551,2765697.293
全家中和華順店,229542123,新北市中和區華順街５９號１樓,12907,121.4664427,24.9984278,344401.216,2765892.147
全家中和安勝店,222430244,新北市中和區連勝街５９號,50568,121.4978029,24.9972115,347565.054,2765721.989
全家中和連勝店,222490286,新北市中和區連城路２３１號１樓及２樓,11557,121.4940578,24.9973638,347187.229,2765743.051
全家中和世紀店,282278716,新北市中和區連城路２６８之１號１樓,14458,121.4864578,24.9966373,346419.223,2765671.133
全家中和連福店,232347896,新北市中和區連城路３９１號，３９３號,11790,121.4864381,24.9960974,346416.567,2765611.359
全家中和新后店,222216706,新北市中和區連城路４６９巷２３號１樓,53405,121.4836705,24.9950103,346135.868,2765494.08
全家中和連新店,232346707,新北市中和區連城路５２１之１號１樓,55031,121.481989,24.9951449,345966.309,2765510.887
全家中和錦中店,222458753,新北市中和區錦中里錦和路３５６號１樓,12578,121.4905436,24.9911661,346824.879,2765060.576
全家中和錦福店,282453548,新北市中和區錦和路９５號１樓,54485,121.4901217,24.9956057,346787.769,2765552.754
全家五股五權店,222984246,新北市五股區五工五路３４號,14290,121.4504411,25.0662264,342872.047,2773419.621
全家五股六福店,222931649,新北市五股區五福路７０號１樓,14279,121.4330915,25.0900689,341152.433,2776080.524
全家五股五福店,282957618,新北市五股區五福里五福路２４號,10985,121.4341955,25.088941,341262.335,2775954.309
全家五股新凌雲店,222953163,新北市五股區凌雲路一段７９號一樓,63161,121.4508542,25.1011413,342958.06,2777286.204
全家五股維興店,289813796,新北市五股區四維路７８號．８０號１樓,16750,121.4674826,25.0729712,344599.659,2774147.052
全家五股新工商店,222952430,新北市五股區工商路８７號１樓,60982,121.4379348,25.0850818,341634.546,2775522.508
全家五股蓬萊店,282921512,新北市五股區成泰路一段２３５－１１號１樓及Ｂ１,52626,121.4363906,25.0800727,341472.369,2774969.516
全家五股水碓店,222977124,新北市五股區成泰路一段７巷２１號、２３號１樓,16359,121.4323189,25.0670862,341044.977,2773535.926
全家五股成泰店,222931703,新北市五股區成泰路三段５７７巷１３８號１樓,12917,121.447656,25.1043442,342639.596,2777644.652
全家五股青水店,282923238,新北市五股區成泰路四段１６號１樓,56466,121.4536043,25.1066714,343242.427,2777895.521
全家五股新五店,222953177,新北市五股區新五路三段２５號１樓部份,57853,121.4452576,25.0896169,342378.94,2776016.282
全家五股洲子洋店,222953856,新北市五股區新城八路７２號１樓,56882,121.4469587,25.0893997,342550.238,2775990.252
全家五股新五義店,222939726,新北市五股區民義路一段１０９號１樓,51781,121.433946,25.086374,341233.874,2775670.287
全家五股民義店,222942736,新北市五股區民義路二段１６號１樓,12390,121.420722,25.096561,339913.237,2776814.105
全家五股登科店,222931643,新北市五股區登林路７６之９號１樓,55853,121.4297906,25.069568,340793.115,2773813.764
全家五股貿商店,222936597,新北市五股區自強路１５４號１樓,14152,121.4320866,25.0702821,341025.648,2773890.167
全家五股自強店,282921942,新北市五股區自強路７４號１樓,52110,121.4329986,25.0731893,341121.381,2774211.093
全家五股高亞店,229844397,新北市五股區興珍里中興路一段１４２號１４２之１號一,15697,121.4649375,25.0738031,344343.971,2774242.104
全家五股芳洲店,222953094,新北市五股區芳洲一路３８號１樓＆２樓,57243,121.4440942,25.0857203,342256.627,2775586.058
全家五股御雲店,222931757,新北市五股區西雲路２號１樓,50452,121.4426885,25.0897601,342120.001,2776035.128
全家五股金雲店,222952906,新北市五股區西雲路２０８號１樓,56943,121.4479183,25.0957234,342655.073,2776689.534
全家八里龍王店,226101008,新北市八里區中山路一段１３１號１樓,57646,121.413343,25.159209,339250.642,2783761.635
全家八里中廣店,229040262,新北市八里區中山路二段２７６號１樓,60726,121.4049371,25.1510508,338392.589,2782868.044
全家八里華城店,286304933,新北市八里區中華路二段３０６號１樓,50082,121.4038767,25.1485876,338282.457,2782596.487
全家八里中華店,286303476,新北市八里區中華路二段４６８號１樓,56467,121.4007052,25.1461539,337959.527,2782330.723
全家八里廖添丁店,226101005,新北市八里區中華路３段１７號１樓,57641,121.3969083,25.1433509,337573.046,2782024.811
全家八里船頭店,286304308,新北市八里區渡船頭街１號,11108,121.4347078,25.1584949,341403.391,2783657.349
全家八里左岸店,226192618,新北市八里區觀海大道３７號１樓,61847,121.4295305,25.1607325,340884.383,2783911.256
全家八里富塘店,286303914,新北市八里區訊塘路６２號１樓,18967,121.3978002,25.1457706,337666.152,2782291.747
全家八里龍米店,226187522,新北市八里區龍米路一段２２２號１樓,54921,121.4519641,25.1285752,343104.85,2780323.42
全家土城新德店,222644631,新北市土城區中央路一段２４８之２號,51217,121.444426,24.9847779,342161.604,2764405.667
全家土城德興店,222703829,新北市土城區中央路一段４３號,60612,121.4483014,24.9904471,342559.999,2765029.08
全家土城大安店,222690923,新北市土城區中央路三段１８７號,19131,121.4309606,24.9647925,340776.708,2762207.826
全家土城欣隆店,222683967,新北市土城區中央路三段２８３號１樓,10821,121.42649,24.9632961,340323.418,2762047.317
全家土城永寧店,222694365,新北市土城區中央路三段７４－１號＆７４號１樓,18757,121.4363155,24.9673696,341320.647,2762487.014
全家土城順風店,282612108,新北市土城區中央路二段１５４號,12335,121.441825,24.9767469,341888.822,2763519.203
全家土城中源店,282623623,新北市土城區中央路二段２６０號１樓,53404,121.4414805,24.9746157,341851.332,2763283.561
全家土城員仁店,282623135,新北市土城區中央路二段３０８號,50000,121.4404307,24.9732214,341743.573,2763130.352
全家土城頂埔店,222674416,新北市土城區中央路四段２６２號１樓,50269,121.4147973,24.9569388,339134.638,2761356.945
全家土城鴻海附店,222689435,新北市土城區中央路四段５３－１號１樓,18727,121.4180258,24.9585857,339462.748,2761535.546
全家土城頂運店,222671054,新北市土城區中央路四段７０號１樓,54252,121.4192983,24.9599143,339592.944,2761681.2
全家土城恆山店,222684232,新北市土城區中央路４段２８１號１樓,16680,121.4123699,24.9534793,338885.061,2760976.648
全家土城工業店,222678853,新北市土城區中山路６１號１樓,57045,121.4245651,24.9638523,340129.785,2762111.174
全家土城大道店,222616909,新北市土城區中華路一段３１號,58572,121.446241,24.9887713,342349.891,2764845.858
全家土城新亞店,222697840,新北市土城區亞洲路５７號,50271,121.4333609,24.97116,341027.194,2762910.264
全家土城行政店,282618798,新北市土城區和平路１０－２號１樓,57949,121.442512,24.9741079,341954.821,2763226.123
全家土城中央店,222741563,新北市土城區員林里中央路二段８９號,10626,121.4422504,24.978034,341933.405,2763661.264
全家土城學心店,282731491,新北市土城區學士路１６１號一樓,63051,121.4507235,24.9801163,342791.419,2763882.093
全家土城學士店,282731487,新北市土城區學士路２６號一樓,63050,121.4530243,24.9823526,343026.511,2764127.123
全家土城廣福店,222738441,新北市土城區學府路一段１６２號,10454,121.4542007,24.9869354,343151.053,2764633.339
全家土城新學店,282624507,新北市土城區學府路一段１８７號１樓,51462,121.4524669,24.9850525,342973.655,2764426.794
全家土城海山店,222647851,新北市土城區學府路一段２９４號,10354,121.4495374,24.982652,342674.892,2764164.303
全家土城美仁店,282614954,新北市土城區學府路２段２１號１樓,16772,121.449311,24.9815866,342650.688,2764046.566
全家土城學林店,282620694,新北市土城區學成路３６號１樓,53128,121.4526208,24.9873844,342992.137,2764684.887
全家土城廣義店,289674909,新北市土城區廣明街４９號,60357,121.4551384,24.993305,343253.747,2765337.727
全家土城廣興店,222647450,新北市土城區廣興里學府路一段１００號,12265,121.456036,24.9880137,343337.677,2764750.655
全家土城峰吉店,222628864,新北市土城區延吉街１５９號１樓,52914,121.4701449,24.9860159,344759.386,2764513.246
全家土城吉美店,222602720,新北市土城區延吉街２３９號１樓,57621,121.467935,24.984914,344534.928,2764393.724
全家土城吉城店,222700166,新北市土城區延吉街８０號１樓,58900,121.4708862,24.9865573,344834.892,2764572.365
全家土城冠延店,222622680,新北市土城區延和路１１１號,11403,121.46787,24.9903684,344535.193,2764997.899
全家土城德清店,222628154,新北市土城區明德路一段１０３號１樓,54611,121.4656946,24.9827049,344306,2764151.612
全家土城義鴻店,222733196,新北市土城區明德路一段３１１號１樓,12581,121.4595999,24.9770241,343683.606,2763529.41
全家土城明城店,222705842,新北市土城區明（上山＋下夆）街２０號１樓＋Ｂ１,62726,121.6155016,25.0020251,359450.237,2766128.599
全家土城永豐店,282732850,新北市土城區永豐路１９５號,61865,121.4712629,24.9780482,344862.295,2763629.514
全家土城寬樺店,282733720,新北市土城區清和里青雲路３８２號、３８４號,11488,121.4586946,24.9731615,343587.353,2763102.646
全家土城仁愛店,222611306,新北市土城區清水路１６６號,10288,121.4597706,24.9814548,343706.411,2764019.936
全家土城城堡店,222743213,新北市土城區福仁街５０巷１號,15357,121.439516,24.9750835,341653.601,2763337.652
全家土城金福店,222695639,新北市土城區福安街１號１－３樓全棟,54336,121.4203474,24.9651243,339705.586,2762257.006
全家土城福祥店,282615458,新北市土城區福祥街４６號一樓,11642,121.44136,24.9809959,341847.286,2763990.343
全家土城虎躍店,222695054,新北市土城區自由街２號１樓,60418,121.421374,24.9661064,339810.501,2762364.574
全家土城莊園店,282733441,新北市土城區莊園街１００號＋１０２號１樓（配送用）,63063,121.4459276,24.9820137,342309.678,2764097.779
全家土城裕成店,282732092,新北市土城區裕民路２１０號,62431,121.4533281,24.9844391,343059.815,2764357.865
全家土城學富店,222641614,新北市土城區裕民路６９號１樓,54028,121.449656,24.9878212,342693.41,2764736.683
全家土城海裕店,222622604,新北市土城區裕民路９２巷２２弄３號１樓,51238,121.4496277,24.9862329,342688.542,2764560.803
全家土城御昇店,222629626,新北市土城區裕生路１２號１樓,53921,121.4482344,24.9876264,342549.661,2764716.75
全家土城裕勝店,222623307,新北市土城區裕生路５７號１．２樓,19739,121.4478343,24.9863497,342507.654,2764575.81
全家土城香榭店,222645031,新北市土城區金城路三段１０號１樓,55116,121.4648557,24.9859865,344225.429,2764516.024
全家土城大城店,282620927,新北市土城區金城路三段１４１號１樓＆地下一樓,56301,121.4683168,24.9883273,344577.739,2764771.328
全家土城立雲店,222643909,新北市土城區金城路二段２５８之５號,19273,121.4573101,24.983312,343460.365,2764228.454
全家土城青水店,222707634,新北市土城區青仁路３２號１樓,57002,121.4604867,24.9790635,343775.695,2763754.267
全家土城雲陽店,222740328,新北市土城區青雲路１８５號１樓,14466,121.4593777,24.9825651,343668.145,2764143.358
全家土城青雲店,222743769,新北市土城區青雲路４２號，４４號,11764,121.4597115,24.9882709,343709.02,2764774.922
全家土城龍山店,282618609,新北市土城區龍山一街１７號,60555,121.4475275,24.9770256,342464.863,2763543.47
全家坪林順益店,226657521,新北市坪林區水柳腳路１３３號,19023,121.7096115,24.9353168,368878.176,2758647.116
全家平溪平安店,224951706,新北市平溪區石底街５３號,52037,121.7408654,25.0248314,372126.201,2768530.926
全家平溪十分店,224959087,新北市平溪區靜安路三段３３１號,58161,121.7789788,25.0438722,375991.07,2770604.403
全家新店三富店,286659629,新北市新店區三民路１４１號１樓,63650,121.5341636,24.9726006,351205.645,2762956.086
全家新店鑫民店,229188975,新北市新店區三民路８１號１樓,62432,121.5358101,24.971566,351370.63,2762839.707
全家新店福民店,222194351,新北市新店區中央路１４５號,50170,121.5302575,24.9733164,350812.167,2763039.629
全家新店新中央店,222197580,新北市新店區中央路６３號,19309,121.5326798,24.9771154,351061.258,2763457.731
全家新店溪園店,282189189,新北市新店區中山里溪園路３８９號一樓,10134,121.523593,24.9791411,350146.381,2763692.036
全家新店華盛店,286658387,新北市新店區中正路１４３號１樓,60253,121.5415648,24.9715023,351951.519,2762826.395
全家新店正民店,229137185,新北市新店區中正路２２４號,55747,121.5402357,24.9728301,351818.922,2762974.895
全家新店中欣店,229156887,新北市新店區中正路３號,52259,121.5457161,24.969198,352367.878,2762566.69
全家新店正中店,222195702,新北市新店區中正路３６６號,55395,121.5352166,24.976228,351316.288,2763356.682
全家新店新百合店,222199017,新北市新店區中正路４０４號,54168,121.5345935,24.9776081,351255.036,2763510.21
全家新店中盛店,286673532,新北市新店區中正路４９３－２號１樓,56910,121.533504,24.982918,351151.41,2764099.484
全家新店莊敬店,282193280,新北市新店區中正路５２３號,53264,121.5333566,24.9851837,351139.244,2764350.577
全家新店五豐店,289145746,新北市新店區中正路５９號,56352,121.5442063,24.9698874,352216.273,2762644.677
全家新店大鵬店,222184729,新北市新店區中正路６９８號,50005,121.5342133,24.9905281,351232.121,2764941.549
全家新店新寶安店,229157211,新北市新店區中興路三段２０９號,19669,121.5435838,24.9817711,352167.558,2763961.498
全家新店鑫峰店,229184798,新北市新店區中興路１段２８２號１樓,61927,121.5386808,24.9585377,351644.904,2761393.669
全家新店富強店,289145943,新北市新店區中興路３段１５６號,51486,121.5446382,24.9806445,352272.657,2763835.582
全家新店中華店,286658913,新北市新店區中華路５０號,10872,121.539679,24.968555,351757.626,2762502.022
全家新店慶民店,289193666,新北市新店區二十張路３號,11954,121.540052,24.9824479,351811.842,2764040.288
全家新店僑信店,222143950,新北市新店區僑信路２０號１樓,53219,121.4996673,24.9523518,347698.29,2760751.531
全家新店光盛店,289147282,新北市新店區光明街１８１號１樓,57925,121.5398303,24.96307,351766.364,2761894.382
全家新店站前店,229147259,新北市新店區北宜路一段６號,50032,121.5379035,24.9577382,351565.47,2761305.968
全家新店長春店,282171585,新北市新店區北宜路二段１４９號１樓,12900,121.5517643,24.9532552,352959.644,2760794.467
全家新店北宜店,222171961,新北市新店區北宜路二段１８號１樓＋地下室,59032,121.5479076,24.9516014,352568.276,2760615.465
全家新店美譚店,222171398,新北市新店區北宜路二段４１９號,19177,121.560332,24.954511,353826.194,2760924.348
全家新店新華店,229124931,新北市新店區北新路一段２８７號１樓＋２樓,60252,121.541003,24.9671169,351889.581,2762341.312
全家新店行政店,289146697,新北市新店區北新路一段８８巷１２號３樓,60221,121.5424722,24.9671774,352037.981,2762346.418
全家新店忠誠店,229158815,新北市新店區北新路二段１１９號１樓,11829,121.542739,24.9749765,352074.194,2763209.896
全家新店七張站店,286657572,新北市新店區北新路２段１５０－１號,52045,121.5431453,24.9751965,352115.472,2763233.821
全家新店金采店,289146548,新北市新店區北新路３段２１３號旁壹樓部份（如附圖）,51778,121.539944,24.9857782,351804.91,2764409.244
全家新店新豐店,229158240,新北市新店區大豐路１０號１樓,60986,121.5412165,24.9804296,351926.989,2763815.492
全家新店公宅店,222187268,新北市新店區央北二路３９８號,60203,121.5263887,24.981963,350432,2764001.501
全家新店如意店,222101261,新北市新店區如意街２９號１樓,14456,121.4941755,24.9481638,347138.629,2760293.834
全家新店城泰店,222143601,新北市新店區安康路三段３１１號１樓,14158,121.4857113,24.9514314,346287.988,2760665.237
全家新店永安店,286661942,新北市新店區安康路二段１５７號,12677,121.5105018,24.9594379,348800.878,2761524.293
全家新店德安店,286663307,新北市新店區安康路二段３０３號,11434,121.5022695,24.9573712,347967.172,2761304.545
全家新店康橋店,222140466,新北市新店區安康路３段７３８號、７４０號１樓,16344,121.4736881,24.9420702,345062.316,2759642.04
全家新店德順店,222121692,新北市新店區安德街１２０巷６號,19853,121.508989,24.960752,348649.736,2761671.511
全家新店康德店,222121574,新北市新店區安德街７１巷２號、４號１樓,16432,121.5103138,24.9615234,348784.431,2761755.477
全家新店陽光店,286665549,新北市新店區安忠路５７巷１０號１樓,15247,121.5132991,24.9591906,349083.009,2761493.808
全家新店安民店,286662484,新北市新店區安民街１號１樓,12773,121.515113,24.9640083,349271.988,2762025.377
全家新店安順店,222121274,新北市新店區安民街１９２號１樓,52687,121.5171941,24.9715241,349491.196,2762855.477
全家新店襄陽店,282151522,新北市新店區安祥路１０４－１０號,16865,121.4792161,24.9622768,345645.605,2761873.739
全家新店香坡店,222005350,新北市新店區安祥路１１３號，１１５號,11969,121.4752265,24.9568384,345236.031,2761275.933
全家新店寶中店,229117614,新北市新店區寶中路７７號,10494,121.5475344,24.9806961,352565.081,2763838.162
全家新店橋興店,289192388,新北市新店區寶橋路２３５巷１２９號,14433,121.5512087,24.983697,352939.542,2764166.551
全家新店新寶工店,289145941,新北市新店區寶橋路２３５巷８號,51541,121.5517912,24.980223,352994.234,2763781.171
全家新店新寶橋店,229122431,新北市新店區寶橋路５１號１，２樓,54983,121.5448534,24.9748314,352287.474,2763191.535
全家新店寶興店,286654892,新北市新店區寶橋里寶橋路８０號一樓,15723,121.5463548,24.9754395,352439.765,2763257.258
全家新店統寶店,289147339,新北市新店區寶興路４７號,55188,121.549425,24.9733645,352747.249,2763024.13
全家新店光明店,286654542,新北市新店區廣明里７鄰光明街１３６號１樓,12298,121.5392716,24.9612629,351707.803,2761694.849
全家新店江陵店,222190529,新北市新店區建國路２１９號,10294,121.5375212,24.9810357,351554.681,2763886.636
全家新店慈濟店,282192878,新北市新店區建國路２８９號Ｂ１慈濟醫院大愛美食坊,11121,121.5358123,24.9860392,351388.155,2764442.647
全家新店德正店,229126411,新北市新店區德正街２７巷１號,11827,121.5445206,24.9715809,352250.015,2762831.896
全家新店新文強店,229107458,新北市新店區文化路１７號,56113,121.543069,24.9795755,352112.978,2763718.888
全家新店新安店,229403474,新北市新店區新和街６０號１樓,61763,121.5199824,24.9853193,349789.361,2764380.263
全家新店鑫碧潭店,286657744,新北市新店區新店路２１１號,59235,121.5370683,24.9570312,351480.299,2761228.575
全家新店龜山店,226666253,新北市新店區新烏路三段１４４號１樓,52617,121.5520336,24.9028854,352927.398,2755215.657
全家新店健民店,229162699,新北市新店區明德路６９巷２８號,52504,121.5402868,24.9776344,351829.806,2763506.926
全家新店民德店,289113923,新北市新店區民族路６號,50418,121.541837,24.9789683,351987.887,2763652.976
全家新店新民族店,229137896,新北市新店區民族路９７號１樓＋地下室,52420,121.5386543,24.9775211,351664.871,2763496.153
全家新店民權店,286673437,新北市新店區民權路１０５號１樓,14150,121.5368124,24.982737,351485.162,2764075.831
全家新店復興店,222184982,新北市新店區民權路１３２號１樓,58336,121.5348091,24.9829232,351283.16,2764098.636
全家新店寶元店,229156106,新北市新店區民權路１９號,11135,121.542014,24.982707,352010.206,2764066.853
全家新店民佳店,286658005,新北市新店區民權路７２號,14266,121.5382355,24.9831114,351629.265,2764115.747
全家新店新和店,229413706,新北市新店區永安街８１號１樓,51955,121.5198724,24.9867714,349780.012,2764541.209
全家新店安和店,229475039,新北市新店區永平街８９號１樓,10557,121.5163116,24.9856416,349419.205,2764420.008
全家新店皇家店,229499704,新北市新店區永平里永平街２７號一樓,15729,121.5167933,24.9834869,349465.22,2764180.836
全家新店永業店,229131378,新北市新店區永業路８１巷１弄１號,10930,121.529805,24.9493653,350737.752,2760387.481
全家新店鑫泉店,286677615,新北市新店區溪園路４０１號,19478,121.5239293,24.9776372,350178.518,2763525.106
全家新店玫瑰店,222103956,新北市新店區玫瑰路５８巷１號１樓,14138,121.4954398,24.9464346,347264.17,2760100.905
全家新店涵碧店,222124064,新北市新店區碧潭路３７號,60110,121.534118,24.95636,351181.614,2761157.451
全家新店新陽店,226669640,新北市新店區粗坑里花園一路一段２號一樓,15728,121.551054,24.9341568,352865.36,2758680.055
全家新店順安店,289193423,新北市新店區順安街５７號,61057,121.5405745,24.9862684,351869.14,2764462.85
全家新莊新中信店,289927949,新北市新莊區中信街４１號１樓,51872,121.4500999,25.0506933,342817.909,2771699.625
全家新莊福前店,285218649,新北市新莊區中原東路５６號１樓,58475,121.4639314,25.0545852,344218.301,2772114.758
全家新莊中原店,289920047,新北市新莊區中原路２９７號,11404,121.447695,25.05422,342579.755,2772093.012
全家新莊福壽店,229908643,新北市新莊區中原路４５號,10558,121.4582137,25.0542179,343640.982,2772080.641
全家新莊中環店,229906924,新北市新莊區中和街１５５巷２號１樓＋２樓部分,50043,121.447293,25.04994,342533.755,2771619.44
全家新莊和運店,229907549,新北市新莊區中和街１７號１樓,57219,121.4480697,25.0435168,342603.959,2770907.131
全家新莊副都店,285218124,新北市新莊區中央路４３７號１樓,58199,121.4478903,25.0579598,342604.212,2772506.993
全家新莊中央店,285219448,新北市新莊區中央路５５８號１樓,59259,121.4488983,25.0589369,342707.147,2772614.046
全家新莊新幸福店,229969520,新北市新莊區中平路１８４巷１０弄７號１樓,51470,121.4452691,25.0483395,342327.52,2771444.52
全家新莊狀元店,229984996,新北市新莊區中平路２６８號,10879,121.4449228,25.050131,342294.861,2771643.341
全家新莊新中平店,229966949,新北市新莊區中平路２９０號１樓,61262,121.4450376,25.0513012,342307.933,2771772.816
全家新莊忠承店,229906231,新北市新莊區中平路３７７巷２號１樓,62209,121.4443221,25.0526555,342237.47,2771923.643
全家新莊中悅店,285215084,新北市新莊區中平路４００號１樓,60118,121.4447822,25.054109,342285.741,2772084.094
全家新莊中永店,289920165,新北市新莊區中平路６６號,11919,121.4450087,25.0444599,342296.308,2771015.131
全家新莊中榮店,229983442,新北市新莊區中榮街８４號,11589,121.4481512,25.0528861,342624.086,2771944.746
全家新莊新建店,229013769,新北市新莊區中正路新建巷４０號１樓,51469,121.4145494,25.0214545,339193.164,2768502.782
全家新莊新正店,229900756,新北市新莊區中正路２６１號全部,61497,121.449859,25.0354016,342774.202,2770006.253
全家新莊福海店,222038885,新北市新莊區中正路４０１號,11846,121.4452831,25.0343857,342311.176,2769899.032
全家新莊龍鳳店,229017635,新北市新莊區中正路７２９號,50272,121.422867,25.0287761,340042.003,2769303.898
全家新莊安和店,229036055,新北市新莊區中正路８２９巷２２弄１號,12131,121.4215784,25.0271078,339909.814,2769120.637
全家新莊迴龍店,229011240,新北市新莊區中正路８９５－２６號１樓,55189,121.4121451,25.0218627,338951.057,2768550.836
全家新莊新和港店,229938945,新北市新莊區中港一街１４３號,10402,121.4478654,25.0449842,342585.21,2771069.891
全家新莊中港店,229944832,新北市新莊區中港路１２６號,10544,121.4553924,25.040333,343338.785,2770546.052
全家新莊中美店,222796927,新北市新莊區中港路４１３＆４１５號１樓,14479,121.452065,25.047368,343011.96,2771329.057
全家新莊華運店,289921279,新北市新莊區中華路一段６７號１樓＋地下室,60553,121.4520584,25.0397657,343001.661,2770487.064
全家新莊華寧店,229946014,新北市新莊區中華路１段８號１樓,14469,121.4519024,25.0363397,342981.58,2770107.793
全家新莊首富店,229902685,新北市新莊區中華里中華路二段５號,12393,121.4535461,25.0453216,343158.805,2771100.697
全家新莊五工店,222988045,新北市新莊區五工路７０號１樓＋Ｂ１,62569,121.4578941,25.063645,343620.644,2773125.118
全家新莊五權店,222980962,新北市新莊區五權一路３６號１樓＆２樓,60790,121.4575476,25.0653965,343587.902,2773319.506
全家新莊新德勝店,222014708,新北市新莊區八德街１３５號,53168,121.4238393,25.0202081,340129.073,2768353.79
全家新莊八德店,222014759,新北市新莊區八德街１５巷２號，１７號,10523,121.4254662,25.0223544,340296.022,2768589.598
全家新莊泰園店,229757564,新北市新莊區公園一路１０３號１樓,59493,121.4446913,25.0380889,342256.173,2770309.87
全家新莊新市店,285212417,新北市新莊區化成路４３１巷７６號,54920,121.4625903,25.0599021,344089.692,2772705.174
全家新莊福成店,229948672,新北市新莊區化成路５５２號１樓及地下室,54648,121.4663738,25.0538015,344463.728,2772025.163
全家新莊樹成店,285214163,新北市新莊區化成路７３８號,56192,121.4656915,25.0574502,344399.476,2772430.058
全家新莊維新店,222041652,新北市新莊區四維路１４７號１樓,50361,121.422773,25.022153,340023.973,2768570.454
全家新莊德祐店,222083680,新北市新莊區四維路１５０巷９號１樓,50510,121.4222498,25.0233568,339972.726,2768704.398
全家新莊新雙鳳店,229011246,新北市新莊區天祥街２號,53791,121.4175515,25.0268245,339503.08,2769094.003
全家新莊天祥店,229013468,新北市新莊區天祥街２９號１樓,61163,121.4172202,25.0281596,339471.377,2769242.266
全家新莊天美店,229030732,新北市新莊區天祥街４２號１樓,14524,121.416918,25.028899,339441.838,2769324.516
全家新莊金富店,222023655,新北市新莊區富國路１７６巷７號１樓,50976,121.4242911,25.0240746,340179.651,2768781.501
全家新莊昌盛店,222764464,新北市新莊區幸福里昌盛街６７號一樓,12558,121.4549343,25.0500424,343304.842,2771621.954
全家新莊建中店,222779137,新北市新莊區建中街１１８號、１２０號、１２２號,11804,121.445636,25.0366388,342349.652,2770148.168
全家新莊學輔店,229018239,新北市新莊區建國一路２號,18879,121.4334199,25.0320754,341111.14,2769656.953
全家新莊建國店,229081905,新北市新莊區建國一路４９號１樓右半,14176,121.4344377,25.0306852,341212.065,2769501.791
全家新莊建興店,222015482,新北市新莊區建安街１８號１樓,12458,121.4286654,25.0263664,340624.031,2769030.203
全家新莊建安店,222044299,新北市新莊區建安街４２號,11078,121.4275466,25.0250024,340509.375,2768880.442
全家新莊新園寧店,229949325,新北市新莊區建興街１０１號,52301,121.4496539,25.0393647,342758.534,2770445.428
全家新莊新建明店,222048981,新北市新莊區後港一路４８號１樓,52392,121.4259186,25.0261523,340346.566,2769009.71
全家新莊北醫店,229944981,新北市新莊區思源路１２７號,52848,121.4594267,25.0429446,343749.143,2770830.662
全家新莊宏匯店,285213845,新北市新莊區思源路５５５號１樓,61745,121.4595736,25.058357,343783.403,2772537.508
全家新莊新頭前店,285219644,新北市新莊區思源路５９７號１樓,61263,121.4593392,25.0598333,343761.619,2772701.287
全家新莊天成店,229018545,新北市新莊區新北大道七段２１９號,14414,121.4137779,25.0301496,339126.588,2769466.738
全家新莊城邦店,285216513,新北市新莊區新北大道三段７號１樓,57645,121.458193,25.060225,343646.479,2772745.988
全家新莊通樹店,222043156,新北市新莊區新樹路２８８號１樓,58641,121.4324974,25.0118563,340992.131,2767418.634
全家新莊新樹店,222075970,新北市新莊區新樹路６１３號１樓,16789,121.4336822,25.0038272,341101.426,2766527.977
全家新莊新泰店,229972384,新北市新莊區新泰路１４６號,10854,121.4479012,25.0371756,342578.902,2770204.998
全家新莊新立店,229922460,新北市新莊區新泰路２２５巷１號１樓,10990,121.4463951,25.0391547,342429.447,2770425.94
全家新莊泰豐店,222026118,新北市新莊區新泰路３巷１號,57043,121.4496457,25.0322125,342748.633,2769653.287
全家新莊金泰店,229902069,新北市新莊區新泰路３０５巷１號１樓,54826,121.4453033,25.0409218,342321.53,2770622.922
全家新莊武廟店,229975613,新北市新莊區新莊路４３５號，４３５號之１,10396,121.4502313,25.0334823,342809.335,2769793.249
全家新莊海山店,222042064,新北市新莊區新莊路７４１號１樓,10583,121.4430312,25.0328043,342081.93,2769726.494
全家新莊新豐店,222020432,新北市新莊區新豐街１３號１樓,58897,121.4485341,25.0342767,342639.084,2769883.195
全家新莊昌平店,229906374,新北市新莊區昌平街５０號,10514,121.4547874,25.0535867,343294.505,2772014.677
全家新莊新明中店,229985116,新北市新莊區明中街１８號１樓,60554,121.4583008,25.0388039,343630.316,2770373.348
全家新莊明志店,229014536,新北市新莊區明志路１９號１樓＆２樓,62799,121.4200405,25.0291471,339757.256,2769348.314
全家新莊景德店,222064530,新北市新莊區景德路３８２號,11147,121.4461062,25.0335286,342393.142,2769803.149
全家新莊光明店,222062208,新北市新莊區民安西路１９２號１樓,58926,121.4258971,25.0155435,340330.739,2767834.739
全家新莊民和店,222049299,新北市新莊區民安西路２４７號１樓,50975,121.4261737,25.0135772,340356.124,2767616.634
全家新莊安華店,229667664,新北市新莊區民安西路３２１號１樓＋２樓,59829,121.4277351,25.0112132,340510.668,2767352.976
全家新莊富安店,222046753,新北市新莊區民安路２８５之１號,18786,121.4289199,25.0222788,340644.461,2768577.176
全家新莊民本店,222032338,新北市新莊區民本街２３巷２號１樓,11833,121.428364,25.0196865,340585.029,2768290.713
全家新莊瓊泰店,222049577,新北市新莊區瓊泰路７１號１樓,57947,121.443094,25.028828,342083.202,2769286.021
全家新莊新福義店,229964281,新北市新莊區福壽街１３２號１樓,54337,121.4576943,25.0515524,343585.214,2771786.018
全家新莊仁義店,229962848,新北市新莊區福壽街３８號１Ｆ,10882,121.4583456,25.0483711,343646.909,2771432.921
全家新莊福祿店,289938193,新北市新莊區福壽街８１號１樓,15153,121.4580762,25.0499331,343621.7,2771606.232
全家新莊福樂店,289923468,新北市新莊區福樂街３０號１樓,19458,121.4579438,25.0453823,343602.597,2771102.356
全家新莊新工店,222989786,新北市新莊區福興里五工二路８１號一樓,15779,121.459728,25.0661799,343808.85,2773403.765
全家新莊立信店,229982115,新北市新莊區立信一街１２號,19459,121.4440696,25.0495375,342208.022,2771578.597
全家新莊自成店,229949824,新北市新莊區自信街２號１樓,14475,121.4533065,25.0481069,343138.157,2771409.462
全家新莊自強店,289916578,新北市新莊區自強街２號,12374,121.4548176,25.0455084,343287.332,2771119.921
全家新莊超級店,222045567,新北市新莊區莊崑路２５號１樓,57148,121.4313535,24.999586,340860.949,2766060.957
全家新莊萬安店,222037583,新北市新莊區萬安街８０號,10199,121.4207568,25.0230623,339821.678,2768673.537
全家新莊裕民店,229017969,新北市新莊區裕民街９７號１樓,14681,121.4184687,25.02326,339591.027,2768698.128
全家新莊盛寧店,222030264,新北市新莊區西盛街１５１號１樓,14526,121.428391,25.0182269,340585.878,2768129.021
全家新莊興盛店,222047033,新北市新莊區西盛街２３０號１樓,16264,121.4280502,25.0164376,340549.184,2767931.243
全家新莊盛華店,222046755,新北市新莊區西盛街３９０號１樓,14682,121.4276878,25.0128385,340507.983,2767533.044
全家新莊金豐店,222069828,新北市新莊區豐年街６６號１樓,50788,121.4463791,25.0315558,342418.172,2769584.333
全家新莊豐盛店,222040213,新北市新莊區豐盛二街１１號１樓,62060,121.432364,25.0003668,340963.945,2766146.255
全家新莊祥鳳店,229022674,新北市新莊區雙鳳路１０６號,19179,121.4140661,25.0283491,339153.335,2769266.979
全家新莊三鳳店,229080840,新北市新莊區雙鳳路１３０號,54149,121.4130954,25.0280232,339054.956,2769232.031
全家新莊正龍店,229046684,新北市新莊區龍安路９號１樓,58135,121.4147107,25.0226246,339210.959,2768632.188
全家板橋振興店,289612085,新北市板橋區三民路一段３１巷８９弄３號,11148,121.4817815,25.023303,345980.311,2768629.762
全家板橋富山店,289641541,新北市板橋區三民路一段９４號，９６號,11925,121.4791742,25.0216445,345715.134,2768449.028
全家板橋天和店,229556108,新北市板橋區三民路二段１４０號１樓,56086,121.479016,25.015973,345692.115,2767821.061
全家板橋長民店,229558365,新北市板橋區三民路二段１５３巷１－３號１樓＆Ｂ１,53534,121.4796206,25.0150261,345751.954,2767715.502
全家板橋樂福店,229636100,新北市板橋區三民路二段２１巷６號１樓,52970,121.479726,25.018091,345766.401,2768054.835
全家板橋居仁店,229596251,新北市板橋區三民路二段２４３號,61873,121.4791455,25.0125966,345700.986,2767446.961
全家板橋長壽店,229572584,新北市板橋區三民路二段８３號,10924,121.4794387,25.0165572,345735.5,2767885.285
全家板橋新光店,229550932,新北市板橋區中山路一段１４１－２號１樓,56230,121.4637209,25.0113328,344142.696,2767324.554
全家板橋新府店,229510276,新北市板橋區中山路一段１６０－６號,61581,121.4664038,25.0119713,344414.267,2767392.203
全家板橋新光仁店,289539335,新北市板橋區中山路二段２５號１－５樓,51813,121.4726156,25.0153152,345045.362,2767755.475
全家板橋光復店,229643847,新北市板橋區中山路二段５０３號１樓,12224,121.4826235,25.0211187,346062.57,2768386.888
全家板橋興隆店,289510091,新北市板橋區中山路二段９０巷１０號,62039,121.4753512,25.0159856,345322.277,2767826.614
全家板橋花園店,229679720,新北市板橋區中正路一巷１４號１樓,56042,121.4552302,25.0117171,343286.259,2767376.862
全家板橋大庭店,229670325,新北市板橋區中正路１９１號,10305,121.4563392,25.0169081,343404.736,2767950.518
全家板橋美庭店,229607413,新北市板橋區中正路２１６巷２１號、２３號１樓,16297,121.4565953,25.0186111,343432.731,2768138.841
全家板橋福德店,289697916,新北市板橋區中正路２５４號１樓,60183,121.4555816,25.0193853,343331.407,2768225.754
全家板橋香社店,289658681,新北市板橋區中正路３２５巷２５號１樓,59348,121.4541306,25.0196113,343185.261,2768252.455
全家板橋瑞安店,229677282,新北市板橋區中正路３９５號１樓,52545,121.4540571,25.0219619,343180.815,2768512.882
全家板橋勝文店,282528693,新北市板橋區仁化街４６號及４６之１號１樓,16738,121.4752496,25.0316095,345331.509,2769557.156
全家板橋文心店,222562587,新北市板橋區介壽街２０號１樓,59411,121.4675616,25.0200267,344541.21,2768283.059
全家板橋干城店,229644958,新北市板橋區信義路２４３號１樓,56543,121.4601356,24.9910821,343755.366,2765085.79
全家板橋信義店,229536686,新北市板橋區信義路７１號１樓,58838,121.4572442,24.9953328,343468.862,2765559.896
全家板橋信陽店,229506920,新北市板橋區信義里信義路７２號一樓,15970,121.4573928,24.993421,343481.452,2765347.983
全家板橋僑一店,229679685,新北市板橋區僑中一街１２４巷９弄１號,19427,121.4458611,25.0126486,342341.868,2767490.846
全家板橋僑二店,289699174,新北市板橋區僑中二街１１６巷１號１樓,52946,121.4454971,25.0063468,342297.124,2766793.306
全家板橋聯翠店,222559113,新北市板橋區光武街２２號壹樓,51998,121.4678675,25.0254003,344578.815,2768877.864
全家板橋華東店,289660536,新北市板橋區南雅南路二段１４４巷１８號,61496,121.4506901,24.9958073,342807.905,2765619.994
全家板橋大雅店,229649724,新北市板橋區南雅南路二段５號１樓,57478,121.4542531,25.002268,343175.706,2766331.446
全家板橋湳雅店,229647980,新北市板橋區南雅南路二段９４號,60792,121.4534078,25.0014319,343089.331,2766239.817
全家板橋新雅店,229655750,新北市板橋區南雅東路８號（代表號）１樓,54736,121.4549886,25.0060052,343254.661,2766744.515
全家板橋宜宅店,229600030,新北市板橋區合宜路１２９號１樓,57479,121.4475526,24.9982939,342494.367,2765899.023
全家板橋祝山店,222554105,新北市板橋區吳鳳路２１巷２號１樓,19217,121.4668139,25.0311583,344479.715,2769516.798
全家板橋和平店,229535609,新北市板橋區和平路１００號,19426,121.4621435,24.9947364,343962.637,2765488.222
全家板橋新遠店,289539873,新北市板橋區四川路一段３７１號１樓,51459,121.4583231,24.9995311,343583.053,2766023.641
全家板橋川府店,229511412,新北市板橋區四川路一段６５號１樓,60076,121.4596645,25.0060518,343726.655,2766744.303
全家板橋板川店,289674495,新北市板橋區四川路二段２４５巷７號１樓,53757,121.450814,24.9933659,342817.321,2765349.453
全家板橋華德店,289676847,新北市板橋區四川路二段４７巷３弄４號１樓,52704,121.4544085,24.994582,343181.684,2765480.001
全家板橋宏翠店,282572973,新北市板橋區四維路１００號１樓,53606,121.465767,25.0244639,344365.672,2768776.553
全家板橋四維店,222542469,新北市板橋區四維路１８０號,10412,121.4644889,25.0266914,344239.492,2769024.723
全家板橋互維店,222586320,新北市板橋區四維路２９３號１樓,56945,121.4631918,25.0283116,344110.635,2769205.654
全家板橋勝維店,282570329,新北市板橋區四維路３１８號１樓,57236,121.4624323,25.0300855,344036.225,2769402.994
全家板橋國泰店,229596571,新北市板橋區國泰街３７號１樓,18756,121.4685856,25.0065505,344627.676,2766789.331
全家板橋大仁店,229660911,新北市板橋區大仁街１０８之１號,10355,121.4530603,25.0159609,343072.63,2767849.386
全家板橋大勇店,222720109,新北市板橋區大仁街３６號,61921,121.4551771,25.0168299,343287.358,2767943.194
全家板橋浮州店,222755855,新北市板橋區大觀路二段２６５巷１６號１樓,58498,121.4427557,24.9985794,342010.551,2765936.198
全家板橋興安店,229672852,新北市板橋區大觀路二段３７巷３８號１樓,52068,121.4486198,25.0026184,342607.568,2766376.752
全家板橋國民店,229572609,新北市板橋區實踐路１３２號１樓,14465,121.464294,25.0026624,344189.652,2766363.606
全家板橋大東店,289698004,新北市板橋區府中路１２７號１樓,50303,121.456065,25.009459,343367.661,2767125.804
全家板橋板農店,222723346,新北市板橋區府中路２９—１號１樓,12816,121.4587854,25.0086811,343641.241,2767036.522
全家板橋廣和店,289518657,新北市板橋區廣福里廣和街７９號１樓,16066,121.4627871,24.9921479,344024.35,2765200.796
全家板橋新富陽店,222750133,新北市板橋區復興街１３３號,62426,121.4609911,25.0181682,343875.793,2768084.739
全家板橋江翠店,222525104,新北市板橋區懷德街１２７巷１號及３號１Ｆ,10685,121.4788968,25.0309673,345698.74,2769481.889
全家板橋新翠店,222544470,新北市板橋區懷德街１２７巷２３弄７號１樓,53191,121.4793981,25.0316516,345750.177,2769557.11
全家板橋懷聖店,222505214,新北市板橋區懷德街２０１巷２號,18653,121.4806753,25.0289929,345875.751,2769261.199
全家板橋金鑽店,226750923,新北市板橋區成和里金門街２９號,12306,121.4335162,24.9941377,341072.268,2765454.999
全家板橋新民店,222570742,新北市板橋區文化路一段１８８巷４２號１樓,12770,121.4667882,25.0189923,344461.864,2768169.377
全家板橋傑仕堡店,222540391,新北市板橋區文化路一段１８８巷５７號１樓（配送用）,58349,121.4681669,25.0183097,344600.145,2768092.201
全家板橋文化店,222544632,新北市板橋區文化路一段２８０號,10469,121.4672746,25.0211159,344513.612,2768404.021
全家板橋漢西店,222548179,新北市板橋區文化路一段３１３號,63019,121.4639242,25.0216141,344176.127,2768463.031
全家板橋新埔店,222518500,新北市板橋區文化路一段４２１巷４號１樓,59020,121.467322,25.0228019,344520.509,2768590.701
全家板橋龍江店,282535436,新北市板橋區文化路二段１８２巷３弄９１，９３號１樓,16540,121.4724387,25.0290397,345044.656,2769275.735
全家板橋立都店,222559171,新北市板橋區文化路二段２５９號１樓,55190,121.471298,25.029051,344929.562,2769278.286
全家板橋興盛店,282589625,新北市板橋區文聖街１６１號１樓,53484,121.4790387,25.0274535,345708.687,2769092.557
全家板橋板民店,229545946,新北市板橋區新民街３９號１樓,14454,121.4639105,25.0107899,344161.149,2767264.208
全家板橋新農店,222538884,新北市板橋區新海路３２８，３３０號１樓,10841,121.4605124,25.0242199,343835.102,2768755.547
全家板橋富貴店,222599157,新北市板橋區新海路４６２，４６４，４６６號１樓,10718,121.4576846,25.0284513,343555.075,2769227.446
全家板橋新甫華店,222725443,新北市板橋區新生街２２號,63582,121.4559459,25.021114,343370.355,2768416.798
全家板橋欣興店,229654269,新北市板橋區新興路１號１樓,54171,121.456202,25.007121,343378.537,2766866.7
全家板橋松柏店,282520901,新北市板橋區松柏街１３號,11830,121.4741233,25.0296143,345215.366,2769337.458
全家板橋松翠店,222542581,新北市板橋區松江街２５號１樓,58966,121.4686814,25.0267615,344662.653,2769027.695
全家板橋板長店,229545602,新北市板橋區板新路９７＆９９號１樓,14462,121.4729193,25.0139762,345074.34,2767606.828
全家板橋中勝店,222724924,新北市板橋區林園街２號,16637,121.4541128,25.0093981,343170.555,2767121.306
全家板橋宜居店,289697435,新北市板橋區樂群路１５８號１樓,57951,121.4458371,24.9969985,342319.566,2765757.534
全家板橋正隆店,229578305,新北市板橋區正泰里三民路二段正隆巷３４號一樓,15271,121.4771998,25.013613,345505.885,2767561.739
全家板橋民族店,289510850,新北市板橋區民族路６１號,12383,121.4651811,25.008887,344286.997,2767051.999
全家板橋公館店,229671852,新北市板橋區民權路２０２巷７弄１號１樓,59492,121.4600007,25.0147084,343771.486,2767702.683
全家板橋懷治店,282529989,新北市板橋區民治街１１７號１樓,57791,121.4784273,25.0309278,345651.314,2769478.047
全家板橋廣榮店,229648983,新北市板橋區民生路一段３３號１樓之１,61272,121.475698,25.0120329,345352.35,2767388.439
全家板橋金富店,222541621,新北市板橋區民生路三段２７號１樓,54923,121.4669614,25.0241489,344485.808,2768740.3
全家板橋金典店,229642035,新北市板橋區民生路二段１６之１號１樓＆夾層,54506,121.4730772,25.0166338,345093.594,2767900.991
全家板橋文興店,222579434,新北市板橋區民生路二段２３０號１樓,52688,121.469112,25.0221699,344700.356,2768518.66
全家板橋金巨蛋店,222573505,新北市板橋區民生路二段２５０號１樓及ｂ１,50379,121.4685997,25.023237,344649.994,2768637.432
全家板橋運山店,289647745,新北市板橋區海山路３３號,16384,121.4674114,25.0091206,344512.386,2767075.323
全家板橋溪崑店,226876563,新北市板橋區溪崑二街１３４、１３６、１３８號１樓,12817,121.4257229,24.9877747,340277.431,2764759.37
全家板橋板崑店,226865706,新北市板橋區溪崑二街１６號,61339,121.4288022,24.9916411,340593.234,2765183.992
全家板橋新都店,229649535,新北市板橋區漢生東路１５９號１樓,55357,121.468613,25.0135278,344639.177,2767562.072
全家板橋新月店,229686480,新北市板橋區環河西路五段２１７號,61398,121.4533933,25.0269017,343120.076,2769060.759
全家板橋大隆店,229533231,新北市板橋區福星里忠孝路５０號一樓,12968,121.4608443,25.0017838,343840.362,2766270.247
全家板橋堂春店,226835266,新北市板橋區篤行路三段１號１樓,14317,121.4294305,24.9877253,340651.631,2764749.558
全家板橋雙城店,229544584,新北市板橋區縣民大道二段１０６號１樓,14459,121.4671537,25.0153652,344494.203,2767767.239
全家板橋觀光店,229550575,新北市板橋區縣民大道二段１９６號１樓,59172,121.4693588,25.0170479,344718.851,2767951.09
全家板橋市民店,229641484,新北市板橋區縣民大道二段２２號Ｂ１,61115,121.464705,25.013662,344244.939,2767581.399
全家板橋麗寶店,289682022,新北市板橋區縣民大道二段３號,59303,121.4619601,25.0123547,343966.272,2767439.751
全家板橋雙子店,229649816,新北市板橋區縣民大道二段６６號１樓,54922,121.4632607,25.0124447,344097.647,2767448.23
全家板橋東站店,229650450,新北市板橋區縣民大道二段７號,58566,121.4636257,25.0141549,344136.632,2767637.226
全家板橋車站店,289693201,新北市板橋區縣民大道二段７號Ｂ１,58691,121.4636617,25.0142426,344140.376,2767646.898
全家板橋英仕店,222599823,新北市板橋區英士路５４號１樓,55909,121.461192,25.024907,343904.548,2768830.868
全家板橋萬板店,222546290,新北市板橋區莊敬路２２０巷１號１樓,55192,121.4726086,25.0212879,345052.116,2768416.989
全家板橋莊敬店,222599622,新北市板橋區莊敬路８９號,62777,121.4728326,25.0263913,345081.096,2768981.962
全家板橋莒安店,282536711,新北市板橋區莒光路１３１號,11889,121.4729144,25.0241049,345086.494,2768728.639
全家板橋莒光店,222593060,新北市板橋區莒光路２２５，２２７號,10753,121.4742541,25.0224822,345219.664,2768547.392
全家板橋禾原店,222587428,新北市板橋區莒光路２８巷１３號,60791,121.4699752,25.0238574,344789.578,2768704.575
全家板橋益豐店,222577224,新北市板橋區莒光路３６號１樓,54431,121.470304,25.0244389,344823.486,2768768.604
全家板橋華利店,222541201,新北市板橋區華江一路１５６號,63220,121.47407,25.0353845,345217.191,2769976.599
全家板橋華興店,229524563,新北市板橋區華興街４１．４３號,10019,121.4578937,25.0046505,343546.163,2766591.135
全家板橋華雅店,229551279,新北市板橋區華興街９０號,56537,121.4567998,25.005291,343436.564,2766663.331
全家板橋富裕店,282529995,新北市板橋區裕民街１１號１樓,57950,121.4622691,25.0289277,344018.3,2769274.948
全家板橋新裕店,282571571,新北市板橋區裕民街１３０號１及２樓,60824,121.4588118,25.0275025,343667.626,2769121.066
全家板橋裕盛店,222581579,新北市板橋區裕民街９５號,11791,121.4601893,25.0279163,343807.153,2769165.315
全家板橋貴興店,229597811,新北市板橋區貴興路４９－１號１樓,58555,121.4574583,25.0032487,343500.451,2766436.378
全家板橋擎天店,229558982,新北市板橋區重慶路２４３號１樓,58220,121.4631837,25.0007175,344075.144,2766149.469
全家板橋慶豐店,289535147,新北市板橋區重慶路２７８號１樓,54925,121.4630547,24.9996719,344060.811,2766033.811
全家板橋板慶店,289539805,新北市板橋區重慶路２９０巷３號１樓,51081,121.4614837,24.9986433,343900.95,2765921.687
全家板橋新慶店,229511914,新北市板橋區重慶路６０－１號１樓＆地下室,18966,121.4616903,25.0070182,343932.332,2766849.015
全家板橋美華店,229657713,新北市板橋區金華街１０巷４８弄７８號１樓,53042,121.4601084,25.020349,343789.458,2768327.287
全家板橋金園店,226837125,新北市板橋區金門街１２９號一樓,63335,121.4331497,24.9913892,341031.756,2765151.014
全家板橋公園店,226753572,新北市板橋區金門街２０６＆２０８號１樓,16452,121.4323428,24.99026,340948.859,2765026.889
全家板橋金成店,226855676,新北市板橋區金門街３１３號１樓,51401,121.4298599,24.986144,340692.949,2764573.917
全家板橋白金店,226855960,新北市板橋區金門街３６６號１樓,57849,121.4272897,24.9840622,340430.823,2764346.352
全家板橋金市店,226757155,新北市板橋區金門街８６號１樓（如附圖）,59067,121.433051,24.992756,341023.542,2765302.51
全家板橋安東店,229514997,新北市板橋區長安街１３８巷１弄５０號１樓,19075,121.4739455,25.0100682,345173.03,2767172.83
全家板橋新安店,229513527,新北市板橋區長安街２９７號,62380,121.4742162,25.0118946,345202.629,2767374.805
全家板橋永安店,229645603,新北市板橋區長安街３３１巷９４號１樓,56536,121.4719491,25.0128612,344975.032,2767484.44
全家板橋富安店,282571724,新北市板橋區長江路一段１００號１樓,53294,121.4594,25.02938,343729.348,2769328.334
全家板橋新巨蛋店,282573052,新北市板橋區長江路一段４０３號,60870,121.4625151,25.0309096,344045.617,2769494.172
全家板橋漢江店,222593499,新北市板橋區長江路二段１２０號１樓,56640,121.4655808,25.0315029,344355.717,2769556.374
全家板橋江北店,282570100,新北市板橋區長江路二段３１３號１樓,59088,121.4710809,25.0334828,344913.198,2769769.379
全家板橋華陽店,222585156,新北市板橋區陽明里陽明街８８、９０號一樓,15566,121.464383,25.0229455,344224.1,2768609.965
全家板橋華江店,222554256,新北市板橋區雙十路三段５４號,10176,121.4709961,25.0314436,344902.09,2769543.623
全家板橋雙十店,222546231,新北市板橋區雙十路二段６—８號，６—９號，６—１０,10036,121.4768502,25.0264124,345486.546,2768979.733
全家板橋館西店,229655570,新北市板橋區館前西路１２８號,50787,121.4565759,25.0078507,343417.195,2766947.089
全家板橋聚星店,229539549,新北市板橋區館前西路４號、４－１號１樓,52992,121.4591769,25.0072694,343678.975,2766879.719
全家板橋新泉店,282573744,新北市板橋區龍泉街１２６號,51335,121.4571361,25.0240626,343494.187,2768742.003
全家板橋德翠店,282573511,新北市板橋區龍泉街７８號,62192,121.4562218,25.0256179,343403.885,2768915.313
全家板橋美堤店,229682151,新北市板橋區龍興街７１巷１號１樓,12964,121.4436579,25.0017913,342105.7,2766290.889
全家林口洪福店,226061202,新北市林口區下福里１１鄰１４７號之１,51082,121.35275,25.12821,333100.558,2780401.464
全家林口麗林店,226024790,新北市林口區中山路５２２號１樓,14270,121.37867,25.0836316,335654.818,2775432.314
全家林口南林店,226010881,新北市林口區中山路５５５號,19178,121.380885,25.0815722,335875.508,2775201.538
全家林口正林店,226019763,新北市林口區中正路１００號１樓,60686,121.3936077,25.0773399,337153.267,2774717.456
全家林口中正店,226015562,新北市林口區中正路２６６號,10649,121.3893902,25.0777911,336728.432,2774772.494
全家林口正新店,226017615,新北市林口區中正路５１號１樓,62251,121.3955568,25.0774115,337349.972,2774723.05
全家林口菁埔店,226017544,新北市林口區仁愛路一段２９２號,15413,121.3926428,25.0763786,337054.669,2774612.141
全家林口新高中店,286012624,新北市林口區仁愛路二段１５６號１樓,53420,121.3817533,25.0743483,335953.511,2774400.376
全家林口新創園店,286018695,新北市林口區仁愛路二段４９６號１樓,63032,121.3761224,25.0760016,335387.691,2774590.307
全家林口文園店,226090261,新北市林口區公園路１７８號１樓,50191,121.37299,25.0727427,335067.366,2774233.154
全家林口南勢店,226007216,新北市林口區南勢街２２８號１樓,19277,121.3593916,25.0753071,333699.043,2774533.769
全家林口忠一店,226009084,新北市林口區忠孝一路２６號１樓,62869,121.3636608,25.0732126,334126.892,2774296.562
全家林口忠孝店,226085421,新北市林口區忠孝路６０１號,11680,121.3781115,25.068562,335578.452,2773763.895
全家林口住都店,226068053,新北市林口區文化一路一段１６６－１號１樓,58447,121.3769792,25.0735194,335470.818,2774314.343
全家林口廣場店,226069860,新北市林口區文化三路一段２２３號一樓,54859,121.3625829,25.070789,334014.904,2774029.442
全家林口幸福店,226098325,新北市林口區文化三路一段３５號１樓,51423,121.3608866,25.0666834,333838.269,2773576.781
全家林口影城店,226090534,新北市林口區文化三路一段４０６號１樓,54003,121.3682135,25.0742368,334587.524,2774404.449
全家林口新都店,226009183,新北市林口區文化三路一段５５７號．５５９號１樓,16970,121.3701023,25.0761225,334780.578,2774611.009
全家林口菁英店,226089574,新北市林口區文化三路１段１２１號１樓,57041,121.3617619,25.0621241,333920.452,2773070.724
全家林口文化店,226083394,新北市林口區文化二路一段６８巷１號１樓,61901,121.3660902,25.0689321,334366.231,2773819.491
全家林口隆林店,226022405,新北市林口區文化二路二段９０．９２號,16886,121.3789184,25.0812373,335676.692,2775166.823
全家林口樂活店,226089613,新北市林口區文化二路１段２６９號１樓,56942,121.3679682,25.0708555,334558.257,2774030.237
全家林口醒吾店,226031858,新北市林口區東林村粉寮路１段６６號１樓,10547,121.3881378,25.0790108,336603.71,2774909.093
全家林口工六店,226016951,新北市林口區東林里工六路７８號,11096,121.4003545,25.0770773,337833.49,2774680.298
全家林口竹林店,226024731,新北市林口區林口路１２６號１Ｆ,10808,121.3885,25.0816879,336643.782,2775205.17
全家林口采都店,226005775,新北市林口區民族路８６號１樓,59033,121.3662005,25.0755197,334386.178,2774548.996
全家林口文義店,226090866,新北市林口區湖南里信義路２８９號,53513,121.3754147,25.0819734,335324.254,2775252.598
全家林口國宅店,226081140,新北市林口區麗園一街４巷１號１之４,12594,121.3763975,25.0709608,335408.734,2774031.659
全家樹林新三俊店,226761569,新北市樹林區三俊街１１２號,60613,121.415108,25.0153953,339241.684,2767831.023
全家樹林俊興店,226887701,新北市樹林區三俊街１２７號１Ｆ,12019,121.4180454,25.0157828,339538.635,2767870.475
全家樹林中新店,226830689,新北市樹林區中山路一段１０８巷２２號,60978,121.4220854,24.9913092,339914.799,2765155.106
全家樹林新中店,226685755,新北市樹林區中山路三段１０７號及１０７－１號,11869,121.3998743,24.9744112,337650.668,2763309.812
全家樹林山佳店,226689114,新北市樹林區中山路三段２４５號,60869,121.3927804,24.9720313,336931.367,2763054.687
全家樹林三德店,226763033,新北市樹林區中正路４８２號１樓,57093,121.4126502,25.01293,338990.436,2767560.878
全家樹林中華店,286867009,新北市樹林區中華路１８３．１８５號１樓,16616,121.4206368,24.981713,339756.194,2764093.968
全家樹林新全球店,286862215,新北市樹林區中華路２９１號,51367,121.4169127,24.9800556,339378.103,2763914.784
全家樹林新育園店,226685274,新北市樹林區佳園路一段４５號,61747,121.3932245,24.9705781,336974.297,2762893.203
全家樹林三龍店,226765401,新北市樹林區俊興街２７７號,60467,121.4184813,25.0183088,339585.894,2768149.734
全家樹林俊英店,226899787,新北市樹林區俊英街１１３號,11655,121.4247923,25.0099287,340212.009,2767214.159
全家樹林俊信店,226758782,新北市樹林區俊英街１１８號１樓,53700,121.4274319,25.0056425,340472.906,2766736.34
全家樹林俊霖店,226765503,新北市樹林區俊英街１５５巷１號１樓,19775,121.424133,25.0122335,340148.437,2767470.205
全家樹林武林店,226888778,新北市樹林區保安街二段１０９號,59206,121.415382,25.00139,339251.194,2766279.515
全家樹林新保安店,226886257,新北市樹林區保安街二段２１５號１樓,50910,121.4131844,25.0040892,339032.881,2766581.066
全家樹林德園店,226807279,新北市樹林區八德街６００及６０２號,11025,121.3972354,24.9703433,337378.931,2762862.408
全家樹林圳福店,226868521,新北市樹林區千歲街６１巷２號１樓,62832,121.4265216,24.9981872,340371.441,2765911.684
全家樹林凱旋店,289700748,新北市樹林區南園里大成路１０號１樓（光纖）三峽鎮,16049,121.3827158,24.944758,335879.263,2760046.043
全家樹林博愛店,286755840,新北市樹林區博愛街１５８號１樓,15079,121.4260471,24.9910358,340314.35,2765120.177
全家樹林嘉聯益店,286844863,新北市樹林區博愛街２４８號,62677,121.4233061,24.9850038,340029.898,2764455.31
全家樹林佳瑪店,226878166,新北市樹林區博愛街８９號１樓,52556,121.4271601,24.9914775,340427.267,2765167.794
全家樹林國凱店,286860727,新北市樹林區國凱街８２號,10736,121.4212168,24.9792342,339811.55,2763818.744
全家樹林大安店,226877960,新北市樹林區大安路５０１號１樓,53444,121.4143128,24.9864073,339123.864,2764621.342
全家樹林金安店,226875845,新北市樹林區大安路５８５號１樓,57286,121.4119407,24.9834571,338880.582,2764297.39
全家樹林學誠店,235017864,新北市樹林區大義路１９６＆１９８號,18710,121.3781522,24.9459045,335419.939,2760178.522
全家樹林藝術店,226687483,新北市樹林區大雅路２８７號１樓,56070,121.3797493,24.9475991,335583.455,2760364.286
全家樹林太平店,286845773,新北市樹林區太元街５８號,11122,121.4184311,24.9794106,339530.555,2763841.558
全家樹林學勤店,289705219,新北市樹林區學勤路５５０．５５２號１樓,16866,121.38395,24.9485287,336008.864,2760462.191
全家樹林學園店,235019721,新北市樹林區學成路６０１號１樓,19747,121.381375,24.946292,335745.891,2760217.558
全家樹林車站店,226813492,新北市樹林區後站街８號,11836,121.424217,24.991476,340130.182,2765171.078
全家樹林復興店,226873547,新北市樹林區復興路２７２號，２７４號,10956,121.4181481,24.9885801,339513.832,2764857.472
全家樹林五圓店,286850375,新北市樹林區忠孝街９９號１樓,16668,121.4244533,24.9810239,340140.584,2764013.165
全家樹林仁醫店,226842900,新北市樹林區文化街１４號１樓,57547,121.419991,24.987413,339698.356,2764726.039
全家樹林日新店,226876139,新北市樹林區日新街５０號１樓,14175,121.422528,24.9920594,339960.443,2765237.676
全家樹林欣榮店,286857876,新北市樹林區東榮街１０７號１樓,50669,121.4155489,24.9822465,339243.26,2764159.048
全家樹林東興店,286847363,新北市樹林區東興街２２號１樓,58223,121.4103325,24.9778978,338711.019,2763683.563
全家樹林東豐店,286849952,新北市樹林區東豐街５１號,62208,121.4150033,24.975409,339179.332,2763402.394
全家樹林新柑園店,226684823,新北市樹林區柑園街一段３０２號１樓,55191,121.3886205,24.9560809,336490.411,2761293.046
全家樹林工業店,226846582,新北市樹林區武林街２號,60746,121.4164051,25.0004929,339353.299,2766178.948
全家樹林潭興店,226829851,新北市樹林區潭興街２２號１樓、地下室,12948,121.425183,24.9991004,340237.503,2766014.396
全家樹林新育店,226860566,新北市樹林區育英街５３號１樓,57301,121.4208061,24.9890612,339782.763,2764907.63
全家樹林台鐵店,226817735,新北市樹林區鎮前街１１２號,58692,121.4246008,24.9914074,340168.836,2765163.03
全家樹林龍興店,226889613,新北市樹林區龍興街１５號,11654,121.4029611,25.0163168,338016.985,2767947.485
全家永和正新店,229464214,新北市永和區中正路２７８號１樓,50938,121.5168544,24.9986623,349489.774,2765861.494
全家永和正得店,229200317,新北市永和區中正路３４２號一樓,56282,121.517889,25.0002651,349596.14,2766037.867
全家永和大福店,229254322,新北市永和區中正路６０８．６１０．６１０之１號,12962,121.5172097,25.0072004,349535.982,2766806.725
全家永和鼎豐店,229200709,新北市永和區中興街７號１樓,54877,121.5156941,25.0121041,349388.968,2767351.502
全家永和耕莘店,229240539,新北市永和區中興街９５號１樓,14542,121.5177998,25.012069,349601.438,2767345.288
全家永和新仁愛店,286609734,新北市永和區仁愛路１０３號１樓,55290,121.5124423,25.0130224,349061.905,2767456.807
全家永和保順店,289213384,新北市永和區仁愛路２８２巷１號１樓,61940,121.5030874,25.0088528,348112.688,2767005.407
全家永和仁和店,232330262,新北市永和區仁愛路３３號,11302,121.5142067,25.0132306,349240.224,2767477.912
全家永和新仁店,286602630,新北市永和區仁愛路３５２巷９４號、９６號,51216,121.5010667,25.0079569,347907.65,2766908.438
全家永和樂華店,229264823,新北市永和區保平路１８巷１２號１樓,50270,121.5121516,25.0079594,349026.409,2766896.384
全家永和羅鄰店,229293596,新北市永和區保平路２６８巷２５號１樓,16670,121.5078842,25.0057491,348593.021,2766656.321
全家永和仁保店,229285824,新北市永和區保福路二段１０３號１樓,53293,121.5102965,25.0132266,348845.595,2767481.803
全家永和國和店,229281175,新北市永和區國中路８６巷２號,19622,121.5248394,25.0059336,350304.492,2766658.018
全家永和新樂新店,286607125,新北市永和區大新街３號１樓,55532,121.514618,25.0086499,349276.171,2766970.128
全家永和得和店,229416037,新北市永和區得和路３７２號,10136,121.5248487,24.998609,350296.6,2765846.785
全家永和得元店,229265391,新北市永和區得和路３７３巷２９號,19773,121.5249522,25.0003037,350309.09,2766034.365
全家永和頂溪店,229262511,新北市永和區復興街３號,12089,121.5157707,25.0129579,349397.734,2767445.979
全家永和秀成店,229215822,新北市永和區成功路一段１３７，１３９號,11172,121.5269594,25.0014988,350513.119,2766164.523
全家永和田單店,229432844,新北市永和區成功路二段１５７號１樓,14397,121.526792,24.9974156,350491.307,2765712.479
全家永和文化店,286604492,新北市永和區文化路１８，２０，２２號１樓,10863,121.5153511,25.015153,349358.052,2767689.559
全家永和新民有店,229495196,新北市永和區民有街６５號,63117,121.5177874,24.9959383,349580.645,2765558.772
全家永和國艷店,229232783,新北市永和區民樂街３９巷２號１樓,12984,121.5276905,25.0002331,350585.386,2766023.541
全家永和騎士店,289433594,新北市永和區民權路５３號１樓,15213,121.5199732,24.9967876,349802.297,2765650.424
全家永和教室店,289418262,新北市永和區民生路６５號１樓及地下室,55942,121.5228142,24.9973264,350089.704,2765706.97
全家永和維源店,289230231,新北市永和區水源街３９巷２號,16612,121.5103096,25.0041982,348835.923,2766481.859
全家永和永亨店,229208853,新北市永和區永亨路６２號、６４號、６６號１樓,14553,121.5206817,25.0061136,349885.084,2766682.528
全家永和永福店,229234354,新北市永和區永和路一段９３號,10077,121.5135674,25.0076798,349168.96,2766863.848
全家永和永復店,229286095,新北市永和區永和路二段３１６號１樓,53481,121.5163209,25.0161815,349457.172,2767802.396
全家永和永平店,286603548,新北市永和區永平路２３２號,10883,121.5087874,25.0109523,348690.522,2767231.591
全家永和保平店,289231532,新北市永和區永貞路３５４號，３５６號,11918,121.5103211,25.006498,348839.884,2766736.558
全家永和保安店,229207792,新北市永和區永貞路３８７號,50490,121.507976,25.0086185,348605.786,2766974.016
全家永和環東店,289278437,新北市永和區環河東路一段１２２號，１２４號,12024,121.5204887,25.0153834,349876.817,2767709.403
全家永和水悅店,229267011,新北市永和區環河西路一段８３號１．２樓,50121,121.5128656,25.0179902,349110.665,2768006.541
全家永和環河店,232339160,新北市永和區環河西路二段２１９號，２２１號,11924,121.5011544,25.0102332,347919.29,2767160.449
全家永和福和店,229213528,新北市永和區福和路１７３．１７５號,11693,121.5200815,25.0075566,349826.253,2766843.007
全家永和新廷店,229203971,新北市永和區福和路３２０號１樓,52447,121.5157082,25.0073505,349384.623,2766825.009
全家永和新富店,289215154,新北市永和區福和路５７巷１４弄２號１樓,53482,121.5228621,25.0072672,350106.539,2766807.893
全家永和復興店,229254364,新北市永和區秀朗路一段１８６號１Ｆ,10684,121.5190529,25.0031749,349717.137,2766358.853
全家永和秀和店,229280903,新北市永和區秀朗路一段７６、７８號,11235,121.5154439,25.0059111,349356.201,2766665.882
全家永和御林店,289250327,新北市永和區竹林路２１３巷４４號１樓,15150,121.5231679,25.0090242,350139.523,2767002.15
全家永和竹勝店,289258511,新北市永和區竹林路２１５號１樓,59128,121.520967,25.0088025,349917.129,2766980.019
全家永和永林店,289274417,新北市永和區竹林路３７號,11735,121.5178937,25.0143105,349613.63,2767593.439
全家汐止農會店,286916715,新北市汐止區中正路１０６號１樓,12725,121.6610343,25.0695413,364119.693,2773559.808
全家汐止興中店,286933681,新北市汐止區中興路１５８號,53674,121.6323311,25.0649633,361219.223,2773081.775
全家汐止福全店,226479466,新北市汐止區仁愛路１４９號,18935,121.6636959,25.0647552,364382.933,2773027.092
全家汐止伯爵店,226474757,新北市汐止區伯爵街５２巷１號壹樓部份,19026,121.6383103,25.0805195,361839.735,2774798.547
全家汐止保興店,286489793,新北市汐止區保一街３９號,56132,121.6742173,25.0802345,365461.094,2774730.97
全家汐止車站店,226494180,新北市汐止區信義路１號２樓,62695,121.6617312,25.0683194,364188.65,2773423.786
全家汐止力行店,226401386,新北市汐止區力行街１號,11666,121.617374,25.0512519,359694.885,2771578.569
全家汐止站前店,286923096,新北市汐止區南昌街１６號,14552,121.6629991,25.0683559,364316.586,2773426.563
全家汐止和平店,226439807,新北市汐止區和平街４８號,53124,121.6623961,25.0708639,364258.509,2773704.926
全家汐止茂盛店,226413633,新北市汐止區大同路一段２２５號壹樓,57139,121.6342282,25.0576666,361402.432,2772271.727
全家汐止經貿店,286473139,新北市汐止區大同路三段１９０號壹樓部份,19770,121.674852,25.0737183,365518.035,2774008.675
全家汐止大同店,286486545,新北市汐止區大同路三段２６９，２７１號,10475,121.673851,25.0758549,365419.388,2774246.293
全家汐止摩天店,226905548,新北市汐止區大同路三段６１１之３號壹樓,52270,121.6830692,25.0751522,366348.43,2774159.378
全家汐止龍安店,226490723,新北市汐止區大同路二段１８４巷１１號,11124,121.6538792,25.0635758,363391.37,2772906.296
全家汐止智興店,226490742,新北市汐止區大同路二段２００號,56299,121.6532703,25.064741,363331.231,2773035.953
全家汐止宏國店,286923110,新北市汐止區大同路２段２８３號,14405,121.6537004,25.0661992,363376.226,2773197.017
全家汐止鑫宜興店,226606803,新北市汐止區宜興街１６號,62898,121.6214091,25.0415726,360091.053,2770502.424
全家汐止康寧店,226959946,新北市汐止區康寧街１６９巷２３號１樓,15173,121.6227171,25.0682054,360253.059,2773450.686
全家汐止東城店,286951885,新北市汐止區康寧街４５９巷１０號１樓,60428,121.6314875,25.0689717,361138.617,2773526.57
全家汐止日月光店,226486322,新北市汐止區康寧街７４７號．７４９號,14213,121.6382845,25.07334,361829.121,2774003.438
全家汐止建泰店,226902115,新北市汐止區建成路５９巷２號（國泰醫院汐止院區）,18754,121.6611849,25.0726989,364138.348,2773909.361
全家汐止建安店,226418761,新北市汐止區建成路５９巷９號．１５號,16907,121.6617929,25.0730099,364200.017,2773943.197
全家汐止秀峰店,226919425,新北市汐止區忠孝東路２２８號,14430,121.6623777,25.0667581,364252.154,2773250.227
全家汐止新忠孝店,226919701,新北市汐止區忠孝東路２５８號,14186,121.6631466,25.067536,364330.567,2773335.612
全家汐止橋東店,286475279,新北市汐止區忠孝東路４０２號,50079,121.665972,25.070946,364619.3,2773710.454
全家汐止連新店,226919772,新北市汐止區新台五路一段１５１號壹樓及地下室,19198,121.653536,25.0623609,363355.409,2772772.09
全家汐止青山店,226489817,新北市汐止區新台五路一段２１２號；２１２之１號,11993,121.655907,25.0629525,363595.241,2772835.23
全家汐止宏碁店,226960486,新北市汐止區新台五路一段８２號部份,62615,121.647263,25.0607081,362720.773,2772595.358
全家汐止新遠雄店,226971106,新北市汐止區新台五路一段９３號地下一層之２,60010,121.648006,25.0617716,362796.904,2772712.391
全家汐止東科店,226969769,新北市汐止區新台五路一段９６號Ｃ棟,63131,121.6483301,25.060472,362828.16,2772568.134
全家新遠雄二店,226975513,新北市汐止區新台五路一段９７號地下一層之６,60011,121.6500784,25.0616148,363005.79,2772692.937
全家汐止新興店,226919264,新北市汐止區新興路２１及２３號,14412,121.6566818,25.0646146,363675.229,2773018.531
全家汐止鑫峰店,226953467,新北市汐止區明峰街１６２號,51476,121.6291717,25.0705072,360906.741,2773698.995
全家汐止忠樹店,226494703,新北市汐止區樟樹一路１１９巷２５號１樓,61070,121.6404844,25.0642614,362040.911,2772995.745
全家汐止樟中店,286425058,新北市汐止區樟樹一路１２７號１樓,12593,121.6419958,25.0648325,362194.011,2773057.462
全家汐止忠厚店,226917067,新北市汐止區樟樹一路１３５巷２７號１樓,63271,121.6409296,25.0654969,362087.197,2773132.126
全家汐止樟興店,226904033,新北市汐止區樟樹一路１６號，１８號,11581,121.6419304,25.0623023,362184.599,2772777.308
全家汐止樟福店,286923181,新北市汐止區樟樹一路２２０號,14407,121.6424341,25.0662566,362239.808,2773214.738
全家汐止新樹店,226487704,新北市汐止區樟樹二路２７３號,52017,121.641016,25.0691852,362100.018,2773540.519
全家汐止橫科店,227198993,新北市汐止區民權街二段６８號１樓,60924,121.6191117,25.0484523,359867.032,2771266.72
全家汐止桂冠店,226474855,新北市汐止區水源路二段３４號,11238,121.6548526,25.0571502,363482.484,2772193.684
全家汐止興萬店,226464086,新北市汐止區汐萬路一段３５５號壹樓,62417,121.6498224,25.0777876,362997.855,2774484.337
全家汐止新水蓮店,226909465,新北市汐止區湖前街１１０巷９７弄２４號Ｂ１之１之２,18671,121.6325656,25.0761919,361255.457,2774325.112
全家汐止湖前店,226927433,新北市汐止區湖前街４９號１樓,61490,121.6318318,25.0700517,361174.558,2773645.829
全家汐止祥雲店,226462022,新北市汐止區祥雲街１號壹樓部份,18775,121.645789,25.0896975,362604.246,2775807.436
全家汐止福旺店,286933934,新北市汐止區福德一路１０９號,51485,121.6378534,25.068033,361779.714,2773416.123
全家汐止福德店,227653612,新北市汐止區福德三路１６號壹樓,61512,121.6374338,25.0695772,361739.111,2773587.571
全家汐止興福店,286932048,新北市汐止區福德二路１３４號,11402,121.630905,25.0653047,361075.746,2773121.042
全家汐止長虹店,226948906,新北市汐止區福德二路８１－１號,50487,121.633416,25.066287,361330.145,2773227.27
全家汐止勤進店,226494650,新北市汐止區秀峰路１１９號,63607,121.660223,25.0630114,364030.69,2772837.433
全家汐止莊敬店,226435764,新北市汐止區莊敬街１３９號,10738,121.6544675,25.0607503,363447.602,2772592.781
全家汐止興莊店,286424336,新北市汐止區莊敬街３２號壹樓全部,19197,121.6569438,25.0615249,363698.259,2772676.085
全家汐止鄉長店,226919409,新北市汐止區鄉長路一段２７號壹樓及貳樓,50172,121.6651799,25.0749095,364543.736,2774150.2
全家汐止興龍店,226488674,新北市汐止區龍安路３８號１樓,59648,121.654601,25.063694,363464.312,2772918.662
全家泰山白金店,222979409,新北市泰山區仁愛路１０８號１樓,50083,121.4333566,25.0554667,341134.749,2772247.772
全家泰山同興店,229007443,新北市泰山區仁義路２２０巷２號、８號１樓,12965,121.4330676,25.0538289,341103.491,2772066.712
全家泰山福興店,285311767,新北市泰山區同興里福興一街６０號一樓,10262,121.4326347,25.0582275,341065.461,2772554.393
全家泰山辭修店,222971269,新北市泰山區明志路一段３７４號１樓,10842,121.4306975,25.0578792,340869.575,2772518.083
全家泰山工專店,229046856,新北市泰山區明志路三段１７０號,11211,121.4242755,25.0392045,340197.583,2770457.26
全家泰山銘志店,229095501,新北市泰山區明志路二段２３６號一樓,60028,121.4270574,25.0480071,340489.619,2771428.944
全家泰山明豐店,229048829,新北市泰山區明志路二段３８３號１樓,12685,121.4251018,25.0436971,340286.75,2770953.877
全家泰山新義學店,229097397,新北市泰山區明志路二段５３號１樓,60534,121.4293679,25.0527231,340728.803,2771948.566
全家泰山民權店,222968230,新北市泰山區民權路２９號１樓,12271,121.4288654,25.0507215,340675.53,2771727.464
全家泰山新泰林店,229000777,新北市泰山區泰林路二段１０７號１樓,54432,121.4345911,25.0591025,341263.959,2772649.02
全家泰山麗池店,229007046,新北市泰山區泰林路二段５１８號,12173,121.4241979,25.0639593,340221.693,2773199.124
全家泰山黎明店,222979445,新北市泰山區泰林路二段５７５號、５７７號１樓,12896,121.4222569,25.0634269,340025.192,2773142.44
全家泰山憲訓店,229005487,新北市泰山區泰林路２段３６４號１樓,16358,121.428661,25.063829,340671.775,2773179.452
全家泰山新貴子店,229036660,新北市泰山區貴子路３８號１樓,53058,121.4261388,25.0416863,340388.792,2770729.949
全家泰山新輔醫店,229014162,新北市泰山區貴子路６９號Ｂ１,62305,121.4312141,25.0400631,340898.811,2770544.222
全家淡水市鎮店,226236102,新北市淡水區中山北路二段１８５號１樓,57499,121.444035,25.185153,342377.732,2786599.061
全家淡水新江店,226227391,新北市淡水區中山北路二段１８８巷１６號１樓,52464,121.4446638,25.1848823,342440.757,2786568.346
全家淡水登峰店,228085461,新北市淡水區中正東路二段２７號２樓,12353,121.4597424,25.1567269,343924.75,2783432.446
全家淡水新天闊店,228084041,新北市淡水區中正東路二段３３號,54511,121.4593923,25.1563533,343888.985,2783391.47
全家淡水淡海店,228050241,新北市淡水區中正路一段６２巷２號,12101,121.4258228,25.1771599,340531.902,2785735.096
全家淡水滬鑫店,226228730,新北市淡水區中正路１３３號,61499,121.4393292,25.170341,341884.452,2784963.998
全家淡水成功店,226236052,新北市淡水區中正路５７號,61819,121.4417893,25.1695008,342131.34,2784868.068
全家淡水紅林店,228092016,新北市淡水區八勢里中正東路二段６９號１樓,16115,121.4595894,25.1546079,343906.644,2783197.927
全家淡水天元店,223831985,新北市淡水區北新路二段１５０號,62445,121.4822931,25.1851532,346233.458,2786555.059
全家淡水新旭店,226253827,新北市淡水區北新路１６９巷３５號１樓,15151,121.4494008,25.1802496,342912.254,2786049.729
全家淡水學城店,226299127,新北市淡水區北新路１８２巷２１弄１－１號,16600,121.4492155,25.1774268,342889.977,2785737.296
全家淡水北淡店,226215175,新北市淡水區北新路１８２巷３４號一樓,60256,121.4486026,25.1776089,342828.436,2785758.177
全家淡水淡水店,226237472,新北市淡水區博愛街１４號,50685,121.4460691,25.1697631,342563.06,2784892.135
全家淡水財庫店,286319663,新北市淡水區學府路１３６巷４６號一樓,56825,121.4522018,25.1725776,343184.789,2785196.745
全家淡水金榜店,226269497,新北市淡水區學府路１７６號,61355,121.4465669,25.1755361,342620.612,2785530.963
全家淡水麗景店,226252260,新北市淡水區學府路３０號１樓,15219,121.4479292,25.16855,342749.001,2784755.613
全家淡水義山店,226258537,新北市淡水區新市一路一段１０３號１樓,54271,121.4312281,25.1870148,341089.421,2786820.254
全家淡水海都二店,226256142,新北市淡水區新市三路二段２７９號,61018,121.4366323,25.1957992,341645.367,2787786.865
全家淡水海都三店,226257449,新北市淡水區新市三路二段３４３號１樓,62991,121.4384424,25.1954852,341827.374,2787749.969
全家淡水海都店,226238741,新北市淡水區新市五路三段３１２號,58299,121.4378654,25.1973814,341771.666,2787960.664
全家淡水新頂店,228059891,新北市淡水區新市五路２段３號１樓,58573,121.4292287,25.2001596,340904.914,2788278.509
全家淡水新摩天店,226255587,新北市淡水區新春街１８４號,50302,121.4435199,25.1807782,342320.216,2786115.116
全家淡水新春店,226200131,新北市淡水區新春街９５之７號１樓,59566,121.4397464,25.1827042,341942.371,2786332.839
全家淡水新盛店,226293924,新北市淡水區新民街１２２號,59171,121.4377667,25.177704,341736.421,2785781.339
全家淡水新民店,226223099,新北市淡水區新民街１８０之６號,10426,121.4367975,25.1790466,341640.463,2785931.177
全家淡水新園店,226218918,新北市淡水區新民街７８號,52372,121.4385654,25.1765362,341815.421,2785651.061
全家淡水新興店,226230631,新北市淡水區新興街６４號,50175,121.4418477,25.1802086,342150.951,2786053.977
全家淡水新生店,226224332,新北市淡水區新興里大義街１１號,12227,121.443319,25.1781099,342296.551,2785819.813
全家淡水福春店,226281994,新北市淡水區新興里新春街２號一樓,15639,121.4426047,25.1811784,342228.489,2786160.508
全家淡水旭陞店,226217371,新北市淡水區新興里新生街５３號１樓,16116,121.4405484,25.1747613,342013.01,2785452.16
全家淡水竹勝店,228082083,新北市淡水區民族路５６號１樓,56561,121.4617994,25.1359185,344105.807,2781125.396
全家淡水加州店,288093432,新北市淡水區民權路１９號,18633,121.4598362,25.1418172,343915.335,2781780.979
全家淡水民生店,228081841,新北市淡水區民生路１１９號１樓,62189,121.4650489,25.1388477,344437.123,2781446.093
全家淡水竹圍店,228099936,新北市淡水區民生路５８號,10047,121.4621368,25.1379581,344142.401,2781350.909
全家淡水源德店,226264758,新北市淡水區水源街一段１號,53011,121.4426159,25.1725436,342218.555,2785204.119
全家淡水水源店,226291496,新北市淡水區水源街一段１２４號１樓,15330,121.4473811,25.1716396,342697.699,2785098.448
全家淡水富山店,226239971,新北市淡水區水源街二段１７７巷６７號,52237,121.4523114,25.1769906,343201.454,2785685.393
全家淡水五虎崗店,226224612,新北市淡水區水源街二段８６號１樓,61020,121.4517108,25.1742271,343137.4,2785380.009
全家淡水興忠店,226263386,新北市淡水區水碓里１１鄰大忠街４３號１樓,16158,121.4445257,25.1764401,342416.035,2785633.464
全家淡水江南店,226255132,新北市淡水區沙崙路一段１０８號,60604,121.4303002,25.1883179,340997.589,2786965.674
全家淡水海樂地店,228055711,新北市淡水區沙崙路二段７７７號,62963,121.4342786,25.2009392,341414.8,2788358.924
全家淡水銘崙店,228059796,新北市淡水區沙崙路９號１樓,59756,121.4210167,25.1813564,340052.948,2786205.569
全家淡水沙崙店,228050829,新北市淡水區沙崙里沙崙路１４９號,12188,121.419332,25.186893,339890.354,2786820.791
全家淡水新崙店,228053641,新北市淡水區淡海路７６號１樓,54483,121.4231667,25.1810775,340269.277,2786172.139
全家淡水新莊店,226227867,新北市淡水區淡金路一段１６６號,19852,121.4539838,25.1801459,343374.026,2786032.931
全家淡水摩洛哥店,286268106,新北市淡水區淡金路３８巷７０號,53946,121.4581382,25.1610645,343768.536,2783914.717
全家淡水青水店,226209862,新北市淡水區清水街９－５號一樓,52354,121.4446234,25.1702512,342417.965,2784947.879
全家淡水濱海店,226228293,新北市淡水區濱海路一段３０８號,53190,121.4402265,25.1898308,341999.906,2787121.61
全家淡水上璟店,226230810,新北市淡水區濱海路二段２０２巷１７號１樓,62001,121.4347153,25.1916781,341446.873,2787332.663
全家淡水紅毛城店,226269188,新北市淡水區真理街２之１號,60605,121.4385861,25.1730785,341813.067,2785268.067
全家淡水正中店,226282285,新北市淡水區竿蓁里中正東路一段７７號７９號,16011,121.4529689,25.1621424,343248.831,2784040.077
全家淡水凱旋店,226239952,新北市淡水區義山路一段２１６號,59377,121.4383699,25.1908908,341814.162,2787241.184
全家淡水埔嵿店,228087606,新北市淡水區自強路１５６號１樓,60702,121.4653006,25.1338364,344456.182,2780890.767
全家淡水自強店,228080360,新北市淡水區自強路８２號、８４號,11556,121.462895,25.1282195,344206.549,2780271.419
全家淡水鄧公店,226282840,新北市淡水區鄧公路３２巷１號,14671,121.4514004,25.171305,343102.392,2785056.723
全家深坑北深店,226644845,新北市深坑區北深路三段１７９號,16740,121.6015275,25.0035953,358041.653,2766316.981
全家深坑北福店,226629753,新北市深坑區北深路三段２３９號,55531,121.5996215,25.0041982,357849.976,2766385.739
全家深坑金典店,226624307,新北市深坑區北深路二段７７號,52806,121.6182999,25.0037259,359734.583,2766314.081
全家深坑紅葉店,226643929,新北市深坑區北深路１段１０６號,61826,121.6119935,25.001111,359095.135,2766030.984
全家深坑昇高店,226649860,新北市深坑區埔新街５９號,59681,121.620398,25.0024322,359944.878,2766168.646
全家深坑埔新店,226641876,新北市深坑區埔新里埔新街９３號１樓,16032,121.6195367,25.0022232,359857.714,2766146.385
全家烏來溫泉店,226618084,新北市烏來區烏來街７９號１樓,51815,121.5518553,24.8645444,352864.215,2750969.558
全家烏來烏萊店,226617682,新北市烏來區環山路６２號１樓,54407,121.5481682,24.8644887,352491.598,2750967.354
全家瑞芳龍川店,224061884,新北市瑞芳區一坑路１１之１號,14696,121.8041868,25.1084672,378597.574,2777735.335
全家瑞芳傑魚坑店,224969517,新北市瑞芳區傑魚坑路６２號,18972,121.7934282,25.1107669,377514.996,2777999.672
全家瑞芳前站店,224971401,新北市瑞芳區明燈路三段８４號１．２樓,60633,121.8055631,25.1083493,378736.238,2777721.049
全家瑞芳明燈店,224969741,新北市瑞芳區民生街２０號１樓及２樓部份,61895,121.805757,25.1074266,378754.886,2777618.69
全家九份觀景店,224969045,新北市瑞芳區輕便路４３號４樓,53604,121.8453322,25.1102218,382748.146,2777893.529
全家金瓜石黃金店,224962382,新北市瑞芳區金光路３６號１樓（部份）,59156,121.8572735,25.1086127,383950.718,2777705.083
全家石碇國道店,226633428,新北市石碇區文山路一段６號,56572,121.6454668,25.0090221,362482.294,2766872.953
全家石碇雙溪店,226633324,新北市石碇區隆盛里雙溪５８號,19022,121.652859,25.007101,363226.208,2766652.754
全家石門粽香店,226382011,新北市石門區中央路２４號,14672,121.5680525,25.2921277,355002.594,2798308.33
全家萬里頂社店,224081473,新北市萬里區大鵬里頂社１號,16761,121.6552295,25.2089635,363688.155,2789006.779
全家野柳新港口店,224927310,新北市萬里區港東路６８號,19477,121.6879725,25.2042708,366982.154,2788454.471
全家蘆洲恆德店,282814638,新北市蘆洲區三民路２６巷２２號，２４號,11890,121.4773763,25.0829202,345610.091,2775237.682
全家蘆洲希望店,282866754,新北市蘆洲區三民路３７８之３號１樓,57042,121.4641206,25.0919994,344284.477,2776258.394
全家蘆洲中原店,222850171,新北市蘆洲區中原路３號１樓,61923,121.461624,25.083534,344021.996,2775323.662
全家蘆洲新福原店,222892264,新北市蘆洲區中原路７０號,52795,121.4583114,25.0821265,343686.09,2775171.581
全家蘆洲徐匯店,282811345,新北市蘆洲區中山一路２５號１樓,58448,121.47928,25.080707,345799.35,2774990.395
全家徐匯廣場店,282811061,新北市蘆洲區中山一路６號１樓,62289,121.4806307,25.0803608,345935.16,2774950.519
全家蘆洲保正店,282811438,新北市蘆洲區中正路１８１－１號部份及２樓全部,58590,121.468691,25.0853899,344737.142,2775521.117
全家蘆洲正原店,222892773,新北市蘆洲區中正路１８５巷１９號,11977,121.4674245,25.0848235,344608.686,2775459.833
全家蘆洲興賢店,282866445,新北市蘆洲區中興街６０號１樓,18711,121.4819876,25.087592,346081.026,2775749.877
全家蘆洲華安店,228488839,新北市蘆洲區中華街６巷５２號１樓,14271,121.4623851,25.0826754,344097.683,2775227.693
全家蘆洲中央店,282850698,新北市蘆洲區仁復里５鄰中央路５６號,12005,121.4734773,25.0836533,345217.733,2775323.315
全家蘆洲新民愛店,228470046,新北市蘆洲區仁愛街８１號１樓,51366,121.4712399,25.0938666,345004.859,2776457.052
全家蘆洲信義店,282854161,新北市蘆洲區信義路２２０號１樓,12757,121.4790728,25.0852092,345784.063,2775489.275
全家蘆洲光華店,282823555,新北市蘆洲區光華路１３２巷１號，１３４號１樓,10826,121.4662883,25.0825368,344491.209,2775207.868
全家蘆洲金華店,222827493,新北市蘆洲區光華路１５０巷３８號１樓,51139,121.465048,25.083443,344367.245,2775309.656
全家蘆洲中華店,282814768,新北市蘆洲區和平路１２２，１２４號,11218,121.4675108,25.0801306,344611.496,2774939.967
全家蘆洲復興店,282852663,新北市蘆洲區復興路１１號１樓,19639,121.4719605,25.0853927,345066.92,2775517.693
全家蘆洲復江店,222881963,新北市蘆洲區復興路１５０．１５２號一樓,15011,121.4771891,25.0877511,345597.24,2775772.945
全家蘆洲永成店,228487328,新北市蘆洲區成功里永樂街８３號一樓,12463,121.4559078,25.0887033,343451.972,2775902.774
全家蘆洲玉清店,282822002,新北市蘆洲區民族路１７８號，１８０號一樓,10949,121.4799415,25.0867584,345873.614,2775659.871
全家蘆洲名族店,282852406,新北市蘆洲區民族路２５１號１樓,56020,121.4768065,25.0902866,345561.817,2776054.202
全家蘆洲民華店,282831441,新北市蘆洲區民族路４２２巷８２弄１４，１６號,11330,121.4738469,25.0938135,345267.726,2776448.197
全家蘆洲保佑店,282855113,新北市蘆洲區民族路４２３號,52933,121.4682846,25.0892409,344700.987,2775948.104
全家蘆洲民星店,228472257,新北市蘆洲區民族路４２４，４２４之１號１樓,10862,121.4739454,25.0919609,345275.342,2776242.898
全家蘆洲民仁店,282835024,新北市蘆洲區民族路４４８號,11596,121.4724706,25.0920451,345126.702,2776253.905
全家蘆洲水湳店,228489350,新北市蘆洲區民族路５００號１樓,61392,121.4696112,25.0905011,344836.37,2776086.162
全家蘆洲仁德店,282812279,新北市蘆洲區民族路７４號１樓,14680,121.477593,25.08476,345634.244,2775441.204
全家蘆洲新鷺江店,282851197,新北市蘆洲區民權路３５號１樓,51873,121.4757739,25.0865764,345453.032,2775644.45
全家蘆洲福安店,282854511,新北市蘆洲區民權路６６號１樓,16790,121.4751079,25.0872715,345386.727,2775722.195
全家蘆洲新民生店,222852487,新北市蘆洲區民生街１２３號１樓,52335,121.4728031,25.0789981,345143.902,2774808.492
全家蘆洲新虹展店,282862521,新北市蘆洲區民義街２２巷１８號,53296,121.4715802,25.0881761,345032.049,2775826.406
全家蘆洲義興店,228484834,新北市蘆洲區民義街６８巷２、６號１樓,12818,121.4730482,25.0898042,345182.152,2776005.053
全家蘆洲永萍店,228481736,新北市蘆洲區永平街３２巷１７號１樓,60361,121.4590178,25.0915405,343769.236,2776213.43
全家蘆洲永樂店,228470014,新北市蘆洲區永樂街３８巷５７弄１號１Ｆ,10455,121.4582661,25.0900814,343691.576,2776052.69
全家蘆洲長發店,282860503,新北市蘆洲區長安街１１號１樓＆Ｂ１,51040,121.4640767,25.0789799,344263.656,2774816.453
全家蘆洲長興店,228481192,新北市蘆洲區長安街１６８號１樓,19749,121.4592484,25.0832577,343782.031,2775295.791
全家蘆洲成功店,282831373,新北市蘆洲區長安街２４８號,11077,121.4576982,25.086195,343629.383,2775622.9
全家蘆洲新安店,282868249,新北市蘆洲區長安街３０１號１樓,55657,121.4579435,25.0848922,343652.477,2775478.324
全家蘆洲安宅店,228481650,新北市蘆洲區長安街７１號１樓,57770,121.4625546,25.0798427,344111.21,2774913.759
全家蘆洲正榮店,282863084,新北市蘆洲區長榮路２０９號１樓,61746,121.4607944,25.0849308,343940.081,2775479.32
全家蘆洲長樂店,222880271,新北市蘆洲區長樂路１７６號１樓,58407,121.4627621,25.0912477,344146.513,2776176.697
全家蘆洲集賢店,222897841,新北市蘆洲區集賢路２３７號,10503,121.4818767,25.0852896,346066.975,2775494.999
全家蘆洲花園店,282863423,新北市蘆洲區集賢路２６９巷１０號１樓,57425,121.4816112,25.0835243,346037.998,2775299.782
全家蘆洲仁義店,228470017,新北市蘆洲區集賢路３６２號１樓,61682,121.4806596,25.0836321,345942.149,2775312.801
全家貢寮澳底一店,224903521,新北市貢寮區大澳街１之１、３號１樓,12761,121.9245384,25.0564448,390687.308,2771872.121
全家鑫福隆店,224992209,新北市貢寮區興隆街２２號１．２樓,58411,121.9447365,25.0168166,392690.591,2767467.564
全家金山金中店,224081427,新北市金山區中山路１０１號,19122,121.6397506,25.2192454,362140.065,2790161.21
全家金山中山店,224081325,新北市金山區中山路２０５號,11192,121.6379315,25.2212583,361959.052,2790386
全家金山金美店,224081821,新北市金山區中山路２５２號,19025,121.635734,25.2239421,361740.677,2790685.484
全家金山陽金店,224256032,新北市金山區中正路１４９號加（後方停車場）,60988,121.631615,25.2211829,361322.597,2790384.112
全家鶯歌行政店,226781963,新北市鶯歌區中正一路１５４號,12008,121.3522797,24.9559881,332820.856,2761326.816
全家鶯歌正鶯店,286782074,新北市鶯歌區中正一路３７１號,19276,121.3581914,24.957171,333419.364,2761450.599
全家鶯歌光明店,226703487,新北市鶯歌區光明街１７７號,62213,121.3436474,24.955703,331948.836,2761305.846
全家鶯歌新南雅店,226704972,新北市鶯歌區南雅路４４２號,54029,121.3459095,24.9539579,332174.894,2761109.776
全家鶯歌尖山店,226797270,新北市鶯歌區國中街１－３號,60693,121.3418215,24.9454251,331750.565,2760169.73
全家鶯歌尖峰店,286774110,新北市鶯歌區尖山路１２６號１樓,57792,121.3472663,24.948997,332305.209,2760558.646
全家鶯歌國慶店,226776756,新北市鶯歌區建國路１２２號１樓,54002,121.3519397,24.9541076,332783.996,2761118.951
全家鶯歌站前店,286774875,新北市鶯歌區建國路５３之５號、、５３之６號１樓,16285,121.3550975,24.9550102,333104.066,2761215.055
全家鶯歌永明店,226703617,新北市鶯歌區永明街７８號１樓,12760,121.34121,24.955868,331702.945,2761327.126
全家鶯歌鶯桃店,226706210,新北市鶯歌區鶯桃路４５號１樓,18699,121.3420419,24.9515786,331781.144,2760851.012
全家七堵大興店,224560059,基隆市七堵區南興路３０號１樓,11444,121.7143533,25.0973926,369527.363,2776592.092
全家七堵工明店,224519520,基隆市七堵區工建路１－１５號壹樓,50268,121.7023752,25.0883455,368309.779,2775601.687
全家七堵新明德店,224517467,基隆市七堵區明德二路１５－５３號,50035,121.7054427,25.0883618,368619.168,2775600.524
全家七堵東新店,227678206,基隆市七堵區東新街６７號壹樓,61907,121.7196271,25.0948379,370056.528,2776304.109
全家七堵永富店,224558170,基隆市七堵區永平里永富路１２０號、崇智街４８號一樓,15827,121.7138762,25.0992495,369481.208,2776798.199
全家七堵泰安店,224519733,基隆市七堵區泰安路２３－１２號,63003,121.708833,25.089191,368961.974,2775689.085
全家基隆百福店,224529098,基隆市七堵區百福里福二街２０４號１樓,15172,121.6962496,25.0837358,367687.056,2775097.115
全家七堵自治店,224554377,基隆市七堵區自治街６號,55529,121.712812,25.0963016,369370.776,2776472.745
全家七堵長安店,224519266,基隆市七堵區長安街２１２巷２－４號一樓及地下室,52391,121.695872,25.0748241,367639.447,2774110.52
全家基隆鑫港店,224275332,基隆市中正區中正路１８號壹樓,58850,121.7446275,25.1327203,372616.81,2780475.849
全家基隆新祥豐店,224627260,基隆市中正區中正路６２３號壹樓,50945,121.7720215,25.1513922,375397.425,2782518.296
全家基隆正港店,224636316,基隆市中正區中正路６４４號,51312,121.7670724,25.1509983,374898.15,2782479.227
全家基隆新中船店,224245729,基隆市中正區中船路８２號,55941,121.7510677,25.1373752,373270.868,2780985.343
全家基隆海洋店,224636575,基隆市中正區北寧路２號,54185,121.7755731,25.15044,375754.473,2782409.585
全家基隆富港店,224699625,基隆市中正區北寧路２５０－８號１．２樓,57090,121.7835347,25.14594,376552.52,2781903.954
全家基隆新和一店,224635157,基隆市中正區和一路１１０號,50693,121.7659857,25.1550385,374792.705,2782927.674
全家基隆欣豐店,224699472,基隆市中正區新豐街３８１號,60465,121.7857215,25.135356,376762.405,2780729.815
全家基隆觀海店,224606545,基隆市中正區砂子里觀海街１３６號１３８號一樓,15620,121.7953931,25.1370406,377739.105,2780907.635
全家基隆二信店,224634966,基隆市中正區立德路２４３號壹樓,60866,121.7710117,25.1441754,375288.349,2781719.978
全家基隆新義二店,224267442,基隆市中正區義二路３４號,54086,121.745641,25.131001,372717.218,2780284.488
全家基隆觀山店,224607005,基隆市中正區觀海街６１號,55396,121.7942615,25.1383429,377626.315,2781052.881
全家基隆車站店,224259160,基隆市仁愛區中山一路１６之１號,58683,121.738533,25.1318639,372001.491,2780386.737
全家基隆仁三店,224286905,基隆市仁愛區仁三路５９號壹樓,57147,121.7421015,25.128858,372358.156,2780050.478
全家基隆鑫仁二店,224259022,基隆市仁愛區仁二路１９８號壹樓及地下室,59621,121.7450301,25.1287504,372653.308,2780035.811
全家基隆仁四店,224265932,基隆市仁愛區仁四路５２號１樓,18684,121.7413363,25.1283829,372280.517,2779998.581
全家基隆廟口店,224289166,基隆市仁愛區仁德里仁三路３３號一樓,15829,121.7429362,25.1284177,372441.857,2780000.931
全家基隆劉銘傳店,224259272,基隆市仁愛區劉銘傳路１５號壹樓,61602,121.7509578,25.1274916,373249.651,2779890.854
全家基隆鑫忠孝店,224287939,基隆市仁愛區孝三路５４號壹樓,58791,121.7395398,25.1300636,372101.132,2780186.407
全家基隆新站前店,224273646,基隆市仁愛區忠一路１９號,18828,121.7397933,25.131305,372127.974,2780323.652
全家基隆鑫忠二店,224259100,基隆市仁愛區忠二路１５號壹樓,59391,121.7400471,25.1299367,372152.146,2780171.875
全家基隆仁愛店,224259270,基隆市仁愛區愛四路５６號１樓及夾層,53146,121.7441457,25.1290276,372564.428,2780067.34
全家基隆精一店,224249183,基隆市仁愛區精一路４１號１樓,10763,121.7411685,25.125949,372261.084,2779729.188
全家基隆信一店,224241255,基隆市信義區信一路１４８號,11239,121.746929,25.1295975,372845.628,2780127.846
全家基隆信義店,224255383,基隆市信義區信二路２３６－２號,56213,121.757949,25.128501,373955.543,2779996.135
全家基隆深美店,224685554,基隆市信義區教忠街１０８號壹樓,61078,121.7786331,25.1363204,376048.761,2780843.073
全家基隆東信店,224669537,基隆市信義區東信路５號,19086,121.7679258,25.1277137,374960.611,2779899.719
全家基隆新正信店,224665413,基隆市信義區正信路１８１號,52807,121.7602967,25.1321856,374195.99,2780402.02
全家基隆新深溪店,224664970,基隆市信義區深溪路５９號,54610,121.7821203,25.1327119,376396.709,2780440.261
全家基隆新澳坑店,224683722,基隆市信義區深澳坑路１０７號,53384,121.7858038,25.1261332,376761.508,2779708.34
全家基隆新國揚店,234012842,基隆市安樂區基金一路１２１巷１４號,19659,121.7177067,25.1379536,369908.229,2781080.966
全家基隆萬金店,224333875,基隆市安樂區基金一路１４６號之地下室,51473,121.7117666,25.1405257,369312.106,2781371.533
全家基隆情人湖店,224326530,基隆市安樂區基金一路２０８巷２００號Ｂ１,19021,121.7077922,25.1488964,368920.326,2782302.419
全家基隆新崙店,224313410,基隆市安樂區基金一路２０８巷９２之６號一樓,63252,121.7086489,25.1469107,369004.579,2782081.676
全家基隆基金店,224329658,基隆市安樂區基金三路１４５號,10992,121.695624,25.156585,367701.95,2783165.747
全家基隆新安和店,224341775,基隆市安樂區安和一街１２４號,55940,121.7237172,25.1258354,370501.469,2779733.139
全家基隆新樂強店,224254734,基隆市安樂區安樂路一段２０６號１樓,51475,121.7325695,25.1279638,371396.203,2779960.442
全家基隆長庚店,224326001,基隆市安樂區安樂路二段１５７號,11168,121.723563,25.120766,370480.611,2779171.855
全家基隆新樂群店,224337917,基隆市安樂區樂利三街１２８號,54212,121.7158013,25.1264037,369703.959,2779803.651
全家基隆樂利店,224322426,基隆市安樂區樂利三街３２巷１２號,54876,121.7125833,25.1268142,369379.943,2779852.206
全家基隆龍騰店,224334303,基隆市安樂區樂利三街８巷１６號底四層,52668,121.718364,25.129327,369965.414,2780124.947
全家基隆鑫樂富店,224349184,基隆市安樂區樂利二街６２巷２２５號,63062,121.7167088,25.1210288,369789.794,2779207.515
全家基隆武嶺店,224335573,基隆市安樂區武嶺街１８１－６號１樓,15416,121.710153,25.138677,369147.478,2781168.345
全家基隆武勝店,224328788,基隆市安樂區武訓街７２號壹樓　　,57246,121.699591,25.1484709,368093.149,2782263.246
全家基隆長樂店,224331198,基隆市安樂區麥金路２２２號地下一樓（基隆長庚醫院）,16787,121.7224004,25.1206948,370363.314,2779165.079
全家基隆金城店,234012667,基隆市安樂區麥金路２３１－１號,56298,121.7212143,25.1219734,370245.064,2779307.816
全家八堵車站店,224567770,基隆市暖暖區八堵路１４２號,58557,121.729071,25.1083368,371023.007,2777790.096
全家基隆暖東店,224582882,基隆市暖暖區暖暖街１６３號,16872,121.7362927,25.09968,371742.253,2776824.534
全家基隆暖盛店,224584927,基隆市暖暖區暖暖街２２０號壹樓及夾層,61336,121.7347754,25.0983015,371587.811,2776673.3
全家基隆暖鑫店,224586460,基隆市暖暖區暖暖街４６１號壹樓,56917,121.7370173,25.092916,371808.319,2776074.75
全家基隆暖錠店,224594800,基隆市暖暖區源遠路１８９號,52684,121.751348,25.0984327,373259.22,2776672.275
全家基隆瑞發店,224583547,基隆市暖暖區源遠路２７５－１１號,62899,121.755617,25.099041,373690.349,2776735.669
全家基隆吉市店,224587239,基隆市暖暖區碇內街１８８－９號壹樓及夾層,54942,121.7543956,25.0921482,373560.137,2775973.443
全家基隆暖港店,224574786,基隆市暖暖區過港路２５４號,16419,121.7338797,25.1102241,371509.865,2777994.555
瑞芳ＤＣ,,新北市瑞芳區楓子瀨路5巷2號,,121.773384,25.1045732,375487.619,2777331.953
林口ＤＣ,,新北市林口區宏昌街1號,,121.4007,25.084,337877.417,2775446.632
汐止金龍店,,新北市汐止區明峰街190號,,121.6280731,25.0697662,360795.091,2773618.052
新光醫院店,,台北市士林區文昌路95號號地下三層,,121.520158,25.096493,349941.733,2776692.986
松興店,,台北市信義區松山路107號,,121.578009,25.047798,355719.406,2771237.211
新稻江店,,台北市中山區農安街86號,,121.5292675,25.0647275,350822.161,2773164.789
汐止南陽店,,新北市汐止區南陽街185號,,121.6256153,25.058608,360534.606,2772384.79
護校店,,台北市內湖區康寧路三段75巷137號,,121.6095569,25.0754814,358933.83,2774270.102
汐止導航店,,新北市汐止區樟樹二路68號,,121.6401497,25.0619755,362004.602,2772742.92
欣松春店,,台北市信義區松山路281號,,121.578007,25.0431399,355713.782,2770721.319
舊宗店,,台北市內湖區舊宗路一段130號B1停車場,,121.577432,25.0621,355677.851,2772821.801
南港車站店,,台北市南港區忠孝東路七段371號B2,,121.6071877,25.0529839,358669.188,2771780.932
汐止鑫湖店,,新北市汐止區康寧街141巷18號,,121.621505,25.067351,360129.825,2773357.306